symbol,trade_mode,in_market_watch
AUDCAD,FULL,0
AUDCHF,FULL,0
AUDDKK,FULL,0
AUDHKD,FULL,0
AUDHUF,FULL,0
AUDJPY,FULL,0
AUDNOK,FULL,0
AUDNZD,FULL,0
AUDPLN,FULL,0
AUDSEK,FULL,0
AUDSGD,FULL,0
AUDTHB,FULL,0
AUDUSD,FULL,1
AUDZAR,FULL,0
CADCHF,FULL,0
CADDKK,FULL,0
CADJPY,FULL,0
CADMXN,FULL,0
CADNOK,FULL,0
CADPLN,FULL,0
CADSEK,FULL,0
CADSGD,FULL,0
CHFDKK,FULL,0
CHFHUF,FULL,0
CHFJPY,FULL,0
CHFMXN,FULL,0
CHFNOK,FULL,0
CHFPLN,FULL,0
CHFSEK,FULL,0
CHFSGD,FULL,0
CHFTRY,FULL,0
CHFZAR,FULL,0
CNHJPY,FULL,0
DKKJPY,FULL,0
DKKNOK,FULL,0
DKKSEK,FULL,0
EURAUD,FULL,0
EURCAD,FULL,0
EURCHF,FULL,0
EURCNH,FULL,0
EURCZK,FULL,0
EURDKK,FULL,0
EURGBP,FULL,0
EURHKD,FULL,0
EURHUF,FULL,0
EURILS,FULL,0
EURJPY,FULL,0
EURMXN,FULL,0
EURNOK,FULL,0
EURNZD,FULL,0
EURPLN,FULL,0
EURRUB,FULL,0
EURRUR,FULL,0
EURSEK,FULL,0
EURSGD,FULL,0
EURTRY,FULL,0
EURUSD,FULL,1
EURZAR,FULL,0
GBPAUD,FULL,0
GBPCAD,FULL,0
GBPCHF,FULL,0
GBPCZK,FULL,0
GBPDKK,FULL,0
GBPHKD,FULL,0
GBPHUF,FULL,0
GBPJPY,FULL,0
GBPMXN,FULL,0
GBPNOK,FULL,0
GBPNZD,FULL,0
GBPPLN,FULL,0
GBPSEK,FULL,0
GBPSGD,FULL,0
GBPTRY,FULL,0
GBPUSD,FULL,1
GBPZAR,FULL,0
HKDJPY,FULL,0
MXNJPY,FULL,0
NOKDKK,FULL,0
NOKJPY,FULL,0
NOKSEK,FULL,0
NZDCAD,FULL,0
NZDCHF,FULL,0
NZDDKK,FULL,0
NZDHUF,FULL,0
NZDJPY,FULL,0
NZDMXN,FULL,0
NZDNOK,FULL,0
NZDSEK,FULL,0
NZDSGD,FULL,0
NZDUSD,FULL,1
PLNJPY,FULL,0
SEKJPY,FULL,0
SEKNOK,FULL,0
SGDHKD,FULL,0
SGDJPY,FULL,0
TRYJPY,FULL,0
USDARS,FULL,0
USDBRL,FULL,0
USDCAD,FULL,1
USDCHF,FULL,1
USDCLP,FULL,0
USDCNH,FULL,1
USDCOP,FULL,0
USDCRE,FULL,0
USDCZK,FULL,0
USDDKK,FULL,0
USDGEL,FULL,0
USDHKD,FULL,0
USDHUF,FULL,0
USDILS,FULL,0
USDJPY,FULL,1
USDMXN,FULL,0
USDNOK,FULL,0
USDPLN,FULL,0
USDRMB,FULL,0
USDRUB,FULL,0
USDRUR,FULL,0
USDSEK,FULL,1
USDSGD,FULL,0
USDTHB,FULL,0
USDTRY,FULL,0
USDZAR,FULL,0
XAUUSD,FULL,0
XAUEUR,FULL,0
XAUAUD,FULL,0
XAGUSD,FULL,0
XAGEUR,FULL,0
XPDUSD,FULL,0
XPTUSD,FULL,0
AUS200,DISABLED,0
FCHI40,DISABLED,0
GDAXIm,DISABLED,0
HSI50,DISABLED,0
ND100m,DISABLED,0
NI225,DISABLED,0
SP500m,DISABLED,1
SPN35,DISABLED,0
STOX50,DISABLED,0
UK100,DISABLED,0
ZARJPY,FULL,0
AAA,FULL,0
AAAU,FULL,0
AADR,FULL,0
AAPB,FULL,0
AAPD,FULL,0
AAPR,FULL,0
AAPU,FULL,0
AAPX,FULL,0
AAPY,FULL,0
AAXJ,FULL,0
ABCS,FULL,0
ABEQ,FULL,0
ABNY,FULL,0
ACES,FULL,0
ACIO,FULL,0
ACSI,FULL,0
ACTV,FULL,0
ACVF,FULL,0
ACWI,FULL,0
ACWV,FULL,0
ACWX,FULL,0
ADFI,FULL,0
ADIV,FULL,0
ADME,FULL,0
ADPV,FULL,0
ADVE,FULL,0
AEMB,FULL,0
AESR,FULL,0
AETH,FULL,0
AFIF,FULL,0
AFK,FULL,0
AFLG,FULL,0
AFMC,FULL,0
AFSM,FULL,0
AFTY,FULL,0
AGG,FULL,0
AGGH,FULL,0
AGGS,FULL,0
AGGY,FULL,0
AGIH,FULL,0
AGIX,FULL,0
AGMI,FULL,0
AGNG,FULL,0
AGOX,FULL,0
AGQ,FULL,0
AGQI,FULL,0
AGRH,FULL,0
AGZ,FULL,0
AGZD,FULL,0
AHLT,FULL,0
AHOY,FULL,0
AHYB,FULL,0
AIA,FULL,0
AIBD,FULL,0
AIBU,FULL,0
AIEQ,FULL,0
AIFD,FULL,0
AIPI,FULL,0
AIQ,FULL,0
AIRL,FULL,0
AIRR,FULL,0
AIVI,FULL,0
AIVL,FULL,0
AIYY,FULL,0
AJAN,FULL,0
AJUL,FULL,0
ALAI,FULL,0
ALTL,FULL,0
ALTY,FULL,0
ALUM,FULL,0
AMAX,FULL,0
AMDL,FULL,0
AMDS,FULL,0
AMDY,FULL,0
AMID,FULL,0
AMJB,FULL,0
AMLP,FULL,0
AMNA,FULL,0
AMND,FULL,0
AMOM,FULL,0
AMPD,FULL,0
AMZA,FULL,0
AMZD,FULL,0
AMZP,FULL,0
AMZU,FULL,0
AMZY,FULL,0
AMZZ,FULL,0
ANEW,FULL,0
ANGL,FULL,0
AOA,FULL,0
AOHY,FULL,0
AOK,FULL,0
AOM,FULL,0
AOR,FULL,0
AOTG,FULL,0
APCB,FULL,0
APIE,FULL,0
APLY,FULL,0
APMU,FULL,0
APRD,FULL,0
APRH,FULL,0
APRJ,FULL,0
APRP,FULL,0
APRQ,FULL,0
APRT,FULL,0
APRW,FULL,0
APRZ,FULL,0
APUE,FULL,0
AQWA,FULL,0
ARB,FULL,0
ARCM,FULL,0
ARGT,FULL,0
ARKA,FULL,0
ARKB,FULL,0
ARKC,FULL,0
ARKD,FULL,0
ARKF,FULL,0
ARKG,FULL,0
ARKK,FULL,0
ARKQ,FULL,0
ARKW,FULL,0
ARKX,FULL,0
ARKY,FULL,0
ARKZ,FULL,0
ARLU,FULL,0
ARP,FULL,0
ARTY,FULL,0
ARVR,FULL,0
ASEA,FULL,0
ASET,FULL,0
ASHR,FULL,0
ASHS,FULL,0
ASIA,FULL,0
ASMF,FULL,0
ATFV,FULL,0
AUGM,FULL,0
AUGP,FULL,0
AUGT,FULL,0
AUGU,FULL,0
AUGW,FULL,0
AUGZ,FULL,0
AUMI,FULL,0
AUSF,FULL,0
AVDE,FULL,0
AVDS,FULL,0
AVDV,FULL,0
AVEE,FULL,0
AVEM,FULL,0
AVES,FULL,0
AVGE,FULL,0
AVGV,FULL,0
AVGX,FULL,0
AVIE,FULL,0
AVIG,FULL,0
AVIV,FULL,0
AVLC,FULL,0
AVLV,FULL,0
AVMA,FULL,0
AVMC,FULL,0
AVMU,FULL,0
AVMV,FULL,0
AVNM,FULL,0
AVNV,FULL,0
AVRE,FULL,0
AVSC,FULL,0
AVSD,FULL,0
AVSE,FULL,0
AVSF,FULL,0
AVSU,FULL,0
AVUS,FULL,0
AVUV,FULL,0
AVXC,FULL,0
AWAY,FULL,0
AWEG,FULL,0
AZTD,FULL,0
BAB,FULL,0
BABO,FULL,0
BABX,FULL,0
BALI,FULL,0
BALT,FULL,0
BAMA,FULL,0
BAMB,FULL,0
BAMD,FULL,0
BAMG,FULL,0
BAMO,FULL,0
BAMU,FULL,0
BAMV,FULL,0
BAMY,FULL,0
BAPR,FULL,0
BATT,FULL,0
BAUG,FULL,0
BBAG,FULL,0
BBAX,FULL,0
BBBI,FULL,0
BBBL,FULL,0
BBBS,FULL,0
BBC,FULL,0
BBCA,FULL,0
BBCB,FULL,0
BBEM,FULL,0
BBEU,FULL,0
BBH,FULL,0
BBHY,FULL,0
BBIB,FULL,0
BBIN,FULL,0
BBIP,FULL,0
BBJP,FULL,0
BBLB,FULL,0
BBLU,FULL,0
BBMC,FULL,0
BBP,FULL,0
BBRE,FULL,0
BBSA,FULL,0
BBSB,FULL,0
BBSC,FULL,0
BBUS,FULL,0
BCD,FULL,0
BCDF,FULL,0
BCHP,FULL,0
BCI,FULL,0
BCIL,FULL,0
BCIM,FULL,0
BCUS,FULL,0
BDCX,FULL,0
BDEC,FULL,0
BDGS,FULL,0
BDIV,FULL,0
BDRY,FULL,0
BDVG,FULL,0
BEDZ,FULL,0
BEEZ,FULL,0
BELT,FULL,0
BEMB,FULL,0
BERZ,FULL,0
BETE,FULL,0
BETH,FULL,0
BETZ,FULL,0
BFEB,FULL,0
BFIX,FULL,0
BFOR,FULL,0
BGIG,FULL,0
BGLD,FULL,0
BGRN,FULL,0
BGRO,FULL,0
BHYB,FULL,0
BIB,FULL,0
BIBL,FULL,0
BIL,FULL,0
BILD,FULL,0
BILS,FULL,0
BILZ,FULL,0
BINC,FULL,0
BINV,FULL,0
BIS,FULL,0
BITB,FULL,0
BITC,FULL,0
BITI,FULL,0
BITO,FULL,0
BITQ,FULL,0
BITS,FULL,0
BITU,FULL,0
BITX,FULL,0
BIV,FULL,0
BIZD,FULL,0
BJAN,FULL,0
BJK,FULL,0
BJUL,FULL,0
BJUN,FULL,0
BKAG,FULL,0
BKCH,FULL,0
BKCI,FULL,0
BKEM,FULL,0
BKF,FULL,0
BKGI,FULL,0
BKHY,FULL,0
BKIE,FULL,0
BKIV,FULL,0
BKLC,FULL,0
BKLN,FULL,0
BKMC,FULL,0
BKSE,FULL,0
BKUI,FULL,0
BKWO,FULL,0
BLCN,FULL,0
BLCR,FULL,0
BLCV,FULL,0
BLDG,FULL,0
BLES,FULL,0
BLKC,FULL,0
BLLD,FULL,0
BLOK,FULL,0
BLV,FULL,0
BMAR,FULL,0
BMAY,FULL,0
BMDL,FULL,0
BMED,FULL,0
BMVP,FULL,0
BND,FULL,0
BNDC,FULL,0
BNDD,FULL,0
BNDI,FULL,0
BNDW,FULL,0
BNDX,FULL,0
BNE,FULL,0
BNGE,FULL,0
BNO,FULL,0
BNOV,FULL,0
BOAT,FULL,0
BOCT,FULL,0
BOIL,FULL,0
BOND,FULL,0
BOTT,FULL,0
BOTZ,FULL,0
BOUT,FULL,0
BOXX,FULL,0
BPAY,FULL,0
BRAZ,FULL,0
BRF,FULL,0
BRHY,FULL,0
BRLN,FULL,0
BRNY,FULL,0
BRRR,FULL,0
BRTR,FULL,0
BRZU,FULL,0
BSCO,FULL,0
BSCP,FULL,0
BSCQ,FULL,0
BSCR,FULL,0
BSCS,FULL,0
BSCT,FULL,0
BSCU,FULL,0
BSCV,FULL,0
BSCW,FULL,0
BSCX,FULL,0
BSCY,FULL,0
BSEP,FULL,0
BSJO,FULL,0
BSJP,FULL,0
BSJQ,FULL,0
BSJR,FULL,0
BSJS,FULL,0
BSJT,FULL,0
BSJU,FULL,0
BSJV,FULL,0
BSJW,FULL,0
BSMC,FULL,0
BSMO,FULL,0
BSMP,FULL,0
BSMQ,FULL,0
BSMR,FULL,0
BSMS,FULL,0
BSMT,FULL,0
BSMU,FULL,0
BSMV,FULL,0
BSMW,FULL,0
BSR,FULL,0
BSSX,FULL,0
BSTP,FULL,0
BSV,FULL,0
BSVO,FULL,0
BTAL,FULL,0
BTC,FULL,0
BTCL,FULL,0
BTCO,FULL,0
BTCW,FULL,0
BTCZ,FULL,0
BTF,FULL,0
BTFX,FULL,0
BTHM,FULL,0
BTOP,FULL,0
BTR,FULL,0
BTRN,FULL,0
BUCK,FULL,0
BUFB,FULL,0
BUFC,FULL,0
BUFD,FULL,0
BUFF,FULL,0
BUFG,FULL,0
BUFP,FULL,0
BUFQ,FULL,0
BUFR,FULL,0
BUFS,FULL,0
BUFT,FULL,0
BUFZ,FULL,0
BUG,FULL,0
BUL,FULL,0
BULD,FULL,0
BULZ,FULL,0
BUSA,FULL,0
BUXX,FULL,0
BUYW,FULL,0
BUYZ,FULL,0
BUZZ,FULL,0
BWEB,FULL,0
BWET,FULL,0
BWTG,FULL,0
BWX,FULL,0
BWZ,FULL,0
BYLD,FULL,0
BYRE,FULL,0
BZQ,FULL,0
CA,FULL,0
CAAA,FULL,0
CAFG,FULL,0
CALF,FULL,0
CALY,FULL,0
CAML,FULL,0
CAMX,FULL,0
CANC,FULL,0
CANE,FULL,0
CANQ,FULL,0
CAOS,FULL,0
CAPE,FULL,0
CARD,FULL,0
CARK,FULL,0
CARU,FULL,0
CARY,FULL,0
CARZ,FULL,0
CATF,FULL,0
CATH,FULL,0
CBLS,FULL,0
CBON,FULL,0
CBSE,FULL,0
CCEF,FULL,0
CCMG,FULL,0
CCNR,FULL,0
CCOR,FULL,0
CCRV,FULL,0
CCSB,FULL,0
CCSO,FULL,0
CDC,FULL,0
CDEI,FULL,0
CDL,FULL,0
CDX,FULL,0
CEF,FULL,0
CEFA,FULL,0
CEFD,FULL,0
CEFS,FULL,0
CEMB,FULL,0
CETH,FULL,0
CEW,FULL,0
CFA,FULL,0
CFCV,FULL,0
CFO,FULL,0
CGBL,FULL,0
CGCB,FULL,0
CGCP,FULL,0
CGCV,FULL,0
CGDG,FULL,0
CGDV,FULL,0
CGGE,FULL,0
CGGO,FULL,0
CGGR,FULL,0
CGHM,FULL,0
CGIB,FULL,0
CGIC,FULL,0
CGIE,FULL,0
CGMS,FULL,0
CGMU,FULL,0
CGNG,FULL,0
CGRO,FULL,0
CGSD,FULL,0
CGSM,FULL,0
CGUI,FULL,0
CGUS,FULL,0
CGV,FULL,0
CGXU,FULL,0
CHAT,FULL,0
CHAU,FULL,0
CHGX,FULL,0
CHIQ,FULL,0
CHPS,FULL,0
CIBR,FULL,0
CID,FULL,0
CIL,FULL,0
CIZ,FULL,0
CLDL,FULL,0
CLIP,FULL,0
CLIX,FULL,0
CLNR,FULL,0
CLOA,FULL,0
CLOD,FULL,0
CLOI,FULL,0
CLOU,FULL,0
CLOX,FULL,0
CLOZ,FULL,0
CLSE,FULL,0
CLSM,FULL,0
CMBS,FULL,0
CMCI,FULL,0
CMDT,FULL,0
CMDY,FULL,0
CMF,FULL,0
CNBS,FULL,0
CNCR,FULL,0
CNEQ,FULL,0
CNRG,FULL,0
CNXT,FULL,0
CNYA,FULL,0
COAL,FULL,0
COM,FULL,0
COMB,FULL,0
COMT,FULL,0
CONL,FULL,0
CONY,FULL,0
COPJ,FULL,0
COPP,FULL,0
COPX,FULL,0
CORN,FULL,0
CORP,FULL,0
COWG,FULL,0
COWS,FULL,0
COWZ,FULL,0
CPAI,FULL,0
CPER,FULL,0
CPII,FULL,0
CPLS,FULL,0
CPNJ,FULL,0
CPRJ,FULL,0
CPSA,FULL,0
CPSJ,FULL,0
CPSM,FULL,0
CQQQ,FULL,0
CRAK,FULL,0
CRBN,FULL,0
CRDT,FULL,0
CRED,FULL,0
CRIT,FULL,0
CRPT,FULL,0
CRSH,FULL,0
CRTC,FULL,0
CRUZ,FULL,0
CSA,FULL,0
CSB,FULL,0
CSD,FULL,0
CSF,FULL,0
CSHI,FULL,0
CSHP,FULL,0
CSM,FULL,0
CSMD,FULL,0
CTA,FULL,0
CTEC,FULL,0
CTEX,FULL,0
CURE,FULL,0
CUT,FULL,0
CVAR,FULL,0
CVIE,FULL,0
CVLC,FULL,0
CVMC,FULL,0
CVRD,FULL,0
CVRT,FULL,0
CVSB,FULL,0
CVSE,FULL,0
CVY,FULL,0
CWB,FULL,0
CWEB,FULL,0
CWI,FULL,0
CWS,FULL,0
CXSE,FULL,0
CZA,FULL,0
CZAR,FULL,0
DALI,FULL,0
DAPP,FULL,0
DAPR,FULL,0
DARP,FULL,0
DAT,FULL,0
DAUG,FULL,0
DAX,FULL,0
DBA,FULL,0
DBAW,FULL,0
DBB,FULL,0
DBC,FULL,0
DBE,FULL,0
DBEF,FULL,0
DBEH,FULL,0
DBEM,FULL,0
DBEU,FULL,0
DBEZ,FULL,0
DBJP,FULL,0
DBMF,FULL,0
DBND,FULL,0
DBO,FULL,0
DBP,FULL,0
DCAP,FULL,0
DCMT,FULL,0
DCOR,FULL,0
DCRE,FULL,0
DDEC,FULL,0
DDIV,FULL,0
DDLS,FULL,0
DDM,FULL,0
DDWM,FULL,0
DECP,FULL,0
DECT,FULL,0
DECW,FULL,0
DECZ,FULL,0
DEED,FULL,0
DEEF,FULL,0
DEEP,FULL,0
DEFI,FULL,0
DEHP,FULL,0
DEM,FULL,0
DEMZ,FULL,0
DES,FULL,0
DESK,FULL,0
DEUS,FULL,0
DEW,FULL,0
DFAC,FULL,0
DFAE,FULL,0
DFAI,FULL,0
DFAR,FULL,0
DFAS,FULL,0
DFAT,FULL,0
DFAU,FULL,0
DFAW,FULL,0
DFAX,FULL,0
DFCA,FULL,0
DFCF,FULL,0
DFE,FULL,0
DFEB,FULL,0
DFEM,FULL,0
DFEN,FULL,0
DFEV,FULL,0
DFGP,FULL,0
DFGR,FULL,0
DFGX,FULL,0
DFHY,FULL,0
DFIC,FULL,0
DFIP,FULL,0
DFIS,FULL,0
DFIV,FULL,0
DFJ,FULL,0
DFLV,FULL,0
DFND,FULL,0
DFNL,FULL,0
DFNM,FULL,0
DFNV,FULL,0
DFRA,FULL,0
DFSB,FULL,0
DFSD,FULL,0
DFSE,FULL,0
DFSI,FULL,0
DFSU,FULL,0
DFSV,FULL,0
DFUS,FULL,0
DFUV,FULL,0
DFVE,FULL,0
DFVX,FULL,0
DGCB,FULL,0
DGIN,FULL,0
DGRE,FULL,0
DGRO,FULL,0
DGRS,FULL,0
DGRW,FULL,0
DGS,FULL,0
DGT,FULL,0
DHS,FULL,0
DIAL,FULL,0
DIEM,FULL,0
DIG,FULL,0
DIHP,FULL,0
DIM,FULL,0
DINT,FULL,0
DIPS,FULL,0
DISO,FULL,0
DISV,FULL,0
DIV,FULL,0
DIVB,FULL,0
DIVD,FULL,0
DIVG,FULL,0
DIVI,FULL,0
DIVL,FULL,0
DIVO,FULL,0
DIVP,FULL,0
DIVS,FULL,0
DIVY,FULL,0
DIVZ,FULL,0
DJAN,FULL,0
DJCB,FULL,0
DJD,FULL,0
DJIA,FULL,0
DJUL,FULL,0
DJUN,FULL,0
DLN,FULL,0
DLS,FULL,0
DMAR,FULL,0
DMAT,FULL,0
DMAY,FULL,0
DMBS,FULL,0
DMCY,FULL,0
DMDV,FULL,0
DMXF,FULL,0
DNL,FULL,0
DNOV,FULL,0
DOCT,FULL,0
DOG,FULL,0
DOGG,FULL,0
DOL,FULL,0
DON,FULL,0
DPST,FULL,0
DRAI,FULL,0
DRIP,FULL,0
DRIV,FULL,0
DRLL,FULL,0
DRN,FULL,0
DRSK,FULL,0
DRUP,FULL,0
DRV,FULL,0
DSCF,FULL,0
DSEP,FULL,0
DSI,FULL,0
DSMC,FULL,0
DSTL,FULL,0
DSTX,FULL,0
DTCR,FULL,0
DTD,FULL,0
DTEC,FULL,0
DTH,FULL,0
DTRE,FULL,0
DUBS,FULL,0
DUG,FULL,0
DUHP,FULL,0
DUKH,FULL,0
DUKQ,FULL,0
DUKX,FULL,0
DUKZ,FULL,0
DULL,FULL,0
DURA,FULL,0
DUSA,FULL,0
DUSB,FULL,0
DUSL,FULL,0
DUST,FULL,0
DVAL,FULL,0
DVDN,FULL,0
DVLU,FULL,0
DVND,FULL,0
DVOL,FULL,0
DVY,FULL,0
DVYA,FULL,0
DVYE,FULL,0
DWAS,FULL,0
DWAT,FULL,0
DWAW,FULL,0
DWCR,FULL,0
DWLD,FULL,0
DWM,FULL,0
DWMF,FULL,0
DWSH,FULL,0
DWUS,FULL,0
DWX,FULL,0
DXD,FULL,0
DXJ,FULL,0
DXJS,FULL,0
DYFI,FULL,0
DYLD,FULL,0
DYLG,FULL,0
DYNF,FULL,0
DYNI,FULL,0
DYTA,FULL,0
EAFG,FULL,0
EAGG,FULL,0
EAGL,FULL,0
EALT,FULL,0
EAOA,FULL,0
EAOK,FULL,0
EAOM,FULL,0
EAOR,FULL,0
EAPR,FULL,0
EASG,FULL,0
EATV,FULL,0
EATZ,FULL,0
EBIT,FULL,0
EBIZ,FULL,0
EBLU,FULL,0
EBND,FULL,0
EBUF,FULL,0
ECH,FULL,0
ECLN,FULL,0
ECML,FULL,0
ECNS,FULL,0
ECON,FULL,0
ECOW,FULL,0
EDC,FULL,0
EDEN,FULL,0
EDIV,FULL,0
EDOC,FULL,0
EDOG,FULL,0
EDOW,FULL,0
EDV,FULL,0
EDZ,FULL,0
EELV,FULL,0
EEM,FULL,0
EEMA,FULL,0
EEMD,FULL,0
EEMO,FULL,0
EEMS,FULL,0
EEMV,FULL,0
EEMX,FULL,0
EES,FULL,0
EET,FULL,0
EETH,FULL,0
EEV,FULL,0
EFA,FULL,0
EFAA,FULL,0
EFAD,FULL,0
EFAS,FULL,0
EFAV,FULL,0
EFAX,FULL,0
EFG,FULL,0
EFIV,FULL,0
EFIX,FULL,0
EFNL,FULL,0
EFO,FULL,0
EFRA,FULL,0
EFU,FULL,0
EFUT,FULL,0
EFV,FULL,0
EFZ,FULL,0
EGUS,FULL,0
EHLS,FULL,0
EIDO,FULL,0
EINC,FULL,0
EIPI,FULL,0
EIPX,FULL,0
EIRL,FULL,0
EIS,FULL,0
EJAN,FULL,0
EJUL,FULL,0
EKG,FULL,0
ELD,FULL,0
ELQD,FULL,0
EMB,FULL,0
EMBD,FULL,0
EMC,FULL,0
EMCB,FULL,0
EMCC,FULL,0
EMCR,FULL,0
EMDM,FULL,0
EMDV,FULL,0
EMFQ,FULL,0
EMGF,FULL,0
EMHC,FULL,0
EMHY,FULL,0
EMIF,FULL,0
EMLC,FULL,0
EMLP,FULL,0
EMM,FULL,0
EMMF,FULL,0
EMNT,FULL,0
EMOT,FULL,0
EMQQ,FULL,0
EMSF,FULL,0
EMSG,FULL,0
EMTL,FULL,0
EMTY,FULL,0
EMXC,FULL,0
EMXF,FULL,0
ENFR,FULL,0
ENOR,FULL,0
ENTR,FULL,0
ENZL,FULL,0
EOCT,FULL,0
EPHE,FULL,0
EPI,FULL,0
EPOL,FULL,0
EPP,FULL,0
EPRF,FULL,0
EPS,FULL,0
EPU,FULL,0
EPV,FULL,0
EQAL,FULL,0
EQIN,FULL,0
EQL,FULL,0
EQLS,FULL,0
EQRR,FULL,0
EQTY,FULL,0
EQUL,FULL,0
EQWL,FULL,0
ERET,FULL,0
ERNZ,FULL,0
ERTH,FULL,0
ERX,FULL,0
ERY,FULL,0
ESG,FULL,0
ESGA,FULL,0
ESGB,FULL,0
ESGD,FULL,0
ESGE,FULL,0
ESGG,FULL,0
ESGU,FULL,0
ESGV,FULL,0
ESGY,FULL,0
ESIX,FULL,0
ESML,FULL,0
ESMV,FULL,0
ESPO,FULL,0
ESUS,FULL,0
ETEC,FULL,0
ETH,FULL,0
ETHD,FULL,0
ETHE,FULL,0
ETHO,FULL,0
ETHT,FULL,0
ETHU,FULL,0
ETHV,FULL,0
ETHW,FULL,0
EUDG,FULL,0
EUDV,FULL,0
EUFN,FULL,0
EUM,FULL,0
EUO,FULL,0
EURL,FULL,0
EUSA,FULL,0
EUSB,FULL,0
EUSC,FULL,0
EV,FULL,0
EVAV,FULL,0
EVHY,FULL,0
EVIM,FULL,0
EVLN,FULL,0
EVMT,FULL,0
EVNT,FULL,0
EVSB,FULL,0
EVSD,FULL,0
EVSM,FULL,0
EVTR,FULL,0
EVUS,FULL,0
EVX,FULL,0
EWA,FULL,0
EWC,FULL,0
EWD,FULL,0
EWG,FULL,0
EWH,FULL,0
EWJ,FULL,0
EWJV,FULL,0
EWK,FULL,0
EWL,FULL,0
EWM,FULL,0
EWN,FULL,0
EWO,FULL,0
EWP,FULL,0
EWQ,FULL,0
EWS,FULL,0
EWT,FULL,0
EWU,FULL,0
EWUS,FULL,0
EWV,FULL,0
EWW,FULL,0
EWX,FULL,0
EWY,FULL,0
EWZ,FULL,0
EWZS,FULL,0
EXI,FULL,0
EYEG,FULL,0
EYLD,FULL,0
EZA,FULL,0
EZBC,FULL,0
EZET,FULL,0
EZJ,FULL,0
EZM,FULL,0
EZU,FULL,0
FAAR,FULL,0
FAB,FULL,0
FAD,FULL,0
FAIL,FULL,0
FALN,FULL,0
FAN,FULL,0
FAPR,FULL,0
FAS,FULL,0
FAUG,FULL,0
FAZ,FULL,0
FBCG,FULL,0
FBCV,FULL,0
FBL,FULL,0
FBND,FULL,0
FBOT,FULL,0
FBT,FULL,0
FBTC,FULL,0
FBUF,FULL,0
FBY,FULL,0
FBZ,FULL,0
FCA,FULL,0
FCAL,FULL,0
FCEF,FULL,0
FCFY,FULL,0
FCG,FULL,0
FCLD,FULL,0
FCOM,FULL,0
FCOR,FULL,0
FCPI,FULL,0
FCSH,FULL,0
FCTE,FULL,0
FCTR,FULL,0
FCUS,FULL,0
FCVT,FULL,0
FDAT,FULL,0
FDCE,FULL,0
FDCF,FULL,0
FDD,FULL,0
FDEC,FULL,0
FDEM,FULL,0
FDEV,FULL,0
FDFF,FULL,0
FDG,FULL,0
FDGR,FULL,0
FDHT,FULL,0
FDHY,FULL,0
FDIF,FULL,0
FDIG,FULL,0
FDIS,FULL,0
FDIV,FULL,0
FDL,FULL,0
FDLO,FULL,0
FDLS,FULL,0
FDM,FULL,0
FDMO,FULL,0
FDN,FULL,0
FDND,FULL,0
FDNI,FULL,0
FDRR,FULL,0
FDRV,FULL,0
FDT,FULL,0
FDTB,FULL,0
FDTS,FULL,0
FDTX,FULL,0
FDV,FULL,0
FDVL,FULL,0
FDVV,FULL,0
FDWM,FULL,0
FEBP,FULL,0
FEBT,FULL,0
FEBW,FULL,0
FEBZ,FULL,0
FEDL,FULL,0
FEDM,FULL,0
FEIG,FULL,0
FELC,FULL,0
FELG,FULL,0
FELV,FULL,0
FEM,FULL,0
FEMB,FULL,0
FEMS,FULL,0
FENI,FULL,0
FENY,FULL,0
FEP,FULL,0
FEPI,FULL,0
FESM,FULL,0
FETH,FULL,0
FEUS,FULL,0
FEUZ,FULL,0
FEX,FULL,0
FEZ,FULL,0
FFEB,FULL,0
FFIU,FULL,0
FFLC,FULL,0
FFLG,FULL,0
FFLS,FULL,0
FFLV,FULL,0
FFND,FULL,0
FFOG,FULL,0
FFSM,FULL,0
FFTY,FULL,0
FGD,FULL,0
FGDL,FULL,0
FGM,FULL,0
FHEQ,FULL,0
FHLC,FULL,0
FHYS,FULL,0
FIAT,FULL,0
FIAX,FULL,0
FIBR,FULL,0
FICS,FULL,0
FID,FULL,0
FIDI,FULL,0
FIDU,FULL,0
FIG,FULL,0
FIGB,FULL,0
FIIG,FULL,0
FILL,FULL,0
FINE,FULL,0
FINX,FULL,0
FISR,FULL,0
FITE,FULL,0
FIVA,FULL,0
FIW,FULL,0
FIXD,FULL,0
FIXT,FULL,0
FJAN,FULL,0
FJP,FULL,0
FJUL,FULL,0
FJUN,FULL,0
FKU,FULL,0
FLAO,FULL,0
FLAU,FULL,0
FLAX,FULL,0
FLBL,FULL,0
FLBR,FULL,0
FLCA,FULL,0
FLCB,FULL,0
FLCC,FULL,0
FLCG,FULL,0
FLCH,FULL,0
FLCO,FULL,0
FLCV,FULL,0
FLDB,FULL,0
FLDR,FULL,0
FLDZ,FULL,0
FLEE,FULL,0
FLEU,FULL,0
FLGB,FULL,0
FLGR,FULL,0
FLGV,FULL,0
FLHK,FULL,0
FLHY,FULL,0
FLIA,FULL,0
FLIN,FULL,0
FLJH,FULL,0
FLJJ,FULL,0
FLJP,FULL,0
FLKR,FULL,0
FLLA,FULL,0
FLMB,FULL,0
FLMI,FULL,0
FLMX,FULL,0
FLN,FULL,0
FLOT,FULL,0
FLOW,FULL,0
FLQL,FULL,0
FLQM,FULL,0
FLQS,FULL,0
FLRG,FULL,0
FLRN,FULL,0
FLRT,FULL,0
FLSA,FULL,0
FLSP,FULL,0
FLSW,FULL,0
FLTB,FULL,0
FLTR,FULL,0
FLTW,FULL,0
FLUD,FULL,0
FLV,FULL,0
FLXR,FULL,0
FLYD,FULL,0
FLYU,FULL,0
FM,FULL,0
FMAG,FULL,0
FMAR,FULL,0
FMAT,FULL,0
FMAY,FULL,0
FMB,FULL,0
FMCX,FULL,0
FMDE,FULL,0
FMED,FULL,0
FMET,FULL,0
FMF,FULL,0
FMHI,FULL,0
FMNY,FULL,0
FMQQ,FULL,0
FNCL,FULL,0
FNDA,FULL,0
FNDB,FULL,0
FNDC,FULL,0
FNDE,FULL,0
FNDF,FULL,0
FNDX,FULL,0
FNGG,FULL,0
FNGS,FULL,0
FNK,FULL,0
FNOV,FULL,0
FNX,FULL,0
FNY,FULL,0
FOCT,FULL,0
FORH,FULL,0
FOVL,FULL,0
FPA,FULL,0
FPAG,FULL,0
FPE,FULL,0
FPEI,FULL,0
FPFD,FULL,0
FPRO,FULL,0
FPX,FULL,0
FPXE,FULL,0
FPXI,FULL,0
FQAL,FULL,0
FRDM,FULL,0
FREL,FULL,0
FRI,FULL,0
FRNW,FULL,0
FRTY,FULL,0
FSBD,FULL,0
FSCC,FULL,0
FSCS,FULL,0
FSEC,FULL,0
FSEP,FULL,0
FSIG,FULL,0
FSLD,FULL,0
FSMB,FULL,0
FSMD,FULL,0
FSST,FULL,0
FSTA,FULL,0
FSYD,FULL,0
FSZ,FULL,0
FTA,FULL,0
FTAG,FULL,0
FTBD,FULL,0
FTC,FULL,0
FTCB,FULL,0
FTCS,FULL,0
FTDS,FULL,0
FTEC,FULL,0
FTGC,FULL,0
FTGS,FULL,0
FTHF,FULL,0
FTHI,FULL,0
FTIF,FULL,0
FTLS,FULL,0
FTQI,FULL,0
FTRB,FULL,0
FTRI,FULL,0
FTSD,FULL,0
FTSL,FULL,0
FTSM,FULL,0
FTWO,FULL,0
FTXG,FULL,0
FTXH,FULL,0
FTXL,FULL,0
FTXN,FULL,0
FTXO,FULL,0
FTXR,FULL,0
FUMB,FULL,0
FUNL,FULL,0
FUSI,FULL,0
FUTY,FULL,0
FV,FULL,0
FVAL,FULL,0
FVC,FULL,0
FVD,FULL,0
FWD,FULL,0
FXA,FULL,0
FXB,FULL,0
FXC,FULL,0
FXD,FULL,0
FXE,FULL,0
FXED,FULL,0
FXF,FULL,0
FXG,FULL,0
FXH,FULL,0
FXI,FULL,0
FXL,FULL,0
FXN,FULL,0
FXO,FULL,0
FXP,FULL,0
FXR,FULL,0
FXU,FULL,0
FXY,FULL,0
FXZ,FULL,0
FYC,FULL,0
FYEE,FULL,0
FYLD,FULL,0
FYLG,FULL,0
FYT,FULL,0
FYX,FULL,0
GAA,FULL,0
GABF,FULL,0
GAEM,FULL,0
GAL,FULL,0
GAMR,FULL,0
GAPR,FULL,0
GARP,FULL,0
GAST,FULL,0
GAUG,FULL,0
GBF,FULL,0
GBIL,FULL,0
GBLD,FULL,0
GBTC,FULL,0
GBUY,FULL,0
GCAD,FULL,0
GCAL,FULL,0
GCC,FULL,0
GCLN,FULL,0
GCOR,FULL,0
GCOW,FULL,0
GDE,FULL,0
GDEC,FULL,0
GDIV,FULL,0
GDMA,FULL,0
GDMN,FULL,0
GDOC,FULL,0
GDVD,FULL,0
GDX,FULL,0
GDXD,FULL,0
GDXJ,FULL,0
GDXU,FULL,0
GDXY,FULL,0
GEM,FULL,0
GEMD,FULL,0
GENM,FULL,0
GENT,FULL,0
GERM,FULL,0
GFEB,FULL,0
GFGF,FULL,0
GFOF,FULL,0
GGLL,FULL,0
GGLS,FULL,0
GGM,FULL,0
GGME,FULL,0
GGRW,FULL,0
GGUS,FULL,0
GHEE,FULL,0
GHMS,FULL,0
GHTA,FULL,0
GHYB,FULL,0
GHYG,FULL,0
GIAX,FULL,0
GIGB,FULL,0
GII,FULL,0
GINN,FULL,0
GINX,FULL,0
GJAN,FULL,0
GJUL,FULL,0
GJUN,FULL,0
GK,FULL,0
GLD,FULL,0
GLDM,FULL,0
GLIN,FULL,0
GLL,FULL,0
GLOF,FULL,0
GLOV,FULL,0
GLOW,FULL,0
GLRY,FULL,0
GLTR,FULL,0
GMAR,FULL,0
GMAY,FULL,0
GMET,FULL,0
GMF,FULL,0
GMNY,FULL,0
GMOM,FULL,0
GMUB,FULL,0
GMUN,FULL,0
GNMA,FULL,0
GNOM,FULL,0
GNOV,FULL,0
GNR,FULL,0
GOAU,FULL,0
GOCT,FULL,0
GOEX,FULL,0
GOLY,FULL,0
GOOP,FULL,0
GOOX,FULL,0
GOOY,FULL,0
GOVI,FULL,0
GOVT,FULL,0
GOVZ,FULL,0
GPIQ,FULL,0
GPIX,FULL,0
GPOW,FULL,0
GPRF,FULL,0
GQI,FULL,0
GQRE,FULL,0
GREI,FULL,0
GREK,FULL,0
GRID,FULL,0
GRNB,FULL,0
GRPM,FULL,0
GRPZ,FULL,0
GRW,FULL,0
GSC,FULL,0
GSEE,FULL,0
GSEP,FULL,0
GSEU,FULL,0
GSEW,FULL,0
GSFP,FULL,0
GSG,FULL,0
GSIB,FULL,0
GSID,FULL,0
GSIE,FULL,0
GSIG,FULL,0
GSJY,FULL,0
GSLC,FULL,0
GSPY,FULL,0
GSSC,FULL,0
GSST,FULL,0
GSUS,FULL,0
GSY,FULL,0
GTEK,FULL,0
GTIP,FULL,0
GTO,FULL,0
GTR,FULL,0
GUMI,FULL,0
GUNR,FULL,0
GURU,FULL,0
GUSA,FULL,0
GUSH,FULL,0
GVAL,FULL,0
GVI,FULL,0
GVIP,FULL,0
GVLU,FULL,0
GVUS,FULL,0
GWX,FULL,0
GXC,FULL,0
GXG,FULL,0
GXTG,FULL,0
GXUS,FULL,0
GYLD,FULL,0
HACK,FULL,0
HAIL,FULL,0
HAP,FULL,0
HAPI,FULL,0
HAPR,FULL,0
HAPS,FULL,0
HAPY,FULL,0
HARD,FULL,0
HART,FULL,0
HAUS,FULL,0
HAUZ,FULL,0
HAWX,FULL,0
HCMT,FULL,0
HCOM,FULL,0
HCOW,FULL,0
HCRB,FULL,0
HDEF,FULL,0
HDG,FULL,0
HDGE,FULL,0
HDLB,FULL,0
HDMV,FULL,0
HDRO,FULL,0
HDUS,FULL,0
HDV,FULL,0
HEAT,FULL,0
HEDJ,FULL,0
HEEM,FULL,0
HEFA,FULL,0
HEGD,FULL,0
HEJD,FULL,0
HELO,FULL,0
HELX,FULL,0
HEQT,FULL,0
HERD,FULL,0
HERO,FULL,0
HEWJ,FULL,0
HEZU,FULL,0
HF,FULL,0
HFGO,FULL,0
HFND,FULL,0
HFXI,FULL,0
HGER,FULL,0
HIBL,FULL,0
HIBS,FULL,0
HIDE,FULL,0
HIDV,FULL,0
HIGH,FULL,0
HIPS,FULL,0
HISF,FULL,0
HIYS,FULL,0
HJAN,FULL,0
HJUL,FULL,0
HKND,FULL,0
HLAL,FULL,0
HLGE,FULL,0
HMOP,FULL,0
HNDL,FULL,0
HOCT,FULL,0
HODL,FULL,0
HOMZ,FULL,0
HQGO,FULL,0
HRTS,FULL,0
HSCZ,FULL,0
HSMV,FULL,0
HSRT,FULL,0
HSUN,FULL,0
HTAB,FULL,0
HTEC,FULL,0
HTRB,FULL,0
HTUS,FULL,0
HUSV,FULL,0
HYBB,FULL,0
HYBL,FULL,0
HYD,FULL,0
HYDB,FULL,0
HYDR,FULL,0
HYDW,FULL,0
HYEM,FULL,0
HYFI,FULL,0
HYG,FULL,0
HYGH,FULL,0
HYGI,FULL,0
HYGV,FULL,0
HYGW,FULL,0
HYHG,FULL,0
HYIN,FULL,0
HYKE,FULL,0
HYLB,FULL,0
HYLG,FULL,0
HYLS,FULL,0
HYMB,FULL,0
HYMU,FULL,0
HYRM,FULL,0
HYS,FULL,0
HYSA,FULL,0
HYTR,FULL,0
HYUP,FULL,0
HYXF,FULL,0
HYXU,FULL,0
HYZD,FULL,0
IAGG,FULL,0
IAI,FULL,0
IAK,FULL,0
IAPR,FULL,0
IAT,FULL,0
IAU,FULL,0
IAUG,FULL,0
IAUM,FULL,0
IBAT,FULL,0
IBB,FULL,0
IBBQ,FULL,0
IBD,FULL,0
IBDP,FULL,0
IBDQ,FULL,0
IBDR,FULL,0
IBDS,FULL,0
IBDT,FULL,0
IBDU,FULL,0
IBDV,FULL,0
IBDW,FULL,0
IBDX,FULL,0
IBDY,FULL,0
IBDZ,FULL,0
IBGA,FULL,0
IBGK,FULL,0
IBHD,FULL,0
IBHE,FULL,0
IBHF,FULL,0
IBHG,FULL,0
IBHH,FULL,0
IBHI,FULL,0
IBHJ,FULL,0
IBHK,FULL,0
IBIA,FULL,0
IBIB,FULL,0
IBIC,FULL,0
IBID,FULL,0
IBIE,FULL,0
IBIF,FULL,0
IBIG,FULL,0
IBIH,FULL,0
IBII,FULL,0
IBIJ,FULL,0
IBIK,FULL,0
IBIT,FULL,0
IBLC,FULL,0
IBMM,FULL,0
IBMN,FULL,0
IBMO,FULL,0
IBMP,FULL,0
IBMQ,FULL,0
IBMR,FULL,0
IBMS,FULL,0
IBND,FULL,0
IBOT,FULL,0
IBRN,FULL,0
IBTE,FULL,0
IBTF,FULL,0
IBTG,FULL,0
IBTH,FULL,0
IBTI,FULL,0
IBTJ,FULL,0
IBTK,FULL,0
IBTL,FULL,0
IBTM,FULL,0
IBTO,FULL,0
IBTP,FULL,0
IBUF,FULL,0
IBUY,FULL,0
ICAP,FULL,0
ICF,FULL,0
ICLN,FULL,0
ICLO,FULL,0
ICOP,FULL,0
ICOW,FULL,0
ICSH,FULL,0
ICVT,FULL,0
IDAT,FULL,0
IDEC,FULL,0
IDEV,FULL,0
IDGT,FULL,0
IDHQ,FULL,0
IDLV,FULL,0
IDMO,FULL,0
IDNA,FULL,0
IDOG,FULL,0
IDRV,FULL,0
IDU,FULL,0
IDUB,FULL,0
IDV,FULL,0
IDVO,FULL,0
IDX,FULL,0
IEDI,FULL,0
IEF,FULL,0
IEFA,FULL,0
IEI,FULL,0
IEMG,FULL,0
IEO,FULL,0
IETC,FULL,0
IEUR,FULL,0
IEUS,FULL,0
IEV,FULL,0
IEZ,FULL,0
IFEB,FULL,0
IFED,FULL,0
IFGL,FULL,0
IFRA,FULL,0
IFV,FULL,0
IG,FULL,0
IGBH,FULL,0
IGE,FULL,0
IGEB,FULL,0
IGF,FULL,0
IGHG,FULL,0
IGIB,FULL,0
IGLB,FULL,0
IGLD,FULL,0
IGM,FULL,0
IGOV,FULL,0
IGPT,FULL,0
IGRO,FULL,0
IGSB,FULL,0
IGTR,FULL,0
IGV,FULL,0
IHAK,FULL,0
IHDG,FULL,0
IHE,FULL,0
IHF,FULL,0
IHI,FULL,0
IHY,FULL,0
IHYF,FULL,0
IIGD,FULL,0
IJAN,FULL,0
IJH,FULL,0
IJJ,FULL,0
IJK,FULL,0
IJR,FULL,0
IJS,FULL,0
IJT,FULL,0
IJUL,FULL,0
IJUN,FULL,0
ILCB,FULL,0
ILCG,FULL,0
ILCV,FULL,0
ILDR,FULL,0
ILF,FULL,0
ILIT,FULL,0
ILOW,FULL,0
ILTB,FULL,0
IMAR,FULL,0
IMAY,FULL,0
IMCB,FULL,0
IMCG,FULL,0
IMCV,FULL,0
IMFL,FULL,0
IMOM,FULL,0
IMSI,FULL,0
IMTB,FULL,0
IMTM,FULL,0
INAV,FULL,0
INC,FULL,0
INCE,FULL,0
INCM,FULL,0
INCO,FULL,0
INDA,FULL,0
INDE,FULL,0
INDF,FULL,0
INDH,FULL,0
INDL,FULL,0
INDS,FULL,0
INDY,FULL,0
INEQ,FULL,0
INFL,FULL,0
INFR,FULL,0
INKM,FULL,0
INMU,FULL,0
INNO,FULL,0
INOV,FULL,0
INQQ,FULL,0
INRO,FULL,0
INTF,FULL,0
INTL,FULL,0
IOCT,FULL,0
ION,FULL,0
IOO,FULL,0
IOPP,FULL,0
IPAC,FULL,0
IPAY,FULL,0
IPB,FULL,0
IPDP,FULL,0
IPKW,FULL,0
IPO,FULL,0
IPOS,FULL,0
IPPP,FULL,0
IQDE,FULL,0
IQDF,FULL,0
IQDG,FULL,0
IQDY,FULL,0
IQHI,FULL,0
IQIN,FULL,0
IQLT,FULL,0
IQM,FULL,0
IQQQ,FULL,0
IQRA,FULL,0
IQSI,FULL,0
IQSM,FULL,0
IQSU,FULL,0
IRET,FULL,0
IRTR,FULL,0
IRVH,FULL,0
ISCB,FULL,0
ISCF,FULL,0
ISCG,FULL,0
ISCV,FULL,0
ISDB,FULL,0
ISEP,FULL,0
ISHG,FULL,0
ISHP,FULL,0
ISMD,FULL,0
ISPY,FULL,0
ISRA,FULL,0
ISTB,FULL,0
ISVL,FULL,0
ISWN,FULL,0
ITA,FULL,0
ITAN,FULL,0
ITB,FULL,0
ITDA,FULL,0
ITDB,FULL,0
ITDC,FULL,0
ITDD,FULL,0
ITDE,FULL,0
ITDF,FULL,0
ITDG,FULL,0
ITDH,FULL,0
ITDI,FULL,0
ITEQ,FULL,0
ITM,FULL,0
ITOT,FULL,0
IUS,FULL,0
IUSB,FULL,0
IUSG,FULL,0
IUSV,FULL,0
IVAL,FULL,0
IVEG,FULL,0
IVES,FULL,0
IVLU,FULL,0
IVOG,FULL,0
IVOL,FULL,0
IVOO,FULL,0
IVOV,FULL,0
IVRA,FULL,0
IVRS,FULL,0
IVV,FULL,0
IVVB,FULL,0
IVVM,FULL,0
IVVW,FULL,0
IVW,FULL,0
IWB,FULL,0
IWC,FULL,0
IWD,FULL,0
IWDL,FULL,0
IWF,FULL,0
IWFG,FULL,0
IWFL,FULL,0
IWIN,FULL,0
IWL,FULL,0
IWLG,FULL,0
IWM,FULL,0
IWMI,FULL,0
IWML,FULL,0
IWMW,FULL,0
IWMY,FULL,0
IWN,FULL,0
IWO,FULL,0
IWP,FULL,0
IWR,FULL,0
IWS,FULL,0
IWTR,FULL,0
IWV,FULL,0
IWX,FULL,0
IWY,FULL,0
IXC,FULL,0
IXG,FULL,0
IXJ,FULL,0
IXN,FULL,0
IXP,FULL,0
IXUS,FULL,0
IYC,FULL,0
IYE,FULL,0
IYF,FULL,0
IYG,FULL,0
IYH,FULL,0
IYJ,FULL,0
IYK,FULL,0
IYLD,FULL,0
IYM,FULL,0
IYR,FULL,0
IYT,FULL,0
IYW,FULL,0
IYY,FULL,0
IYZ,FULL,0
IZRL,FULL,0
JAAA,FULL,0
JADE,FULL,0
JAJL,FULL,0
JAND,FULL,0
JANH,FULL,0
JANJ,FULL,0
JANP,FULL,0
JANQ,FULL,0
JANT,FULL,0
JANW,FULL,0
JANZ,FULL,0
JAVA,FULL,0
JBBB,FULL,0
JBND,FULL,0
JCHI,FULL,0
JCPB,FULL,0
JCPI,FULL,0
JCTR,FULL,0
JDOC,FULL,0
JDST,FULL,0
JDVI,FULL,0
JEMA,FULL,0
JEMB,FULL,0
JEPI,FULL,0
JEPQ,FULL,0
JEPY,FULL,0
JETD,FULL,0
JETS,FULL,0
JETU,FULL,0
JFWD,FULL,0
JGLO,FULL,0
JGRO,FULL,0
JGRW,FULL,0
JHAC,FULL,0
JHCB,FULL,0
JHDV,FULL,0
JHEM,FULL,0
JHHY,FULL,0
JHID,FULL,0
JHMB,FULL,0
JHMD,FULL,0
JHML,FULL,0
JHMM,FULL,0
JHMU,FULL,0
JHPI,FULL,0
JHSC,FULL,0
JIG,FULL,0
JIRE,FULL,0
JIVE,FULL,0
JLQD,FULL,0
JMBS,FULL,0
JMEE,FULL,0
JMHI,FULL,0
JMOM,FULL,0
JMSI,FULL,0
JMST,FULL,0
JMUB,FULL,0
JNEU,FULL,0
JNK,FULL,0
JNUG,FULL,0
JOET,FULL,0
JOJO,FULL,0
JPAN,FULL,0
JPEF,FULL,0
JPEM,FULL,0
JPIB,FULL,0
JPIE,FULL,0
JPIN,FULL,0
JPLD,FULL,0
JPMB,FULL,0
JPME,FULL,0
JPMO,FULL,0
JPRE,FULL,0
JPSE,FULL,0
JPST,FULL,0
JPSV,FULL,0
JPUS,FULL,0
JPXN,FULL,0
JQUA,FULL,0
JRE,FULL,0
JRNY,FULL,0
JSCP,FULL,0
JSI,FULL,0
JSMD,FULL,0
JSML,FULL,0
JSTC,FULL,0
JTEK,FULL,0
JUCY,FULL,0
JULD,FULL,0
JULH,FULL,0
JULJ,FULL,0
JULM,FULL,0
JULP,FULL,0
JULQ,FULL,0
JULT,FULL,0
JULU,FULL,0
JULW,FULL,0
JULZ,FULL,0
JUNM,FULL,0
JUNP,FULL,0
JUNT,FULL,0
JUNW,FULL,0
JUNZ,FULL,0
JUST,FULL,0
JVAL,FULL,0
JXI,FULL,0
KALL,FULL,0
KAPR,FULL,0
KARS,FULL,0
KAUG,FULL,0
KBA,FULL,0
KBE,FULL,0
KBUF,FULL,0
KBWB,FULL,0
KBWD,FULL,0
KBWP,FULL,0
KBWR,FULL,0
KBWY,FULL,0
KCCA,FULL,0
KCE,FULL,0
KCSH,FULL,0
KDIV,FULL,0
KDRN,FULL,0
KEAT,FULL,0
KEM,FULL,0
KEMQ,FULL,0
KEMX,FULL,0
KEUA,FULL,0
KFVG,FULL,0
KGRN,FULL,0
KHYB,FULL,0
KIE,FULL,0
KJAN,FULL,0
KJUL,FULL,0
KJUN,FULL,0
KLIP,FULL,0
KLMT,FULL,0
KLXY,FULL,0
KMET,FULL,0
KMLM,FULL,0
KNCT,FULL,0
KNG,FULL,0
KNGS,FULL,0
KNGZ,FULL,0
KNO,FULL,0
KNOW,FULL,0
KOCG,FULL,0
KOCT,FULL,0
KOKU,FULL,0
KOLD,FULL,0
KOMP,FULL,0
KONG,FULL,0
KOOL,FULL,0
KORP,FULL,0
KORU,FULL,0
KPOP,FULL,0
KPRO,FULL,0
KQQQ,FULL,0
KRBN,FULL,0
KRE,FULL,0
KRMA,FULL,0
KROP,FULL,0
KRUZ,FULL,0
KSA,FULL,0
KSEA,FULL,0
KSPY,FULL,0
KSTR,FULL,0
KTEC,FULL,0
KURE,FULL,0
KVLE,FULL,0
KWEB,FULL,0
KWT,FULL,0
KXI,FULL,0
LABD,FULL,0
LABU,FULL,0
LALT,FULL,0
LAPR,FULL,0
LBAY,FULL,0
LBO,FULL,0
LCDS,FULL,0
LCF,FULL,0
LCG,FULL,0
LCLG,FULL,0
LCR,FULL,0
LCTD,FULL,0
LCTU,FULL,0
LDEM,FULL,0
LDSF,FULL,0
LDUR,FULL,0
LEAD,FULL,0
LEGR,FULL,0
LEMB,FULL,0
LEXI,FULL,0
LFEQ,FULL,0
LGH,FULL,0
LGHT,FULL,0
LGLV,FULL,0
LGOV,FULL,0
LGRO,FULL,0
LIT,FULL,0
LITP,FULL,0
LJAN,FULL,0
LJUL,FULL,0
LKOR,FULL,0
LLYX,FULL,0
LMBO,FULL,0
LMBS,FULL,0
LNGG,FULL,0
LNGZ,FULL,0
LOCT,FULL,0
LONZ,FULL,0
LOPP,FULL,0
LOUP,FULL,0
LOWV,FULL,0
LQAI,FULL,0
LQD,FULL,0
LQDB,FULL,0
LQDH,FULL,0
LQDI,FULL,0
LQDW,FULL,0
LQIG,FULL,0
LRGC,FULL,0
LRGE,FULL,0
LRGF,FULL,0
LRGG,FULL,0
LRND,FULL,0
LRNZ,FULL,0
LSAF,FULL,0
LSAT,FULL,0
LSEQ,FULL,0
LSGR,FULL,0
LSST,FULL,0
LTL,FULL,0
LTPZ,FULL,0
LUX,FULL,0
LUXX,FULL,0
LVHD,FULL,0
LVHI,FULL,0
LVOL,FULL,0
LYLD,FULL,0
MADE,FULL,0
MAGA,FULL,0
MAGG,FULL,0
MAGQ,FULL,0
MAGS,FULL,0
MAGX,FULL,0
MAKX,FULL,0
MAMB,FULL,0
MAPP,FULL,0
MARB,FULL,0
MARM,FULL,0
MART,FULL,0
MARW,FULL,0
MARZ,FULL,0
MAXI,FULL,0
MAXJ,FULL,0
MAYP,FULL,0
MAYT,FULL,0
MAYU,FULL,0
MAYW,FULL,0
MAYZ,FULL,0
MBB,FULL,0
MBBB,FULL,0
MBCC,FULL,0
MBND,FULL,0
MBNE,FULL,0
MBOX,FULL,0
MBS,FULL,0
MBSD,FULL,0
MBSF,FULL,0
MCDS,FULL,0
MCH,FULL,0
MCHI,FULL,0
MCHS,FULL,0
MCSE,FULL,0
MDCP,FULL,0
MDEV,FULL,0
MDIV,FULL,0
MDLV,FULL,0
MDPL,FULL,0
MDST,FULL,0
MDYG,FULL,0
MDYV,FULL,0
MEAR,FULL,0
MEDI,FULL,0
MEDX,FULL,0
MEM,FULL,0
MEMS,FULL,0
MEMX,FULL,0
METD,FULL,0
METU,FULL,0
METV,FULL,0
MEXX,FULL,0
MFDX,FULL,0
MFEM,FULL,0
MFLX,FULL,0
MFUL,FULL,0
MFUS,FULL,0
MFUT,FULL,0
MGC,FULL,0
MGK,FULL,0
MGMT,FULL,0
MGNR,FULL,0
MGOV,FULL,0
MGRO,FULL,0
MGV,FULL,0
MID,FULL,0
MIDE,FULL,0
MIDU,FULL,0
MIG,FULL,0
MILN,FULL,0
MINN,FULL,0
MINO,FULL,0
MINT,FULL,0
MINV,FULL,0
MISL,FULL,0
MJ,FULL,0
MJUS,FULL,0
MKAM,FULL,0
MKOR,FULL,0
MLN,FULL,0
MLPA,FULL,0
MLPD,FULL,0
MLPR,FULL,0
MLPX,FULL,0
MMCA,FULL,0
MMIN,FULL,0
MMIT,FULL,0
MMLG,FULL,0
MMSC,FULL,0
MMTM,FULL,0
MNA,FULL,0
MNBD,FULL,0
MNTL,FULL,0
MOAT,FULL,0
MODL,FULL,0
MOHR,FULL,0
MOO,FULL,0
MOOD,FULL,0
MORT,FULL,0
MOTE,FULL,0
MOTG,FULL,0
MOTI,FULL,0
MOTO,FULL,0
MPAY,FULL,0
MPRO,FULL,0
MRAD,FULL,0
MRCP,FULL,0
MRGR,FULL,0
MRNY,FULL,0
MRSK,FULL,0
MSFD,FULL,0
MSFL,FULL,0
MSFO,FULL,0
MSFU,FULL,0
MSFX,FULL,0
MSFY,FULL,0
MSMR,FULL,0
MSOS,FULL,0
MSOX,FULL,0
MSSS,FULL,0
MSTB,FULL,0
MSTI,FULL,0
MSTQ,FULL,0
MSTX,FULL,0
MSTY,FULL,0
MSVX,FULL,0
MTBA,FULL,0
MTGP,FULL,0
MTUL,FULL,0
MTUM,FULL,0
MUB,FULL,0
MUNI,FULL,0
MUSI,FULL,0
MUSQ,FULL,0
MUST,FULL,0
MVAL,FULL,0
MVFD,FULL,0
MVFG,FULL,0
MVPA,FULL,0
MVPL,FULL,0
MVPS,FULL,0
MVRL,FULL,0
MVV,FULL,0
MXI,FULL,0
MYLD,FULL,0
MYY,FULL,0
MZZ,FULL,0
NACP,FULL,0
NAIL,FULL,0
NANC,FULL,0
NANR,FULL,0
NAPR,FULL,0
NAUG,FULL,0
NBCC,FULL,0
NBCE,FULL,0
NBCM,FULL,0
NBCR,FULL,0
NBCT,FULL,0
NBDS,FULL,0
NBFC,FULL,0
NBGR,FULL,0
NBOS,FULL,0
NBSD,FULL,0
NBSM,FULL,0
NCPB,FULL,0
NDIA,FULL,0
NDIV,FULL,0
NDOW,FULL,0
NDVG,FULL,0
NEAR,FULL,0
NERD,FULL,0
NETL,FULL,0
NETZ,FULL,0
NEWZ,FULL,0
NFLP,FULL,0
NFLT,FULL,0
NFLY,FULL,0
NFRA,FULL,0
NFTY,FULL,0
NIKL,FULL,0
NITE,FULL,0
NJAN,FULL,0
NJUL,FULL,0
NJUN,FULL,0
NLR,FULL,0
NOBL,FULL,0
NOCT,FULL,0
NORW,FULL,0
NOVP,FULL,0
NOVZ,FULL,0
NPFI,FULL,0
NRES,FULL,0
NRSH,FULL,0
NSCR,FULL,0
NSCS,FULL,0
NSI,FULL,0
NTSE,FULL,0
NTSI,FULL,0
NTSX,FULL,0
NTZG,FULL,0
NUAG,FULL,0
NUBD,FULL,0
NUDM,FULL,0
NUDV,FULL,0
NUEM,FULL,0
NUGO,FULL,0
NUGT,FULL,0
NUHY,FULL,0
NUKZ,FULL,0
NULC,FULL,0
NULG,FULL,0
NULV,FULL,0
NUMG,FULL,0
NUMV,FULL,0
NURE,FULL,0
NUSA,FULL,0
NUSB,FULL,0
NUSC,FULL,0
NUSI,FULL,0
NVBT,FULL,0
NVBW,FULL,0
NVD,FULL,0
NVDD,FULL,0
NVDL,FULL,0
NVDQ,FULL,0
NVDS,FULL,0
NVDU,FULL,0
NVDX,FULL,0
NVDY,FULL,0
NVIR,FULL,0
NWLG,FULL,0
NXTE,FULL,0
NXTG,FULL,0
NXTI,FULL,0
NXTV,FULL,0
NYF,FULL,0
NZAC,FULL,0
NZUS,FULL,0
OACP,FULL,0
OAEM,FULL,0
OAIA,FULL,0
OAIM,FULL,0
OALC,FULL,0
OARK,FULL,0
OASC,FULL,0
OBIL,FULL,0
OBND,FULL,0
OBOR,FULL,0
OCEN,FULL,0
OCFS,FULL,0
OCIO,FULL,0
OCTA,FULL,0
OCTD,FULL,0
OCTH,FULL,0
OCTJ,FULL,0
OCTP,FULL,0
OCTQ,FULL,0
OCTT,FULL,0
OCTW,FULL,0
OCTZ,FULL,0
ODDS,FULL,0
OEF,FULL,0
OEUR,FULL,0
OFOS,FULL,0
OGIG,FULL,0
OGSP,FULL,0
OIH,FULL,0
OILD,FULL,0
OILK,FULL,0
OILT,FULL,0
OILU,FULL,0
OMFL,FULL,0
OMFS,FULL,0
OND,FULL,0
ONEO,FULL,0
ONEQ,FULL,0
ONEV,FULL,0
ONEY,FULL,0
ONLN,FULL,0
ONOF,FULL,0
OOSP,FULL,0
OOTO,FULL,0
OPER,FULL,0
OPTZ,FULL,0
OSCV,FULL,0
OSEA,FULL,0
OUNZ,FULL,0
OUSA,FULL,0
OUSM,FULL,0
OVB,FULL,0
OVF,FULL,0
OVL,FULL,0
OVLH,FULL,0
OVM,FULL,0
OVS,FULL,0
OVT,FULL,0
OWNS,FULL,0
OZEM,FULL,0
PAAA,FULL,0
PAB,FULL,0
PABD,FULL,0
PABU,FULL,0
PALC,FULL,0
PALL,FULL,0
PAMC,FULL,0
PAPI,FULL,0
PAPR,FULL,0
PAUG,FULL,0
PAVE,FULL,0
PAWZ,FULL,0
PBAP,FULL,0
PBAU,FULL,0
PBD,FULL,0
PBDC,FULL,0
PBDE,FULL,0
PBE,FULL,0
PBFB,FULL,0
PBFR,FULL,0
PBJ,FULL,0
PBJA,FULL,0
PBJL,FULL,0
PBJN,FULL,0
PBL,FULL,0
PBMR,FULL,0
PBMY,FULL,0
PBNV,FULL,0
PBOC,FULL,0
PBP,FULL,0
PBSE,FULL,0
PBTP,FULL,0
PBUS,FULL,0
PBW,FULL,0
PCCE,FULL,0
PCEF,FULL,0
PCGG,FULL,0
PCIG,FULL,0
PCRB,FULL,0
PCY,FULL,0
PDBA,FULL,0
PDBC,FULL,0
PDEC,FULL,0
PDN,FULL,0
PDP,FULL,0
PEJ,FULL,0
PEMX,FULL,0
PEX,FULL,0
PEXL,FULL,0
PEY,FULL,0
PEZ,FULL,0
PFEB,FULL,0
PFF,FULL,0
PFFA,FULL,0
PFFD,FULL,0
PFFR,FULL,0
PFFV,FULL,0
PFI,FULL,0
PFIG,FULL,0
PFIX,FULL,0
PFLD,FULL,0
PFM,FULL,0
PFRL,FULL,0
PFUT,FULL,0
PFXF,FULL,0
PGF,FULL,0
PGHY,FULL,0
PGJ,FULL,0
PGRO,FULL,0
PGX,FULL,0
PHB,FULL,0
PHDG,FULL,0
PHEQ,FULL,0
PHO,FULL,0
PHYD,FULL,0
PHYL,FULL,0
PHYS,FULL,0
PICB,FULL,0
PICK,FULL,0
PID,FULL,0
PIE,FULL,0
PIFI,FULL,0
PILL,FULL,0
PIN,FULL,0
PINK,FULL,0
PIO,FULL,0
PIT,FULL,0
A,FULL,0
AA,FULL,0
AACG,FULL,0
AACT,FULL,0
AADI,FULL,0
AAGR,FULL,0
AAL,FULL,0
AAMC,FULL,0
AAME,FULL,0
AAN,FULL,0
AAOI,FULL,0
AAON,FULL,0
AAP,FULL,0
AAPL,FULL,0
AAT,FULL,0
ABAT,FULL,0
ABBV,FULL,0
ABCB,FULL,0
ABCL,FULL,0
ABEO,FULL,0
ABEV,FULL,0
ABG,FULL,0
ABIO,FULL,0
ABL,FULL,0
ABLV,FULL,0
ABM,FULL,0
ABNB,FULL,0
ABOS,FULL,0
ABR,FULL,0
ABR-PD,FULL,0
ABR-PE,FULL,0
ABR-PF,FULL,0
ABSI,FULL,0
ABT,FULL,0
ABTS,FULL,0
ABUS,FULL,0
ABVC,FULL,0
ABVE,FULL,0
ABVX,FULL,0
AC,FULL,0
ACA,FULL,0
ACAB,FULL,0
ACAC,FULL,0
ACAD,FULL,0
ACB,FULL,0
ACCD,FULL,0
ACCO,FULL,0
ACDC,FULL,0
ACEL,FULL,0
ACET,FULL,0
ACGL,FULL,0
ACGLN,FULL,0
ACGLO,FULL,0
ACHC,FULL,0
ACHL,FULL,0
ACHR,FULL,0
ACHV,FULL,0
ACI,FULL,0
ACIC,FULL,0
ACIU,FULL,0
ACIW,FULL,0
ACLS,FULL,0
ACLX,FULL,0
ACM,FULL,0
ACMR,FULL,0
ACN,FULL,0
ACNB,FULL,0
ACNT,FULL,0
ACON,FULL,0
ACP,FULL,0
ACP-PA,FULL,0
ACR,FULL,0
ACR-PC,FULL,0
ACR-PD,FULL,0
ACRE,FULL,0
ACRS,FULL,0
ACRV,FULL,0
ACST,FULL,0
ACT,FULL,0
ACTG,FULL,0
ACTU,FULL,0
ACU,FULL,0
ACV,FULL,0
ACVA,FULL,0
ACXP,FULL,0
ADAG,FULL,0
ADAP,FULL,0
ADBE,FULL,0
ADC,FULL,0
ADC-PA,FULL,0
ADCT,FULL,0
ADD,FULL,0
ADEA,FULL,0
ADGM,FULL,0
ADI,FULL,0
ADIL,FULL,0
ADM,FULL,0
ADMA,FULL,0
ADN,FULL,0
ADNT,FULL,0
ADP,FULL,0
ADPT,FULL,0
ADRT,FULL,0
ADSE,FULL,0
ADSK,FULL,0
ADT,FULL,0
ADTN,FULL,0
ADTX,FULL,0
ADUS,FULL,0
ADV,FULL,0
ADVM,FULL,0
ADX,FULL,0
ADXN,FULL,0
AE,FULL,0
AEAE,FULL,0
AEE,FULL,0
AEF,FULL,0
AEG,FULL,0
AEHL,FULL,0
AEHR,FULL,0
AEI,FULL,0
AEIS,FULL,0
AEM,FULL,0
AEMD,FULL,0
AENT,FULL,0
AEO,FULL,0
AEON,FULL,0
AEP,FULL,0
AER,FULL,0
AERT,FULL,0
AES,FULL,0
AESI,FULL,0
AEVA,FULL,0
AEYE,FULL,0
AFAR,FULL,0
AFB,FULL,0
AFBI,FULL,0
AFCG,FULL,0
AFG,FULL,0
AFJK,FULL,0
AFL,FULL,0
AFMD,FULL,0
AFRI,FULL,0
AFRM,FULL,0
AFYA,FULL,0
AG,FULL,0
AGAE,FULL,0
AGBA,FULL,0
AGCO,FULL,0
AGD,FULL,0
AGEN,FULL,0
AGFY,FULL,0
AGI,FULL,0
AGIO,FULL,0
AGL,FULL,0
AGM,FULL,0
AGM-A,FULL,0
AGM-PD,FULL,0
AGM-PE,FULL,0
AGM-PF,FULL,0
AGM-PG,FULL,0
AGMH,FULL,0
AGNC,FULL,0
AGNCL,FULL,0
AGNCM,FULL,0
AGNCN,FULL,0
AGNCO,FULL,0
AGNCP,FULL,0
AGO,FULL,0
AGR,FULL,0
AGRI,FULL,0
AGRO,FULL,0
AGS,FULL,0
AGX,FULL,0
AGYS,FULL,0
AHCO,FULL,0
AHG,FULL,0
AHH,FULL,0
AHH-PA,FULL,0
AHL-PC,FULL,0
AHL-PD,FULL,0
AHL-PE,FULL,0
AHR,FULL,0
AHT,FULL,0
AHT-PD,FULL,0
AHT-PF,FULL,0
AHT-PG,FULL,0
AHT-PH,FULL,0
AHT-PI,FULL,0
AI,FULL,0
AIEV,FULL,0
AIFF,FULL,0
AIG,FULL,0
AIHS,FULL,0
AILE,FULL,0
AIM,FULL,0
AIMD,FULL,0
AIN,FULL,0
AIO,FULL,0
AIOT,FULL,0
AIP,FULL,0
AIR,FULL,0
AIRE,FULL,0
AIRG,FULL,0
AIRI,FULL,0
AIRJ,FULL,0
AIRS,FULL,0
AIRT,FULL,0
AISP,FULL,0
AIT,FULL,0
AITR,FULL,0
AIU,FULL,0
AIV,FULL,0
AIXI,FULL,0
AIZ,FULL,0
AJG,FULL,0
AJX,FULL,0
AKA,FULL,0
AKAM,FULL,0
AKAN,FULL,0
AKBA,FULL,0
AKO-A,FULL,0
AKO-B,FULL,0
AKR,FULL,0
AKRO,FULL,0
AKTS,FULL,0
AKTX,FULL,0
AKYA,FULL,0
AL,FULL,0
AL-PA,FULL,0
ALAB,FULL,0
ALAR,FULL,0
ALB,FULL,0
ALB-PA,FULL,0
ALBT,FULL,0
ALC,FULL,0
ALCE,FULL,0
ALCO,FULL,0
ALCY,FULL,0
ALDX,FULL,0
ALE,FULL,0
ALEC,FULL,0
ALEX,FULL,0
ALF,FULL,0
ALG,FULL,0
ALGM,FULL,0
ALGN,FULL,0
ALGS,FULL,0
ALGT,FULL,0
ALHC,FULL,0
ALIM,FULL,0
ALIT,FULL,0
ALK,FULL,0
ALKS,FULL,0
ALKT,FULL,0
ALL,FULL,0
ALL-PH,FULL,0
ALL-PI,FULL,0
ALL-PJ,FULL,0
ALLE,FULL,0
ALLG,FULL,0
ALLK,FULL,0
ALLO,FULL,0
ALLR,FULL,0
ALLT,FULL,0
ALLY,FULL,0
ALMS,FULL,0
ALNT,FULL,0
ALNY,FULL,0
ALOT,FULL,0
ALPP,FULL,0
ALRM,FULL,0
ALRN,FULL,0
ALRS,FULL,0
ALSA,FULL,0
ALSN,FULL,0
ALT,FULL,0
ALTG,FULL,0
ALTG-PA,FULL,0
ALTI,FULL,0
ALTM,FULL,0
ALTO,FULL,0
ALTR,FULL,0
ALTS,FULL,0
ALUR,FULL,0
ALV,FULL,0
ALVO,FULL,0
ALVR,FULL,0
ALX,FULL,0
ALXO,FULL,0
ALZN,FULL,0
AM,FULL,0
AMAL,FULL,0
AMAT,FULL,0
AMBA,FULL,0
AMBC,FULL,0
AMBI,FULL,0
AMBO,FULL,0
AMBP,FULL,0
AMC,FULL,0
AMCR,FULL,0
AMCX,FULL,0
AMD,FULL,1
AME,FULL,0
AMED,FULL,0
AMG,FULL,0
AMGN,FULL,0
AMH,FULL,0
AMH-PG,FULL,0
AMH-PH,FULL,0
AMIX,FULL,0
AMK,FULL,0
AMKR,FULL,0
AMLI,FULL,0
AMLX,FULL,0
AMN,FULL,0
AMP,FULL,0
AMPG,FULL,0
AMPH,FULL,0
AMPL,FULL,0
AMPS,FULL,0
AMPX,FULL,0
AMPY,FULL,0
AMR,FULL,0
AMRC,FULL,0
AMRK,FULL,0
AMRN,FULL,0
AMRX,FULL,0
AMS,FULL,0
AMSC,FULL,0
AMSF,FULL,0
AMST,FULL,0
AMSWA,FULL,0
AMT,FULL,0
AMTB,FULL,0
AMTD,FULL,0
AMTX,FULL,0
AMWD,FULL,0
AMWL,FULL,0
AMX,FULL,0
AMZN,FULL,0
AN,FULL,0
ANAB,FULL,0
ANDE,FULL,0
ANEB,FULL,0
ANET,FULL,0
ANF,FULL,0
ANG-PA,FULL,0
ANG-PB,FULL,0
ANGH,FULL,0
ANGI,FULL,0
ANGO,FULL,0
ANIK,FULL,0
ANIP,FULL,0
ANIX,FULL,0
ANL,FULL,0
ANNX,FULL,0
ANRO,FULL,0
ANSC,FULL,0
ANSS,FULL,0
ANTE,FULL,0
ANTX,FULL,0
ANVS,FULL,0
ANY,FULL,0
AOD,FULL,0
AOGO,FULL,0
AOMR,FULL,0
AON,FULL,0
AORT,FULL,0
AOS,FULL,0
AOSL,FULL,0
AOUT,FULL,0
AP,FULL,0
APA,FULL,0
APAM,FULL,0
APCX,FULL,0
APD,FULL,0
APDN,FULL,0
APEI,FULL,0
APG,FULL,0
APGE,FULL,0
APH,FULL,0
API,FULL,0
APLD,FULL,0
APLE,FULL,0
APLM,FULL,0
APLS,FULL,0
APLT,FULL,0
APM,FULL,0
APO,FULL,0
APO-PA,FULL,0
APOG,FULL,0
APP,FULL,0
APPF,FULL,0
APPN,FULL,0
APPS,FULL,0
APRE,FULL,0
APT,FULL,0
APTO,FULL,0
APTV,FULL,0
APVO,FULL,0
APWC,FULL,0
APXI,FULL,0
APYX,FULL,0
AQB,FULL,0
AQMS,FULL,0
AQN,FULL,0
AQST,FULL,0
AQU,FULL,0
AR,FULL,0
ARAY,FULL,0
ARBB,FULL,0
ARBE,FULL,0
ARBK,FULL,0
ARC,FULL,0
ARCB,FULL,0
ARCC,FULL,0
ARCH,FULL,0
ARCO,FULL,0
ARCT,FULL,0
ARDC,FULL,0
ARDT,FULL,0
ARDX,FULL,0
ARE,FULL,0
AREB,FULL,0
AREC,FULL,0
AREN,FULL,0
ARES,FULL,0
ARGO-PA,FULL,0
ARGX,FULL,0
ARHS,FULL,0
ARI,FULL,0
ARIS,FULL,0
ARKO,FULL,0
ARKR,FULL,0
ARL,FULL,0
ARLO,FULL,0
ARM,FULL,0
ARMK,FULL,0
ARMN,FULL,0
ARMP,FULL,0
AROC,FULL,0
AROW,FULL,0
ARQ,FULL,0
ARQQ,FULL,0
ARQT,FULL,0
ARR,FULL,0
ARR-PC,FULL,0
ARRY,FULL,0
ARTL,FULL,0
ARTNA,FULL,0
ARTV,FULL,0
ARTW,FULL,0
ARVN,FULL,0
ARW,FULL,0
ARWR,FULL,0
AS,FULL,0
ASA,FULL,0
ASAI,FULL,0
ASAN,FULL,0
ASB,FULL,0
ASB-PE,FULL,0
ASB-PF,FULL,0
ASC,FULL,0
ASCB,FULL,0
ASG,FULL,0
ASGI,FULL,0
ASGN,FULL,0
ASH,FULL,0
ASIX,FULL,0
ASLE,FULL,0
ASM,FULL,0
ASMB,FULL,0
ASML,FULL,0
ASND,FULL,0
ASNS,FULL,0
ASO,FULL,0
ASPI,FULL,0
ASPN,FULL,0
ASPS,FULL,0
ASR,FULL,0
ASRT,FULL,0
ASRV,FULL,0
ASST,FULL,0
ASTC,FULL,0
ASTE,FULL,0
ASTH,FULL,0
ASTI,FULL,0
ASTL,FULL,0
ASTS,FULL,0
ASUR,FULL,0
ASX,FULL,0
ASXC,FULL,0
ASYS,FULL,0
ATAI,FULL,0
ATAT,FULL,0
ATCH,FULL,0
ATCO-PD,FULL,0
ATCO-PH,FULL,0
ATEC,FULL,0
ATEK,FULL,0
ATEN,FULL,0
ATER,FULL,0
ATEX,FULL,0
ATGE,FULL,0
ATGL,FULL,0
ATH-PA,FULL,0
ATH-PB,FULL,0
ATH-PC,FULL,0
ATH-PD,FULL,0
ATH-PE,FULL,0
ATHA,FULL,0
ATHE,FULL,0
ATHM,FULL,0
ATI,FULL,0
ATIF,FULL,0
ATIP,FULL,0
ATKR,FULL,0
ATLC,FULL,0
ATLCP,FULL,0
ATLO,FULL,0
ATLX,FULL,0
ATMC,FULL,0
ATMU,FULL,0
ATMV,FULL,0
ATNF,FULL,0
ATNI,FULL,0
ATNM,FULL,0
ATO,FULL,0
ATOM,FULL,0
ATOS,FULL,0
ATPC,FULL,0
ATR,FULL,0
ATRA,FULL,0
ATRC,FULL,0
ATRI,FULL,0
ATRO,FULL,0
ATS,FULL,0
ATSG,FULL,0
ATUS,FULL,0
ATXG,FULL,0
ATXI,FULL,0
ATXS,FULL,0
ATYR,FULL,0
AU,FULL,0
AUB,FULL,0
AUB-PA,FULL,0
AUBN,FULL,0
AUDC,FULL,0
AUGX,FULL,0
AUID,FULL,0
AULT,FULL,0
AULT-PD,FULL,0
AUMN,FULL,0
AUNA,FULL,0
AUPH,FULL,0
AUR,FULL,0
AURA,FULL,0
AUST,FULL,0
AUTL,FULL,0
AUUD,FULL,0
AVA,FULL,0
AVAH,FULL,0
AVAL,FULL,0
AVAV,FULL,0
AVB,FULL,0
AVBP,FULL,0
AVD,FULL,0
AVDL,FULL,0
AVDX,FULL,0
AVGO,FULL,0
AVGR,FULL,0
AVIR,FULL,0
AVK,FULL,0
AVNS,FULL,0
AVNT,FULL,0
AVNW,FULL,0
AVO,FULL,0
AVPT,FULL,0
AVT,FULL,0
AVTE,FULL,0
AVTR,FULL,0
AVTX,FULL,0
AVXL,FULL,0
AVY,FULL,0
AWF,FULL,0
AWH,FULL,0
AWI,FULL,0
AWK,FULL,0
AWP,FULL,0
AWR,FULL,0
AWRE,FULL,0
AWX,FULL,0
AX,FULL,0
AXDX,FULL,0
AXGN,FULL,0
AXIL,FULL,0
AXL,FULL,0
AXNX,FULL,0
AXON,FULL,0
AXP,FULL,0
AXR,FULL,0
AXS,FULL,0
AXS-PE,FULL,0
AXSM,FULL,0
AXTA,FULL,0
AXTI,FULL,0
AY,FULL,0
AYI,FULL,0
AYRO,FULL,0
AYTU,FULL,0
AZ,FULL,0
AZEK,FULL,0
AZN,FULL,0
AZO,FULL,0
AZPN,FULL,0
AZTA,FULL,0
AZTR,FULL,0
AZUL,FULL,0
AZZ,FULL,0
B,FULL,0
BA,FULL,0
BABA,FULL,0
BAC,FULL,0
BAC-PB,FULL,0
BAC-PE,FULL,0
BAC-PK,FULL,0
BAC-PL,FULL,0
BAC-PM,FULL,0
BAC-PN,FULL,0
BAC-PO,FULL,0
BAC-PP,FULL,0
BAC-PQ,FULL,0
BAC-PS,FULL,0
BACA,FULL,0
BACK,FULL,0
BAER,FULL,0
BAFN,FULL,0
BAH,FULL,0
BAK,FULL,0
BALL,FULL,0
BALY,FULL,0
BAM,FULL,0
BANC,FULL,0
BANC-PF,FULL,0
BAND,FULL,0
BANF,FULL,0
BANL,FULL,0
BANR,FULL,0
BANX,FULL,0
BAOS,FULL,0
BAP,FULL,0
BAR,FULL,0
BARK,FULL,0
BASE,FULL,0
BATL,FULL,0
BATRA,FULL,0
BATRK,FULL,0
BAX,FULL,0
BAYA,FULL,0
BB,FULL,0
BBAI,FULL,0
BBAR,FULL,0
BBCP,FULL,0
BBD,FULL,0
BBDC,FULL,0
BBDO,FULL,0
BBGI,FULL,0
BBIO,FULL,0
BBLG,FULL,0
BBN,FULL,0
BBSI,FULL,0
BBUC,FULL,0
BBVA,FULL,0
BBW,FULL,0
BBWI,FULL,0
BBY,FULL,0
BC,FULL,0
BCAB,FULL,0
BCAL,FULL,0
BCAN,FULL,0
BCAT,FULL,0
BCBP,FULL,0
BCC,FULL,0
BCDA,FULL,0
BCE,FULL,0
BCG,FULL,0
BCH,FULL,0
BCLI,FULL,0
BCML,FULL,0
BCO,FULL,0
BCOV,FULL,0
BCOW,FULL,0
BCPC,FULL,0
BCRX,FULL,0
BCS,FULL,0
BCSA,FULL,0
BCSF,FULL,0
BCTX,FULL,0
BCV,FULL,0
BCV-PA,FULL,0
BCX,FULL,0
BCYC,FULL,0
BDC,FULL,0
BDJ,FULL,0
BDL,FULL,0
BDN,FULL,0
BDRX,FULL,0
BDSX,FULL,0
BDTX,FULL,0
BDX,FULL,0
BE,FULL,0
BEAM,FULL,0
BEAT,FULL,0
BECN,FULL,0
BEDU,FULL,0
BEEM,FULL,0
BEEP,FULL,0
BEKE,FULL,0
BELFA,FULL,0
BELFB,FULL,0
BEN,FULL,0
BENF,FULL,0
BEP,FULL,0
BEP-PA,FULL,0
BEPC,FULL,0
BERY,FULL,0
BEST,FULL,0
BETR,FULL,0
BF-A,FULL,0
BF-B,FULL,0
BFAC,FULL,0
BFAM,FULL,0
BFC,FULL,0
BFH,FULL,0
BFI,FULL,0
BFIN,FULL,0
BFK,FULL,0
BFLY,FULL,0
BFRG,FULL,0
BFRI,FULL,0
BFS,FULL,0
BFS-PD,FULL,0
BFS-PE,FULL,0
BFST,FULL,0
BFZ,FULL,0
BG,FULL,0
BGB,FULL,0
BGC,FULL,0
BGFV,FULL,0
BGH,FULL,0
BGI,FULL,0
BGLC,FULL,0
BGM,FULL,0
BGNE,FULL,0
BGR,FULL,0
BGS,FULL,0
BGSF,FULL,0
BGT,FULL,0
BGX,FULL,0
BGXX,FULL,0
BGY,FULL,0
BH,FULL,0
BH-A,FULL,0
BHAC,FULL,0
BHAT,FULL,0
BHB,FULL,0
BHC,FULL,0
BHE,FULL,0
BHF,FULL,0
BHFAM,FULL,0
BHFAN,FULL,0
BHFAO,FULL,0
BHFAP,FULL,0
BHIL,FULL,0
BHK,FULL,0
BHLB,FULL,0
BHM,FULL,0
BHP,FULL,0
BHR,FULL,0
BHR-PB,FULL,0
BHR-PD,FULL,0
BHRB,FULL,0
BHV,FULL,0
BHVN,FULL,0
BIAF,FULL,0
BIDU,FULL,0
BIG,FULL,0
BIGC,FULL,0
BIGZ,FULL,0
BIIB,FULL,0
BILI,FULL,0
BILL,FULL,0
BIMI,FULL,0
BIO,FULL,0
BIO-B,FULL,0
BIOR,FULL,0
BIOX,FULL,0
BIP-PA,FULL,0
BIP-PB,FULL,0
BIPC,FULL,0
BIRD,FULL,0
BIRK,FULL,0
BIT,FULL,0
BITF,FULL,0
BIVI,FULL,0
BJ,FULL,0
BJDX,FULL,0
BJRI,FULL,0
BK,FULL,0
BKD,FULL,0
BKE,FULL,0
BKH,FULL,0
BKHA,FULL,0
BKKT,FULL,0
BKN,FULL,0
BKNG,FULL,0
BKR,FULL,0
BKSY,FULL,0
BKT,FULL,0
BKTI,FULL,0
BKU,FULL,0
BKYI,FULL,0
BL,FULL,0
BLAC,FULL,0
BLBD,FULL,0
BLBX,FULL,0
BLCO,FULL,0
BLD,FULL,0
BLDE,FULL,0
BLDP,FULL,0
BLDR,FULL,0
BLE,FULL,0
BLEU,FULL,0
BLFS,FULL,0
BLFY,FULL,0
BLIN,FULL,0
BLK,FULL,0
BLKB,FULL,0
BLMN,FULL,0
BLMZ,FULL,0
BLND,FULL,0
BLNK,FULL,0
BLRX,FULL,0
BLTE,FULL,0
BLUE,FULL,0
BLW,FULL,0
BLX,FULL,0
BLZE,FULL,0
BMA,FULL,0
BMBL,FULL,0
BME,FULL,0
BMEA,FULL,0
BMEZ,FULL,0
BMI,FULL,0
BML-PG,FULL,0
BML-PH,FULL,0
BML-PJ,FULL,0
BML-PL,FULL,0
BMN,FULL,0
BMO,FULL,0
BMR,FULL,0
BMRA,FULL,0
BMRC,FULL,0
BMRN,FULL,0
BMTX,FULL,0
BMY,FULL,0
BN,FULL,0
BNAI,FULL,0
BNED,FULL,0
BNGO,FULL,0
BNIX,FULL,0
BNL,FULL,0
BNOX,FULL,0
BNR,FULL,0
BNRE,FULL,0
BNRE-A,FULL,0
BNRG,FULL,0
BNS,FULL,0
BNTC,FULL,0
BNTX,FULL,0
BNY,FULL,0
BNZI,FULL,0
BOC,FULL,0
BOCN,FULL,0
BODI,FULL,0
BOE,FULL,0
BOF,FULL,0
BOH,FULL,0
BOH-PA,FULL,0
BOH-PB,FULL,0
BOKF,FULL,0
BOLD,FULL,0
BOLT,FULL,0
BON,FULL,0
BOOM,FULL,0
BOOT,FULL,0
BORR,FULL,0
BOSC,FULL,0
BOTJ,FULL,0
BOW,FULL,0
BOWL,FULL,0
BOWN,FULL,0
BOX,FULL,0
BOXL,FULL,0
BP,FULL,0
BPMC,FULL,0
BPOP,FULL,0
BPRN,FULL,0
BPTH,FULL,0
BPYPM,FULL,0
BPYPN,FULL,0
BPYPO,FULL,0
BPYPP,FULL,0
BQ,FULL,0
BR,FULL,0
BRAC,FULL,0
BRAG,FULL,0
BRBR,FULL,0
BRBS,FULL,0
BRC,FULL,0
BRCC,FULL,0
BRDG,FULL,0
BREA,FULL,0
BRFH,FULL,0
BRFS,FULL,0
BRID,FULL,0
BRK-A,FULL,0
BRK-B,FULL,0
BRKH,FULL,0
BRKL,FULL,0
BRKR,FULL,0
BRLS,FULL,0
BRLT,FULL,0
BRN,FULL,0
BRNS,FULL,0
BRO,FULL,0
BROG,FULL,0
BROS,FULL,0
BRSP,FULL,0
BRT,FULL,0
BRTX,FULL,0
BRW,FULL,0
BRX,FULL,0
BRY,FULL,0
BRZE,FULL,0
BSAC,FULL,0
BSBK,FULL,0
BSBR,FULL,0
BSET,FULL,0
BSFC,FULL,0
BSIG,FULL,0
BSL,FULL,0
BSLK,FULL,0
BSRR,FULL,0
BST,FULL,0
BSTZ,FULL,0
BSVN,FULL,0
BSX,FULL,0
BSY,FULL,0
BTA,FULL,0
BTAI,FULL,0
BTBD,FULL,0
BTBT,FULL,0
BTCM,FULL,0
BTCS,FULL,0
BTCT,FULL,0
BTDR,FULL,0
BTE,FULL,0
BTG,FULL,0
BTI,FULL,0
BTM,FULL,0
BTMD,FULL,0
BTO,FULL,0
BTOC,FULL,0
BTOG,FULL,0
BTSG,FULL,0
BTT,FULL,0
BTTR,FULL,0
BTU,FULL,0
BTZ,FULL,0
BUD,FULL,0
BUI,FULL,0
BUJA,FULL,0
BUR,FULL,0
BURL,FULL,0
BURU,FULL,0
BUSE,FULL,0
BV,FULL,0
BVFL,FULL,0
BVN,FULL,0
BVS,FULL,0
BW,FULL,0
BW-PA,FULL,0
BWA,FULL,0
BWAY,FULL,0
BWB,FULL,0
BWBBP,FULL,0
BWEN,FULL,0
BWFG,FULL,0
BWG,FULL,0
BWIN,FULL,0
BWLP,FULL,0
BWMN,FULL,0
BWMX,FULL,0
BWXT,FULL,0
BX,FULL,0
BXC,FULL,0
BXMT,FULL,0
BXMX,FULL,0
BXP,FULL,0
BXSL,FULL,0
BY,FULL,0
BYD,FULL,0
BYFC,FULL,0
BYM,FULL,0
BYND,FULL,0
BYNO,FULL,0
BYON,FULL,0
BYRN,FULL,0
BYSI,FULL,0
BYU,FULL,0
BZ,FULL,0
BZFD,FULL,0
BZH,FULL,0
BZUN,FULL,0
C,FULL,0
CAAP,FULL,0
CAAS,FULL,0
CABA,FULL,0
CABO,FULL,0
CAC,FULL,0
CACC,FULL,0
CACI,FULL,0
CACO,FULL,0
CADE,FULL,0
CADE-PA,FULL,0
CADL,FULL,0
CAE,FULL,0
CAF,FULL,0
CAG,FULL,0
CAH,FULL,0
CAKE,FULL,0
CAL,FULL,0
CALC,FULL,0
CALM,FULL,0
CALT,FULL,0
CALX,FULL,0
CAMT,FULL,0
CAN,FULL,0
CANF,FULL,0
CANG,FULL,0
CAPR,FULL,0
CAPT,FULL,0
CAR,FULL,0
CARA,FULL,0
CARE,FULL,0
CARG,FULL,0
CARM,FULL,0
CARR,FULL,0
CARS,FULL,0
CART,FULL,0
CARV,FULL,0
CASH,FULL,0
CASI,FULL,0
CASS,FULL,0
CASY,FULL,0
CAT,FULL,0
CATO,FULL,0
CATX,FULL,0
CATY,FULL,0
CAVA,FULL,0
CB,FULL,0
CBAN,FULL,0
CBAT,FULL,0
CBFV,FULL,0
CBH,FULL,0
CBL,FULL,0
CBNK,FULL,0
CBOE,FULL,0
CBRE,FULL,0
CBRG,FULL,0
CBRL,FULL,0
CBSH,FULL,0
CBT,FULL,0
CBU,FULL,0
CBUS,FULL,0
CBZ,FULL,0
CC,FULL,0
CCAP,FULL,0
CCB,FULL,0
CCBG,FULL,0
CCCC,FULL,0
CCCS,FULL,0
CCD,FULL,0
CCEC,FULL,0
CCEL,FULL,0
CCEP,FULL,0
CCG,FULL,0
CCI,FULL,0
CCIA,FULL,0
CCIF,FULL,0
CCIX,FULL,0
CCJ,FULL,0
CCK,FULL,0
CCL,FULL,0
CCLD,FULL,0
CCLDO,FULL,0
CCLDP,FULL,0
CCM,FULL,0
CCNE,FULL,0
CCNEP,FULL,0
CCO,FULL,0
CCOI,FULL,0
CCRD,FULL,0
CCRN,FULL,0
CCS,FULL,0
CCSI,FULL,0
CCTG,FULL,0
CCTS,FULL,0
CCU,FULL,0
CDAQ,FULL,0
CDE,FULL,0
CDIO,FULL,0
CDLR,FULL,0
CDLX,FULL,0
CDMO,FULL,0
CDNA,FULL,0
CDNS,FULL,0
CDP,FULL,0
CDR-PB,FULL,0
CDR-PC,FULL,0
CDRE,FULL,0
CDRO,FULL,0
CDT,FULL,0
CDTG,FULL,0
CDTX,FULL,0
CDW,FULL,0
CDXC,FULL,0
CDXS,FULL,0
CDZI,FULL,0
CDZIP,FULL,0
CE,FULL,0
CEAD,FULL,0
CECO,FULL,0
CEE,FULL,0
CEG,FULL,0
CEIX,FULL,0
CELC,FULL,0
CELH,FULL,0
CELU,FULL,0
CELZ,FULL,0
CEM,FULL,0
CENN,FULL,0
CENT,FULL,0
CENTA,FULL,0
CENX,FULL,0
CEP,FULL,0
CEPU,FULL,0
CERO,FULL,0
CERS,FULL,0
CERT,FULL,0
CET,FULL,0
CETX,FULL,0
CETY,FULL,0
CEV,FULL,0
CEVA,FULL,0
CF,FULL,0
CFB,FULL,0
CFBK,FULL,0
CFFI,FULL,0
CFFN,FULL,0
CFFS,FULL,0
CFG,FULL,0
CFG-PE,FULL,0
CFG-PH,FULL,0
CFLT,FULL,0
CFR,FULL,0
CFR-PB,FULL,0
CFSB,FULL,0
CG,FULL,0
CGA,FULL,0
CGAU,FULL,0
CGBD,FULL,0
CGBS,FULL,0
CGC,FULL,0
CGEM,FULL,0
CGEN,FULL,0
CGNT,FULL,0
CGNX,FULL,0
CGO,FULL,0
CGON,FULL,0
CGTX,FULL,0
CHCI,FULL,0
CHCO,FULL,0
CHCT,FULL,0
CHD,FULL,0
CHDN,FULL,0
CHE,FULL,0
CHEB,FULL,0
CHEF,FULL,0
CHEK,FULL,0
CHGG,FULL,0
CHH,FULL,0
CHI,FULL,0
CHK,FULL,0
CHKP,FULL,0
CHMG,FULL,0
CHMI,FULL,0
CHMI-PA,FULL,0
CHMI-PB,FULL,0
CHN,FULL,0
CHNR,FULL,0
CHPT,FULL,0
CHR,FULL,0
CHRD,FULL,0
CHRO,FULL,0
CHRS,FULL,0
CHRW,FULL,0
CHSCL,FULL,0
CHSCM,FULL,0
CHSCN,FULL,0
CHSCO,FULL,0
CHSCP,FULL,0
CHSN,FULL,0
CHT,FULL,0
CHTR,FULL,0
CHUY,FULL,0
CHW,FULL,0
CHWY,FULL,0
CHX,FULL,0
CHY,FULL,0
CI,FULL,0
CIA,FULL,0
CIB,FULL,0
CIEN,FULL,0
CIF,FULL,0
CIFR,FULL,0
CIG,FULL,0
CIG-C,FULL,0
CIGI,FULL,0
CII,FULL,0
CIK,FULL,0
CIM,FULL,0
CIM-PA,FULL,0
CIM-PB,FULL,0
CIM-PC,FULL,0
CIM-PD,FULL,0
CINF,FULL,0
CING,FULL,0
CINT,FULL,0
CIO,FULL,0
CIO-PA,FULL,0
CION,FULL,0
CISO,FULL,0
CISS,FULL,0
CITE,FULL,0
CIVB,FULL,0
CIVI,FULL,0
CIX,FULL,0
CJET,FULL,0
CJJD,FULL,0
CKPT,FULL,0
CKX,FULL,0
CL,FULL,0
CLAR,FULL,0
CLB,FULL,0
CLBK,FULL,0
CLBR,FULL,0
CLBT,FULL,0
CLCO,FULL,0
CLDI,FULL,0
CLDT,FULL,0
CLDT-PA,FULL,0
CLDX,FULL,0
CLEU,FULL,0
CLF,FULL,0
CLFD,FULL,0
CLGN,FULL,0
CLH,FULL,0
CLIR,FULL,0
CLLS,FULL,0
CLM,FULL,0
CLMB,FULL,0
CLMT,FULL,0
CLNE,FULL,0
CLNN,FULL,0
CLOE,FULL,0
CLOV,FULL,0
CLPR,FULL,0
CLPS,FULL,0
CLPT,FULL,0
CLRB,FULL,0
CLRC,FULL,0
CLRO,FULL,0
CLS,FULL,0
CLSD,FULL,0
CLSK,FULL,0
CLST,FULL,0
CLVT,FULL,0
CLW,FULL,0
CLWT,FULL,0
CLX,FULL,0
CM,FULL,0
CMA,FULL,0
CMAX,FULL,0
CMBM,FULL,0
CMBT,FULL,0
CMC,FULL,0
CMCL,FULL,0
CMCM,FULL,0
CMCO,FULL,0
CMCSA,FULL,0
CMCT,FULL,0
CME,FULL,0
CMG,FULL,0
CMI,FULL,0
CMLS,FULL,0
CMMB,FULL,0
CMND,FULL,0
CMP,FULL,0
CMPO,FULL,0
CMPR,FULL,0
CMPS,FULL,0
CMPX,FULL,0
CMRE,FULL,0
CMRE-PB,FULL,0
CMRE-PC,FULL,0
CMRE-PD,FULL,0
CMRX,FULL,0
CMS,FULL,0
CMS-PB,FULL,0
CMS-PC,FULL,0
CMT,FULL,0
CMTG,FULL,0
CMTL,FULL,0
CMU,FULL,0
CNA,FULL,0
CNC,FULL,0
CNDA,FULL,0
CNDT,FULL,0
CNET,FULL,0
CNEY,FULL,0
CNF,FULL,0
CNFR,FULL,0
CNH,FULL,0
CNI,FULL,0
CNK,FULL,0
CNL,FULL,0
CNM,FULL,0
CNMD,FULL,0
CNNE,FULL,0
CNO,FULL,0
CNOB,FULL,0
CNOBP,FULL,0
CNP,FULL,0
CNQ,FULL,0
CNS,FULL,0
CNSL,FULL,0
CNSP,FULL,0
CNTA,FULL,0
CNTB,FULL,0
CNTM,FULL,0
CNTX,FULL,0
CNTY,FULL,0
CNVS,FULL,0
CNX,FULL,0
CNXC,FULL,0
CNXN,FULL,0
COCH,FULL,0
COCO,FULL,0
COCP,FULL,0
CODA,FULL,0
CODI,FULL,0
CODI-PA,FULL,0
CODI-PB,FULL,0
CODI-PC,FULL,0
CODX,FULL,0
COE,FULL,0
COEP,FULL,0
COF,FULL,0
COF-PI,FULL,0
COF-PJ,FULL,0
COF-PK,FULL,0
COF-PL,FULL,0
COF-PN,FULL,0
COFS,FULL,0
COGT,FULL,0
COHN,FULL,0
COHR,FULL,0
COHU,FULL,0
COIN,FULL,0
COKE,FULL,0
COLB,FULL,0
COLD,FULL,0
COLL,FULL,0
COLM,FULL,0
COMM,FULL,0
COMP,FULL,0
CON,FULL,0
COO,FULL,0
COOK,FULL,0
COOP,FULL,0
COOT,FULL,0
COP,FULL,0
COR,FULL,0
CORT,FULL,0
CORZ,FULL,0
COSM,FULL,0
COST,FULL,0
COTY,FULL,0
COUR,FULL,0
COYA,FULL,0
CP,FULL,0
CPA,FULL,0
CPAC,FULL,0
CPAY,FULL,0
CPB,FULL,0
CPBI,FULL,0
CPF,FULL,0
CPHC,FULL,0
CPHI,FULL,0
CPIX,FULL,0
CPK,FULL,0
CPNG,FULL,0
CPOP,FULL,0
CPRI,FULL,0
CPRT,FULL,0
CPRX,FULL,0
CPS,FULL,0
CPSH,FULL,0
CPSS,FULL,0
CPT,FULL,0
CPTN,FULL,0
CPZ,FULL,0
CR,FULL,0
CRAI,FULL,0
CRBG,FULL,0
CRBP,FULL,0
CRBU,FULL,0
CRC,FULL,0
CRCT,FULL,0
CRD-A,FULL,0
CRD-B,FULL,0
CRDF,FULL,0
CRDL,FULL,0
CRDO,FULL,0
CREG,FULL,0
CRESY,FULL,0
CREV,FULL,0
CREX,FULL,0
CRF,FULL,0
CRGO,FULL,0
CRGX,FULL,0
CRGY,FULL,0
CRH,FULL,0
CRI,FULL,0
CRIS,FULL,0
CRK,FULL,0
CRKN,FULL,0
CRL,FULL,0
CRM,FULL,0
CRMD,FULL,0
CRML,FULL,0
CRMT,FULL,0
CRNC,FULL,0
CRNT,FULL,0
CRNX,FULL,0
CRON,FULL,0
CROX,FULL,0
CRS,FULL,0
CRSP,FULL,0
CRSR,FULL,0
CRTO,FULL,0
CRUS,FULL,0
CRVL,FULL,0
CRVO,FULL,0
CRVS,FULL,0
CRWD,FULL,0
CRWS,FULL,0
CSAN,FULL,0
CSBR,FULL,0
CSCI,FULL,0
CSCO,FULL,0
CSGP,FULL,0
CSGS,FULL,0
CSIQ,FULL,0
CSL,FULL,0
CSLM,FULL,0
CSLR,FULL,0
CSPI,FULL,0
CSQ,FULL,0
CSR,FULL,0
CSR-PC,FULL,0
CSTE,FULL,0
CSTL,FULL,0
CSTM,FULL,0
CSV,FULL,0
CSWC,FULL,0
CSWI,FULL,0
CSX,FULL,0
CTA-PA,FULL,0
CTA-PB,FULL,0
CTAS,FULL,0
CTBI,FULL,0
CTCX,FULL,0
CTGO,FULL,0
CTHR,FULL,0
CTKB,FULL,0
CTLP,FULL,0
CTLT,FULL,0
CTM,FULL,0
CTMX,FULL,0
CTNM,FULL,0
CTNT,FULL,0
CTO,FULL,0
CTO-PA,FULL,0
CTOR,FULL,0
CTOS,FULL,0
CTR,FULL,0
CTRA,FULL,0
CTRE,FULL,0
CTRI,FULL,0
CTRM,FULL,0
CTRN,FULL,0
CTS,FULL,0
CTSH,FULL,0
CTSO,FULL,0
CTV,FULL,0
CTVA,FULL,0
CTXR,FULL,0
CUB,FULL,0
CUBA,FULL,0
CUBE,FULL,0
CUBI,FULL,0
CUBI-PE,FULL,0
CUBI-PF,FULL,0
CUE,FULL,0
CUK,FULL,0
CULP,FULL,0
CURI,FULL,0
CURV,FULL,0
CUTR,FULL,0
CUZ,FULL,0
CVAC,FULL,0
CVBF,FULL,0
CVCO,FULL,0
CVE,FULL,0
CVEO,FULL,0
CVGI,FULL,0
CVGW,FULL,0
CVI,FULL,0
CVII,FULL,0
CVIIU,FULL,0
CVIIW,FULL,0
CVKD,FULL,0
CVLG,FULL,0
CVLT,FULL,0
CVM,FULL,0
CVNA,FULL,0
CVR,FULL,0
CVRX,FULL,0
CVS,FULL,0
CVU,FULL,0
CVV,FULL,0
CVX,FULL,0
CW,FULL,0
CWAN,FULL,0
CWBC,FULL,0
CWCO,FULL,0
CWD,FULL,0
CWEN,FULL,0
CWEN-A,FULL,0
CWH,FULL,0
CWK,FULL,0
CWST,FULL,0
CWT,FULL,0
CX,FULL,0
CXAI,FULL,0
CXDO,FULL,0
CXE,FULL,0
CXH,FULL,0
CXM,FULL,0
CXT,FULL,0
CXW,FULL,0
CYBN,FULL,0
CYBR,FULL,0
CYCC,FULL,0
CYCCP,FULL,0
CYCN,FULL,0
CYD,FULL,0
CYH,FULL,0
CYN,FULL,0
CYRX,FULL,0
CYTH,FULL,0
CYTK,FULL,0
CYTO,FULL,0
CZFS,FULL,0
CZNC,FULL,0
CZR,FULL,0
CZWI,FULL,0
D,FULL,0
DAC,FULL,0
DADA,FULL,0
DAIO,FULL,0
DAKT,FULL,0
DAL,FULL,0
DALN,FULL,0
DAN,FULL,0
DAO,FULL,0
DAR,FULL,0
DARE,FULL,0
DASH,FULL,0
DATS,FULL,0
DAVA,FULL,0
DAVE,FULL,0
DAWN,FULL,0
DAY,FULL,0
DB,FULL,0
DBD,FULL,0
DBGI,FULL,0
DBI,FULL,0
DBL,FULL,0
DBRG,FULL,0
DBRG-PH,FULL,0
DBRG-PI,FULL,0
DBRG-PJ,FULL,0
DBVT,FULL,0
DBX,FULL,0
DC,FULL,0
DCBO,FULL,0
DCF,FULL,0
DCGO,FULL,0
DCI,FULL,0
DCO,FULL,0
DCOM,FULL,0
DCOMP,FULL,0
DCTH,FULL,0
DD,FULL,0
DDC,FULL,0
DDD,FULL,0
DDI,FULL,0
DDL,FULL,0
DDOG,FULL,0
DDS,FULL,0
DE,FULL,0
DEA,FULL,0
DEC,FULL,0
DECA,FULL,0
DECK,FULL,0
DEI,FULL,0
DELL,FULL,0
DENN,FULL,0
DEO,FULL,0
DERM,FULL,0
DESP,FULL,0
DFH,FULL,0
DFIN,FULL,0
DFLI,FULL,0
DFP,FULL,0
DFS,FULL,0
DG,FULL,0
DGHI,FULL,0
DGICA,FULL,0
DGICB,FULL,0
DGII,FULL,0
DGLY,FULL,0
DGX,FULL,0
DH,FULL,0
DHAI,FULL,0
DHC,FULL,0
DHF,FULL,0
DHI,FULL,0
DHIL,FULL,0
DHR,FULL,0
DHT,FULL,0
DHX,FULL,0
DHY,FULL,0
DIAX,FULL,0
DIBS,FULL,0
DIN,FULL,0
DINO,FULL,0
DIOD,FULL,0
DIS,FULL,0
DIST,FULL,0
DIT,FULL,0
DJCO,FULL,0
DJT,FULL,0
DK,FULL,0
DKNG,FULL,0
DKS,FULL,0
DLB,FULL,0
DLHC,FULL,0
DLNG-PA,FULL,0
DLNG-PB,FULL,0
DLO,FULL,0
DLPN,FULL,0
DLR,FULL,0
DLR-PJ,FULL,0
DLR-PK,FULL,0
DLR-PL,FULL,0
DLTH,FULL,0
DLTR,FULL,0
DLX,FULL,0
DLY,FULL,0
DM,FULL,0
DMA,FULL,0
DMAC,FULL,0
DMB,FULL,0
DMF,FULL,0
DMO,FULL,0
DMRC,FULL,0
DMYY,FULL,0
DNA,FULL,0
DNB,FULL,0
DNLI,FULL,0
DNMR,FULL,0
DNN,FULL,0
DNOW,FULL,0
DNP,FULL,0
DNTH,FULL,0
DNUT,FULL,0
DO,FULL,0
DOC,FULL,0
DOCN,FULL,0
DOCS,FULL,0
DOCU,FULL,0
DOGZ,FULL,0
DOLE,FULL,0
DOMA,FULL,0
DOMH,FULL,0
DOMO,FULL,0
DOOO,FULL,0
DORM,FULL,0
DOUG,FULL,0
DOV,FULL,0
DOW,FULL,0
DOX,FULL,0
DOYU,FULL,0
DPCS,FULL,0
DPG,FULL,0
DPRO,FULL,0
DPZ,FULL,0
DQ,FULL,0
DRCT,FULL,0
DRD,FULL,0
DRH,FULL,0
DRH-PA,FULL,0
DRI,FULL,0
DRIO,FULL,0
DRMA,FULL,0
DRQ,FULL,0
DRRX,FULL,0
DRS,FULL,0
DRTS,FULL,0
DRUG,FULL,0
DRVN,FULL,0
DSGN,FULL,0
DSGR,FULL,0
DSGX,FULL,0
DSL,FULL,0
DSM,FULL,0
DSP,FULL,0
DSS,FULL,0
DSU,FULL,0
DSWL,FULL,0
DSX,FULL,0
DSX-PB,FULL,0
DSY,FULL,0
DT,FULL,0
DTC,FULL,0
DTCK,FULL,0
DTE,FULL,0
DTF,FULL,0
DTI,FULL,0
DTIL,FULL,0
DTM,FULL,0
DTSS,FULL,0
DTST,FULL,0
DUET,FULL,0
DUK,FULL,0
DUK-PA,FULL,0
DUO,FULL,0
DUOL,FULL,0
DUOT,FULL,0
DV,FULL,0
DVA,FULL,0
DVAX,FULL,0
DVN,FULL,0
DWSN,FULL,0
DX,FULL,0
DX-PC,FULL,0
DXC,FULL,0
DXCM,FULL,0
DXF,FULL,0
DXLG,FULL,0
DXPE,FULL,0
DXR,FULL,0
DXYN,FULL,0
DXYZ,FULL,0
DY,FULL,0
DYAI,FULL,0
DYCQ,FULL,0
DYN,FULL,0
E,FULL,0
EA,FULL,0
EAD,FULL,0
EAF,FULL,0
EARN,FULL,0
EAST,FULL,0
EAT,FULL,0
EB,FULL,0
EBAY,FULL,0
EBC,FULL,0
EBF,FULL,0
EBMT,FULL,0
EBON,FULL,0
EBR,FULL,0
EBR-B,FULL,0
EBS,FULL,0
EBTC,FULL,0
EC,FULL,0
ECAT,FULL,0
ECBK,FULL,0
ECC,FULL,0
ECC-PD,FULL,0
ECCC,FULL,0
ECCF,FULL,0
ECDA,FULL,0
ECF,FULL,0
ECF-PA,FULL,0
ECL,FULL,0
ECO,FULL,0
ECOR,FULL,0
ECPG,FULL,0
ECVT,FULL,0
ECX,FULL,0
ED,FULL,0
EDAP,FULL,0
EDBL,FULL,0
EDD,FULL,0
EDF,FULL,0
EDIT,FULL,0
EDN,FULL,0
EDR,FULL,0
EDRY,FULL,0
EDSA,FULL,0
EDTK,FULL,0
EDU,FULL,0
EDUC,FULL,0
EE,FULL,0
EEA,FULL,0
EEFT,FULL,0
EEIQ,FULL,0
EEX,FULL,0
EFC,FULL,0
EFC-PA,FULL,0
EFC-PB,FULL,0
EFC-PC,FULL,0
EFC-PD,FULL,0
EFC-PE,FULL,0
EFOI,FULL,0
EFR,FULL,0
EFSC,FULL,0
EFSCP,FULL,0
EFSH,FULL,0
EFT,FULL,0
EFX,FULL,0
EFXT,FULL,0
EG,FULL,0
EGAN,FULL,0
EGBN,FULL,0
EGF,FULL,0
EGHT,FULL,0
EGIO,FULL,0
EGO,FULL,0
EGP,FULL,0
EGRX,FULL,0
EGY,FULL,0
EH,FULL,0
EHAB,FULL,0
EHC,FULL,0
EHGO,FULL,0
EHI,FULL,0
EHTH,FULL,0
EIC,FULL,0
EICA,FULL,0
EICB,FULL,0
EICC,FULL,0
EIG,FULL,0
EIM,FULL,0
EIX,FULL,0
EJH,FULL,0
EKSO,FULL,0
EL,FULL,0
ELA,FULL,0
ELAB,FULL,0
ELAN,FULL,0
ELBM,FULL,0
ELDN,FULL,0
ELEV,FULL,0
ELF,FULL,0
ELLO,FULL,0
ELMD,FULL,0
ELME,FULL,0
ELP,FULL,0
ELPC,FULL,0
ELS,FULL,0
ELSE,FULL,0
ELTK,FULL,0
ELTX,FULL,0
ELUT,FULL,0
ELV,FULL,0
ELVA,FULL,0
ELVN,FULL,0
ELWS,FULL,0
ELYM,FULL,0
EM,FULL,0
EMBC,FULL,0
EMCG,FULL,0
EMD,FULL,0
EME,FULL,0
EMF,FULL,0
EMKR,FULL,0
EML,FULL,0
EMN,FULL,0
EMO,FULL,0
EMR,FULL,0
EMX,FULL,0
ENB,FULL,0
ENFN,FULL,0
ENG,FULL,0
ENGN,FULL,0
ENIC,FULL,0
ENLT,FULL,0
ENLV,FULL,0
ENOV,FULL,0
ENPH,FULL,0
ENR,FULL,0
ENS,FULL,0
ENSC,FULL,0
ENSG,FULL,0
ENSV,FULL,0
ENTA,FULL,0
ENTG,FULL,0
ENTO,FULL,0
ENTX,FULL,0
ENV,FULL,0
ENVA,FULL,0
ENVB,FULL,0
ENVX,FULL,0
ENX,FULL,0
ENZ,FULL,0
EOD,FULL,0
EOG,FULL,0
EOI,FULL,0
EOLS,FULL,0
EOS,FULL,0
EOSE,FULL,0
EOT,FULL,0
EP,FULL,0
EPAC,FULL,0
EPAM,FULL,0
EPC,FULL,0
EPIX,FULL,0
EPM,FULL,0
EPOW,FULL,0
EPR,FULL,0
EPR-PC,FULL,0
EPR-PE,FULL,0
EPR-PG,FULL,0
EPRT,FULL,0
EPRX,FULL,0
EPSN,FULL,0
EQ,FULL,0
EQBK,FULL,0
EQC,FULL,0
EQC-PD,FULL,0
EQH,FULL,0
EQH-PA,FULL,0
EQH-PC,FULL,0
EQIX,FULL,0
EQNR,FULL,0
EQR,FULL,0
EQS,FULL,0
EQT,FULL,0
EQX,FULL,0
ERAS,FULL,0
ERC,FULL,0
ERH,FULL,0
ERIC,FULL,0
ERIE,FULL,0
ERII,FULL,0
ERJ,FULL,0
ERNA,FULL,0
ERO,FULL,0
ES,FULL,0
ESAB,FULL,0
ESCA,FULL,0
ESE,FULL,0
ESEA,FULL,0
ESGL,FULL,0
ESGR,FULL,0
ESGRO,FULL,0
ESGRP,FULL,0
ESHA,FULL,0
ESI,FULL,0
ESLA,FULL,0
ESLT,FULL,0
ESNT,FULL,0
ESOA,FULL,0
ESP,FULL,0
ESPR,FULL,0
ESQ,FULL,0
ESRT,FULL,0
ESS,FULL,0
ESSA,FULL,0
ESTA,FULL,0
ESTC,FULL,0
ET-PI,FULL,0
ETB,FULL,0
ETD,FULL,0
ETG,FULL,0
ETI-P,FULL,0
ETJ,FULL,0
ETN,FULL,0
ETNB,FULL,0
ETO,FULL,0
ETON,FULL,0
ETR,FULL,0
ETSY,FULL,0
ETV,FULL,0
ETW,FULL,0
ETWO,FULL,0
ETX,FULL,0
ETY,FULL,0
EU,FULL,0
EUDA,FULL,0
EVA,FULL,0
EVAX,FULL,0
EVBN,FULL,0
EVC,FULL,0
EVCM,FULL,0
EVE,FULL,0
EVER,FULL,0
EVEX,FULL,0
EVF,FULL,0
EVG,FULL,0
EVGN,FULL,0
EVGO,FULL,0
EVGR,FULL,0
EVH,FULL,0
EVI,FULL,0
EVLV,FULL,0
EVM,FULL,0
EVN,FULL,0
EVO,FULL,0
EVOK,FULL,0
EVR,FULL,0
EVRG,FULL,0
EVRI,FULL,0
EVT,FULL,0
EVTC,FULL,0
EVTL,FULL,0
EVTV,FULL,0
EVV,FULL,0
EW,FULL,0
EWBC,FULL,0
EWCZ,FULL,0
EWTX,FULL,0
EXAI,FULL,0
EXAS,FULL,0
EXC,FULL,0
EXEL,FULL,0
EXFY,FULL,0
EXG,FULL,0
EXK,FULL,0
EXLS,FULL,0
EXP,FULL,0
EXPD,FULL,0
EXPE,FULL,0
EXPI,FULL,0
EXPO,FULL,0
EXR,FULL,0
EXTO,FULL,0
EXTR,FULL,0
EYE,FULL,0
EYEN,FULL,0
EYPT,FULL,0
EZFL,FULL,0
EZGO,FULL,0
EZPW,FULL,0
F,FULL,0
FA,FULL,0
FAAS,FULL,0
FAF,FULL,0
FAM,FULL,0
FAMI,FULL,0
FANG,FULL,0
FANH,FULL,0
FARM,FULL,0
FARO,FULL,0
FAST,FULL,0
FAT,FULL,0
FATBB,FULL,0
FATBP,FULL,0
FATE,FULL,0
FAX,FULL,0
FBIN,FULL,0
FBIO,FULL,0
FBIOP,FULL,0
FBIZ,FULL,0
FBK,FULL,0
FBLG,FULL,0
FBMS,FULL,0
FBNC,FULL,0
FBP,FULL,0
FBRT,FULL,0
FBRT-PE,FULL,0
FBRX,FULL,0
FBYD,FULL,0
FC,FULL,0
FCAP,FULL,0
FCBC,FULL,0
FCCO,FULL,0
FCEL,FULL,0
FCF,FULL,0
FCFS,FULL,0
FCN,FULL,0
FCNCA,FULL,0
FCNCO,FULL,0
FCNCP,FULL,0
FCO,FULL,0
FCPT,FULL,0
FCT,FULL,0
FCUV,FULL,0
FCX,FULL,0
FDBC,FULL,0
FDMT,FULL,0
FDP,FULL,0
FDS,FULL,0
FDSB,FULL,0
FDUS,FULL,0
FDX,FULL,0
FE,FULL,0
FEAM,FULL,0
FEBO,FULL,0
FEDU,FULL,0
FEIM,FULL,0
FELE,FULL,0
FEMY,FULL,0
FENC,FULL,0
FENG,FULL,0
FER,FULL,0
FERG,FULL,0
FET,FULL,0
FEXD,FULL,0
FEXDR,FULL,0
FEXDU,FULL,0
FEXDW,FULL,0
FF,FULL,0
FFA,FULL,0
FFBC,FULL,0
FFC,FULL,0
FFIC,FULL,0
FFIE,FULL,0
FFIN,FULL,0
FFIV,FULL,0
FFNW,FULL,0
FFWM,FULL,0
FG,FULL,0
FGB,FULL,0
FGBI,FULL,0
FGBIP,FULL,0
FGEN,FULL,0
FGF,FULL,0
FGFPP,FULL,0
FGI,FULL,0
FHB,FULL,0
FHI,FULL,0
FHN,FULL,0
FHN-PB,FULL,0
FHN-PC,FULL,0
FHN-PE,FULL,0
FHN-PF,FULL,0
FHTX,FULL,0
FI,FULL,0
FIAC,FULL,0
FIBK,FULL,0
FICO,FULL,0
FIGS,FULL,0
FIHL,FULL,0
FINS,FULL,0
FINV,FULL,0
FINW,FULL,0
FIP,FULL,0
FIS,FULL,0
FISI,FULL,0
FITB,FULL,0
FITBI,FULL,0
FITBO,FULL,0
FITBP,FULL,0
FIVE,FULL,0
FIVN,FULL,0
FIX,FULL,0
FIZZ,FULL,0
FKWL,FULL,0
FL,FULL,0
FLC,FULL,0
FLD,FULL,0
FLEX,FULL,0
FLGC,FULL,0
FLGT,FULL,0
FLIC,FULL,0
FLL,FULL,0
FLNC,FULL,0
FLNG,FULL,0
FLNT,FULL,0
FLO,FULL,0
FLR,FULL,0
FLS,FULL,0
FLUT,FULL,0
FLUX,FULL,0
FLWS,FULL,0
FLXS,FULL,0
FLYE,FULL,0
FLYW,FULL,0
FLYX,FULL,0
FMAO,FULL,0
FMBH,FULL,0
FMC,FULL,0
FMN,FULL,0
FMNB,FULL,0
FMS,FULL,0
FMST,FULL,0
FMX,FULL,0
FMY,FULL,0
FN,FULL,0
FNA,FULL,0
FNB,FULL,0
FND,FULL,0
FNF,FULL,0
FNGR,FULL,0
FNKO,FULL,0
FNLC,FULL,0
FNV,FULL,0
FNVT,FULL,0
FNWB,FULL,0
FNWD,FULL,0
FOA,FULL,0
FOF,FULL,0
FOLD,FULL,0
FONR,FULL,0
FOR,FULL,0
FORA,FULL,0
FORD,FULL,0
FORL,FULL,0
FORM,FULL,0
FORR,FULL,0
FORTY,FULL,0
FOSL,FULL,0
FOUR,FULL,0
FOX,FULL,0
FOXA,FULL,0
FOXF,FULL,0
FOXO,FULL,0
FPAY,FULL,0
FPF,FULL,0
FPH,FULL,0
FPI,FULL,0
FR,FULL,0
FRA,FULL,0
FRAF,FULL,0
FRBA,FULL,0
FRD,FULL,0
FRES,FULL,0
FREY,FULL,0
FRGE,FULL,0
FRGT,FULL,0
FRHC,FULL,0
FRLA,FULL,0
FRME,FULL,0
FRMEP,FULL,0
FRO,FULL,0
FROG,FULL,0
FRPH,FULL,0
FRPT,FULL,0
FRSH,FULL,0
FRST,FULL,0
FRSX,FULL,0
FRT,FULL,0
FRT-PC,FULL,0
FRZA,FULL,0
FSBC,FULL,0
FSBW,FULL,0
FSCO,FULL,0
FSEA,FULL,0
FSFG,FULL,0
FSHP,FULL,0
FSI,FULL,0
FSK,FULL,0
FSLR,FULL,0
FSLY,FULL,0
FSM,FULL,0
FSP,FULL,0
FSS,FULL,0
FSTR,FULL,0
FSUN,FULL,0
FSV,FULL,0
FT,FULL,0
FTAI,FULL,0
FTAIM,FULL,0
FTAIN,FULL,0
FTAIO,FULL,0
FTAIP,FULL,0
FTCI,FULL,0
FTDR,FULL,0
FTEK,FULL,0
FTEL,FULL,0
FTF,FULL,0
FTFT,FULL,0
FTHM,FULL,0
FTHY,FULL,0
FTI,FULL,0
FTII,FULL,0
FTK,FULL,0
FTLF,FULL,0
FTNT,FULL,0
FTRE,FULL,0
FTS,FULL,0
FTV,FULL,0
FUBO,FULL,0
FUFU,FULL,0
FUL,FULL,0
FULC,FULL,0
FULT,FULL,0
FULTP,FULL,0
FUN,FULL,0
FUNC,FULL,0
FUND,FULL,0
FURY,FULL,0
FUSB,FULL,0
FUTU,FULL,0
FVCB,FULL,0
FVRR,FULL,0
FWONA,FULL,0
FWONK,FULL,0
FWRD,FULL,0
FWRG,FULL,0
FXNC,FULL,0
FYBR,FULL,0
G,FULL,0
GAB,FULL,0
GAB-PG,FULL,0
GAB-PH,FULL,0
GAB-PK,FULL,0
GABC,FULL,0
GAIA,FULL,0
GAIN,FULL,0
GALT,FULL,0
GAM,FULL,0
GAM-PB,FULL,0
GAMB,FULL,0
GAME,FULL,0
GAN,FULL,0
GANX,FULL,0
GAP,FULL,0
GAQ,FULL,0
GASS,FULL,0
GATE,FULL,0
GATO,FULL,0
GATX,FULL,0
GAU,FULL,0
GAUZ,FULL,0
GB,FULL,0
GBAB,FULL,0
GBBK,FULL,0
GBCI,FULL,0
GBDC,FULL,0
GBIO,FULL,0
GBLI,FULL,0
GBNY,FULL,0
GBR,FULL,0
GBTG,FULL,0
GBX,FULL,0
GCBC,FULL,0
GCI,FULL,0
GCMG,FULL,0
GCO,FULL,0
GCT,FULL,0
GCTK,FULL,0
GCTS,FULL,0
GCV,FULL,0
GD,FULL,0
GDC,FULL,0
GDDY,FULL,0
GDEN,FULL,0
GDEV,FULL,0
GDHG,FULL,0
GDL,FULL,0
GDL-PC,FULL,0
GDO,FULL,0
GDOT,FULL,0
GDRX,FULL,0
GDS,FULL,0
GDST,FULL,0
GDTC,FULL,0
GDV,FULL,0
GDV-PH,FULL,0
GDV-PK,FULL,0
GDYN,FULL,0
GE,FULL,0
GECC,FULL,0
GEF,FULL,0
GEF-B,FULL,0
GEG,FULL,0
GEHC,FULL,0
GEN,FULL,0
GENC,FULL,0
GENE,FULL,0
GENI,FULL,0
GENK,FULL,0
GEO,FULL,0
GEOS,FULL,0
GERN,FULL,0
GES,FULL,0
GETY,FULL,0
GEV,FULL,0
GEVO,FULL,0
GF,FULL,0
GFAI,FULL,0
GFF,FULL,0
GFI,FULL,0
GFL,FULL,0
GFR,FULL,0
GFS,FULL,0
GGAL,FULL,0
GGB,FULL,0
GGG,FULL,0
GGN,FULL,0
GGN-PB,FULL,0
GGR,FULL,0
GGT,FULL,0
GGT-PE,FULL,0
GGT-PG,FULL,0
GGZ,FULL,0
GH,FULL,0
GHC,FULL,0
GHG,FULL,0
GHIX,FULL,0
GHLD,FULL,0
GHM,FULL,0
GHRS,FULL,0
GHSI,FULL,0
GHY,FULL,0
GIB,FULL,0
GIC,FULL,0
GIFI,FULL,0
GIGM,FULL,0
GIII,FULL,0
GIL,FULL,0
GILD,FULL,0
GILT,FULL,0
GIPR,FULL,0
GIS,FULL,0
GKOS,FULL,0
GL,FULL,0
GLAC,FULL,0
GLAD,FULL,0
GLBE,FULL,0
GLBS,FULL,0
GLBZ,FULL,0
GLDD,FULL,0
GLDG,FULL,0
GLLI,FULL,0
GLMD,FULL,0
GLNG,FULL,0
GLO,FULL,0
GLOB,FULL,0
GLOP-PA,FULL,0
GLOP-PB,FULL,0
GLOP-PC,FULL,0
GLP-PB,FULL,0
GLPG,FULL,0
GLPI,FULL,0
GLQ,FULL,0
GLRE,FULL,0
GLSI,FULL,0
GLST,FULL,0
GLT,FULL,0
GLTO,FULL,0
GLU,FULL,0
GLU-PA,FULL,0
GLU-PB,FULL,0
GLUE,FULL,0
GLV,FULL,0
GLW,FULL,0
GLYC,FULL,0
GM,FULL,0
GMAB,FULL,0
GME,FULL,0
GMED,FULL,0
GMGI,FULL,0
GMM,FULL,0
GMRE,FULL,0
GMRE-PA,FULL,0
GMS,FULL,0
GNE,FULL,0
GNFT,FULL,0
GNK,FULL,0
GNL,FULL,0
GNL-PA,FULL,0
GNL-PB,FULL,0
GNL-PD,FULL,0
GNL-PE,FULL,0
GNLN,FULL,0
GNLX,FULL,0
GNPX,FULL,0
GNRC,FULL,0
GNS,FULL,0
GNSS,FULL,0
GNT,FULL,0
GNT-PA,FULL,0
GNTA,FULL,0
GNTX,FULL,0
GNTY,FULL,0
GNW,FULL,0
GO,FULL,0
GOCO,FULL,0
GODN,FULL,0
GOEV,FULL,0
GOF,FULL,0
GOGL,FULL,0
GOGO,FULL,0
GOLD,FULL,0
GOLF,FULL,0
GOOD,FULL,0
GOODN,FULL,0
GOODO,FULL,0
GOOG,FULL,0
GOOGL,FULL,0
GOOS,FULL,0
GORO,FULL,0
GORV,FULL,0
GOSS,FULL,0
GOTU,FULL,0
GOVX,FULL,0
GP,FULL,0
GPAT,FULL,0
GPC,FULL,0
GPCR,FULL,0
GPI,FULL,0
GPK,FULL,0
GPMT,FULL,0
GPMT-PA,FULL,0
GPN,FULL,0
GPOR,FULL,0
GPRE,FULL,0
GPRK,FULL,0
GPRO,FULL,0
GPS,FULL,0
GRAB,FULL,0
GRAF,FULL,0
GRAL,FULL,0
GRBK,FULL,0
GRBK-PA,FULL,0
GRC,FULL,0
GRDI,FULL,0
GREE,FULL,0
GRF,FULL,0
GRFS,FULL,0
GRFX,FULL,0
GRI,FULL,0
GRMN,FULL,0
GRND,FULL,0
GRNQ,FULL,0
GRNT,FULL,0
GROV,FULL,0
GROW,FULL,0
GROY,FULL,0
GRPN,FULL,0
GRRR,FULL,0
GRTS,FULL,0
GRVY,FULL,0
GRWG,FULL,0
GRX,FULL,0
GRYP,FULL,0
GS,FULL,0
GS-PA,FULL,0
GS-PC,FULL,0
GS-PD,FULL,0
GSAT,FULL,0
GSBC,FULL,0
GSBD,FULL,0
GSHD,FULL,0
GSIT,FULL,0
GSIW,FULL,0
GSK,FULL,0
GSL,FULL,0
GSL-PB,FULL,0
GSM,FULL,0
GSUN,FULL,0
GT,FULL,0
GTAC,FULL,0
GTBP,FULL,0
GTE,FULL,0
GTEC,FULL,0
GTES,FULL,0
GTHX,FULL,0
GTI,FULL,0
GTIM,FULL,0
GTLB,FULL,0
GTLS,FULL,0
GTLS-PB,FULL,0
GTN,FULL,0
GTN-A,FULL,0
GTX,FULL,0
GTY,FULL,0
GUG,FULL,0
GURE,FULL,0
GUT,FULL,0
GUT-PC,FULL,0
GUTS,FULL,0
GV,FULL,0
GVA,FULL,0
GVH,FULL,0
GVP,FULL,0
GWAV,FULL,0
GWH,FULL,0
GWRE,FULL,0
GWRS,FULL,0
GWW,FULL,0
GXAI,FULL,0
GXO,FULL,0
GYRE,FULL,0
GYRO,FULL,0
H,FULL,0
HA,FULL,0
HAE,FULL,0
HAFC,FULL,0
HAFN,FULL,0
HAIA,FULL,0
HAIN,FULL,0
HAL,FULL,0
HALO,FULL,0
HAO,FULL,0
HAS,FULL,0
HASI,FULL,0
HAYN,FULL,0
HAYW,FULL,0
HBAN,FULL,0
HBANL,FULL,0
HBANM,FULL,0
HBANP,FULL,0
HBB,FULL,0
HBCP,FULL,0
HBI,FULL,0
HBIO,FULL,0
HBM,FULL,0
HBNC,FULL,0
HBT,FULL,0
HCA,FULL,0
HCAT,FULL,0
HCC,FULL,0
HCI,FULL,0
HCKT,FULL,0
HCM,FULL,0
HCP,FULL,0
HCSG,FULL,0
HCTI,FULL,0
HCVI,FULL,0
HCWB,FULL,0
HD,FULL,0
HDB,FULL,0
HDL,FULL,0
HDSN,FULL,0
HE,FULL,0
HEAR,FULL,0
HEES,FULL,0
HEI,FULL,0
HEI-A,FULL,0
HELE,FULL,0
HEPA,FULL,0
HEPS,FULL,0
HEQ,FULL,0
HES,FULL,0
HESM,FULL,0
HFBL,FULL,0
HFFG,FULL,0
HFRO,FULL,0
HFRO-PA,FULL,0
HFWA,FULL,0
HG,FULL,0
HGBL,FULL,0
HGLB,FULL,0
HGTY,FULL,0
HGV,FULL,0
HHGC,FULL,0
HHH,FULL,0
HHS,FULL,0
HI,FULL,0
HIE,FULL,0
HIFS,FULL,0
HIG,FULL,0
HIG-PG,FULL,0
HIHO,FULL,0
HII,FULL,0
HIMS,FULL,0
HIMX,FULL,0
HIO,FULL,0
HIPO,FULL,0
HITI,FULL,0
HIVE,FULL,0
HIW,FULL,0
HIX,FULL,0
HKD,FULL,0
HKIT,FULL,0
HL,FULL,0
HL-PB,FULL,0
HLF,FULL,0
HLI,FULL,0
HLIO,FULL,0
HLIT,FULL,0
HLLY,FULL,0
HLMN,FULL,0
HLN,FULL,0
HLNE,FULL,0
HLP,FULL,0
HLT,FULL,0
HLVX,FULL,0
HLX,FULL,0
HLXB,FULL,0
HMC,FULL,0
HMN,FULL,0
HMNF,FULL,0
HMST,FULL,0
HMY,FULL,0
HNI,FULL,0
HNNA,FULL,0
HNRA,FULL,0
HNRG,FULL,0
HNST,FULL,0
HNVR,FULL,0
HNW,FULL,0
HOFT,FULL,0
HOFV,FULL,0
HOG,FULL,0
HOLO,FULL,0
HOLX,FULL,0
HOMB,FULL,0
HON,FULL,0
HONE,FULL,0
HOOD,FULL,0
HOOK,FULL,0
HOPE,FULL,0
HOTH,FULL,0
HOUR,FULL,0
HOUS,FULL,0
HOV,FULL,0
HOVNP,FULL,0
HOVR,FULL,0
HOWL,FULL,0
HP,FULL,0
HPAI,FULL,0
HPCO,FULL,0
HPE,FULL,0
HPF,FULL,0
HPH,FULL,0
HPI,FULL,0
HPK,FULL,0
HPP,FULL,0
HPP-PC,FULL,0
HPQ,FULL,0
HPS,FULL,0
HQH,FULL,0
HQI,FULL,0
HQL,FULL,0
HQY,FULL,0
HR,FULL,0
HRB,FULL,0
HRI,FULL,0
HRL,FULL,0
HRMY,FULL,0
HROW,FULL,0
HRTG,FULL,0
HRTX,FULL,0
HRYU,FULL,0
HRZN,FULL,0
HSAI,FULL,0
HSBC,FULL,0
HSCS,FULL,0
HSDT,FULL,0
HSHP,FULL,0
HSIC,FULL,0
HSII,FULL,0
HSON,FULL,0
HSPO,FULL,0
HST,FULL,0
HSTM,FULL,0
HSY,FULL,0
HTBI,FULL,0
HTBK,FULL,0
HTCR,FULL,0
HTD,FULL,0
HTGC,FULL,0
HTH,FULL,0
HTHT,FULL,0
HTIA,FULL,0
HTIBP,FULL,0
HTLD,FULL,0
HTLF,FULL,0
HTLFP,FULL,0
HTOO,FULL,0
HTZ,FULL,0
HUBB,FULL,0
HUBC,FULL,0
HUBG,FULL,0
HUBS,FULL,0
HUDA,FULL,0
HUDI,FULL,0
HUIZ,FULL,0
HUM,FULL,0
HUMA,FULL,0
HUN,FULL,0
HURC,FULL,0
HURN,FULL,0
HUSA,FULL,0
HUT,FULL,0
HUYA,FULL,0
HVT,FULL,0
HVT-A,FULL,0
HWBK,FULL,0
HWC,FULL,0
HWH,FULL,0
HWKN,FULL,0
HWM,FULL,0
HWM-P,FULL,0
HXL,FULL,0
HY,FULL,0
HYAC,FULL,0
HYB,FULL,0
HYFM,FULL,0
HYI,FULL,0
HYLN,FULL,0
HYMC,FULL,0
HYPR,FULL,0
HYT,FULL,0
HYZN,FULL,0
HZO,FULL,0
IAC,FULL,0
IAE,FULL,0
IAF,FULL,0
IAG,FULL,0
IART,FULL,0
IAS,FULL,0
IAUX,FULL,0
IBAC,FULL,0
IBCP,FULL,0
IBEX,FULL,0
IBIO,FULL,0
IBKR,FULL,0
IBM,FULL,0
IBN,FULL,0
IBOC,FULL,0
IBP,FULL,0
IBRX,FULL,0
IBTA,FULL,0
IBTX,FULL,0
ICAD,FULL,0
ICCC,FULL,0
ICCH,FULL,0
ICCM,FULL,0
ICCT,FULL,0
ICD,FULL,0
ICE,FULL,0
ICFI,FULL,0
ICG,FULL,0
ICHR,FULL,0
ICL,FULL,0
ICLK,FULL,0
ICLR,FULL,0
ICMB,FULL,0
ICON,FULL,0
ICR-PA,FULL,0
ICU,FULL,0
ICUI,FULL,0
IDA,FULL,0
IDAI,FULL,0
IDCC,FULL,0
IDE,FULL,0
IDN,FULL,0
IDR,FULL,0
IDT,FULL,0
IDXX,FULL,0
IDYA,FULL,0
IE,FULL,0
IESC,FULL,0
IEX,FULL,0
IFBD,FULL,0
IFF,FULL,0
IFIN,FULL,0
IFN,FULL,0
IFRX,FULL,0
IFS,FULL,0
IGA,FULL,0
IGC,FULL,0
IGD,FULL,0
IGI,FULL,0
IGIC,FULL,0
IGMS,FULL,0
IGR,FULL,0
IGT,FULL,0
IGTA,FULL,0
IH,FULL,0
IHD,FULL,0
IHG,FULL,0
IHRT,FULL,0
IHS,FULL,0
IHT,FULL,0
IHTA,FULL,0
IIF,FULL,0
III,FULL,0
IIIN,FULL,0
IIIV,FULL,0
IIM,FULL,0
IINN,FULL,0
IIPR,FULL,0
IIPR-PA,FULL,0
IKNA,FULL,0
IKT,FULL,0
ILAG,FULL,0
ILMN,FULL,0
ILPT,FULL,0
IMAB,FULL,0
IMAX,FULL,0
IMCC,FULL,0
IMCR,FULL,0
IMKTA,FULL,0
IMMP,FULL,0
IMMR,FULL,0
IMMX,FULL,0
IMNM,FULL,0
IMNN,FULL,0
IMO,FULL,0
IMOS,FULL,0
IMPP,FULL,0
IMPPP,FULL,0
IMRN,FULL,0
IMRX,FULL,0
IMTE,FULL,0
IMTX,FULL,0
IMUX,FULL,0
IMVT,FULL,0
IMXI,FULL,0
INAB,FULL,0
INAQ,FULL,0
INBK,FULL,0
INBS,FULL,0
INBX,FULL,0
INCR,FULL,0
INCY,FULL,0
INDB,FULL,0
INDI,FULL,0
INDO,FULL,0
INDP,FULL,0
INDV,FULL,0
INFA,FULL,0
INFN,FULL,0
INFU,FULL,0
INFY,FULL,0
ING,FULL,0
INGN,FULL,0
INGR,FULL,0
INHD,FULL,0
INKT,FULL,0
INLX,FULL,0
INM,FULL,0
INMB,FULL,0
INMD,FULL,0
INN,FULL,0
INN-PE,FULL,0
INN-PF,FULL,0
INNV,FULL,0
INO,FULL,0
INOD,FULL,0
INSE,FULL,0
INSG,FULL,0
INSI,FULL,0
INSM,FULL,0
INSP,FULL,0
INST,FULL,0
INSW,FULL,0
INTA,FULL,0
INTC,FULL,1
INTE,FULL,0
INTG,FULL,0
INTJ,FULL,0
INTR,FULL,0
INTS,FULL,0
INTT,FULL,0
INTU,FULL,0
INTZ,FULL,0
INUV,FULL,0
INVA,FULL,0
INVE,FULL,0
INVH,FULL,0
INVO,FULL,0
INVZ,FULL,0
INZY,FULL,0
IOBT,FULL,0
IONQ,FULL,0
IONR,FULL,0
IONS,FULL,0
IOR,FULL,0
IOSP,FULL,0
IOT,FULL,0
IOVA,FULL,0
IP,FULL,0
IPA,FULL,0
IPAR,FULL,0
IPDN,FULL,0
IPG,FULL,0
IPGP,FULL,0
IPHA,FULL,0
IPI,FULL,0
IPSC,FULL,0
IPW,FULL,0
IPWR,FULL,0
IPX,FULL,0
IPXX,FULL,0
IQ,FULL,0
IQI,FULL,0
IQV,FULL,0
IR,FULL,0
IRAA,FULL,0
IRBT,FULL,0
IRDM,FULL,0
IREN,FULL,0
IRIX,FULL,0
IRM,FULL,0
IRMD,FULL,0
IROH,FULL,0
IRON,FULL,0
IROQ,FULL,0
IRS,FULL,0
IRT,FULL,0
IRTC,FULL,0
IRWD,FULL,0
ISD,FULL,0
ISDR,FULL,0
ISPC,FULL,0
ISPO,FULL,0
ISPR,FULL,0
ISRG,FULL,0
ISRL,FULL,0
ISSC,FULL,0
ISTR,FULL,0
IT,FULL,0
ITCI,FULL,0
ITGR,FULL,0
ITI,FULL,0
ITIC,FULL,0
ITOS,FULL,0
ITP,FULL,0
ITRG,FULL,0
ITRI,FULL,0
ITRM,FULL,0
ITRN,FULL,0
ITT,FULL,0
ITUB,FULL,0
ITW,FULL,0
IVA,FULL,0
IVAC,FULL,0
IVCA,FULL,0
IVCB,FULL,0
IVCP,FULL,0
IVDA,FULL,0
IVP,FULL,0
IVR,FULL,0
IVR-PB,FULL,0
IVR-PC,FULL,0
IVT,FULL,0
IVVD,FULL,0
IVZ,FULL,0
IX,FULL,0
IXAQ,FULL,0
IXHL,FULL,0
IZEA,FULL,0
IZM,FULL,0
J,FULL,0
JACK,FULL,0
JAGX,FULL,0
JAKK,FULL,0
JAMF,FULL,0
JANX,FULL,0
JAZZ,FULL,0
JBGS,FULL,0
JBHT,FULL,0
JBI,FULL,0
JBL,FULL,0
JBLU,FULL,0
JBSS,FULL,0
JBT,FULL,0
JCE,FULL,0
JCI,FULL,0
JCSE,FULL,0
JCTCF,FULL,0
JD,FULL,0
JDZG,FULL,0
JEF,FULL,0
JELD,FULL,0
JEQ,FULL,0
JEWL,FULL,0
JFBR,FULL,0
JFIN,FULL,0
JFR,FULL,0
JFU,FULL,0
JG,FULL,0
JGH,FULL,0
JHG,FULL,0
JHI,FULL,0
JHS,FULL,0
JHX,FULL,0
JILL,FULL,0
JJSF,FULL,0
JKHY,FULL,0
JKS,FULL,0
JL,FULL,0
JLL,FULL,0
JLS,FULL,0
JMIA,FULL,0
JMM,FULL,0
JMSB,FULL,0
JNJ,FULL,0
JNPR,FULL,0
JNVR,FULL,0
JOB,FULL,0
JOBY,FULL,0
JOE,FULL,0
JOF,FULL,0
JOUT,FULL,0
JPC,FULL,0
JPI,FULL,0
JPM,FULL,0
JPM-PC,FULL,0
JPM-PD,FULL,0
JPM-PJ,FULL,0
JPM-PK,FULL,0
JPM-PL,FULL,0
JPM-PM,FULL,0
JQC,FULL,0
JRI,FULL,0
JRS,FULL,0
JRSH,FULL,0
JRVR,FULL,0
JSPR,FULL,0
JTAI,FULL,0
JUNE,FULL,0
JVA,FULL,0
JVSA,FULL,0
JWEL,FULL,0
JWN,FULL,0
JWSM,FULL,0
JXJT,FULL,0
JXN,FULL,0
JXN-PA,FULL,0
JYD,FULL,0
JYNT,FULL,0
JZ,FULL,0
JZXN,FULL,0
K,FULL,0
KA,FULL,0
KACL,FULL,0
KAI,FULL,0
KALA,FULL,0
KALU,FULL,0
KALV,FULL,0
KAR,FULL,0
KARO,FULL,0
KAVL,FULL,0
KB,FULL,0
KBDC,FULL,0
KBH,FULL,0
KBR,FULL,0
KC,FULL,0
KD,FULL,0
KDLY,FULL,0
KDP,FULL,0
KE,FULL,0
KELYA,FULL,0
KELYB,FULL,0
KEN,FULL,0
KEP,FULL,0
KEQU,FULL,0
KEX,FULL,0
KEY,FULL,0
KEY-PI,FULL,0
KEY-PJ,FULL,0
KEY-PK,FULL,0
KEY-PL,FULL,0
KEYS,FULL,0
KF,FULL,0
KFFB,FULL,0
KFRC,FULL,0
KFS,FULL,0
KFY,FULL,0
KGC,FULL,0
KGEI,FULL,0
KGS,FULL,0
KHC,FULL,0
KIDS,FULL,0
KIM,FULL,0
KIM-PL,FULL,0
KIM-PM,FULL,0
KIM-PN,FULL,0
KIND,FULL,0
KINS,FULL,0
KIO,FULL,0
KIRK,FULL,0
KITT,FULL,0
KKR,FULL,0
KLAC,FULL,0
KLG,FULL,0
KLIC,FULL,0
KLTR,FULL,0
KLXE,FULL,0
KMB,FULL,0
KMDA,FULL,0
KMI,FULL,0
KMPR,FULL,0
KMT,FULL,0
KMX,FULL,0
KN,FULL,0
KNDI,FULL,0
KNF,FULL,0
KNSA,FULL,0
KNSL,FULL,0
KNTK,FULL,0
KNW,FULL,0
KNX,FULL,0
KO,FULL,0
KOD,FULL,0
KODK,FULL,0
KOF,FULL,0
KOP,FULL,0
KOPN,FULL,0
KORE,FULL,0
KOS,FULL,0
KOSS,FULL,0
KPLT,FULL,0
KPRX,FULL,0
KPTI,FULL,0
KR,FULL,0
KRC,FULL,0
KREF,FULL,0
KREF-PA,FULL,0
KRG,FULL,0
KRKR,FULL,0
KRMD,FULL,0
KRNT,FULL,0
KRNY,FULL,0
KRO,FULL,0
KRON,FULL,0
KROS,FULL,0
KRRO,FULL,0
KRT,FULL,0
KRUS,FULL,0
KRYS,FULL,0
KSCP,FULL,0
KSM,FULL,0
KSPI,FULL,0
KSS,FULL,0
KT,FULL,0
KTB,FULL,0
KTCC,FULL,0
KTF,FULL,0
KTOS,FULL,0
KTRA,FULL,0
KTTA,FULL,0
KUKE,FULL,0
KULR,FULL,0
KURA,FULL,0
KVAC,FULL,0
KVHI,FULL,0
KVUE,FULL,0
KVYO,FULL,0
KW,FULL,0
KWE,FULL,0
KWR,FULL,0
KXIN,FULL,0
KYMR,FULL,0
KYN,FULL,0
KYTX,FULL,0
KZIA,FULL,0
KZR,FULL,0
L,FULL,0
LAAC,FULL,0
LAB,FULL,0
LAC,FULL,0
LAD,FULL,0
LADR,FULL,0
LAES,FULL,0
LAKE,FULL,0
LAMR,FULL,0
LANC,FULL,0
LAND,FULL,0
LANDM,FULL,0
LANDO,FULL,0
LANDP,FULL,0
LANV,FULL,0
LARK,FULL,0
LASE,FULL,0
LASR,FULL,0
LATG,FULL,0
LAUR,FULL,0
LAW,FULL,0
LAZ,FULL,0
LAZR,FULL,0
LB,FULL,0
LBPH,FULL,0
LBRDA,FULL,0
LBRDK,FULL,0
LBRDP,FULL,0
LBRT,FULL,0
LBTYA,FULL,0
LBTYB,FULL,0
LBTYK,FULL,0
LC,FULL,0
LCFY,FULL,0
LCID,FULL,0
LCII,FULL,0
LCNB,FULL,0
LCTX,FULL,0
LCUT,FULL,0
LCW,FULL,0
LDI,FULL,0
LDOS,FULL,0
LDP,FULL,0
LDTC,FULL,0
LDWY,FULL,0
LE,FULL,0
LEA,FULL,0
LECO,FULL,0
LEDS,FULL,0
LEE,FULL,0
LEG,FULL,0
LEGH,FULL,0
LEGN,FULL,0
LEGT,FULL,0
LEN,FULL,0
LEN-B,FULL,0
LENZ,FULL,0
LEO,FULL,0
LESL,FULL,0
LEU,FULL,0
LEV,FULL,0
LEVI,FULL,0
LEXX,FULL,0
LFCR,FULL,0
LFLY,FULL,0
LFMD,FULL,0
LFMDP,FULL,0
LFST,FULL,0
LFT,FULL,0
LFT-PA,FULL,0
LFUS,FULL,0
LFVN,FULL,0
LFWD,FULL,0
LGCB,FULL,0
LGCL,FULL,0
LGF-A,FULL,0
LGF-B,FULL,0
LGHL,FULL,0
LGI,FULL,0
LGIH,FULL,0
LGL,FULL,0
LGMK,FULL,0
LGND,FULL,0
LGO,FULL,0
LGVN,FULL,0
LH,FULL,0
LHX,FULL,0
LI,FULL,0
LICN,FULL,0
LICY,FULL,0
LIDR,FULL,0
LIF,FULL,0
LIFW,FULL,0
LII,FULL,0
LILA,FULL,0
LILAK,FULL,0
LILM,FULL,0
LIN,FULL,0
LINC,FULL,0
LIND,FULL,0
LINE,FULL,0
LINK,FULL,0
LION,FULL,0
LIPO,FULL,0
LIQT,FULL,0
LITB,FULL,0
LITE,FULL,0
LITM,FULL,0
LIVE,FULL,0
LIVN,FULL,0
LIXT,FULL,0
LKCO,FULL,0
LKFN,FULL,0
LKQ,FULL,0
LLAP,FULL,0
LLAP-WT,FULL,0
LLY,FULL,0
LLYVA,FULL,0
LLYVK,FULL,0
LMAT,FULL,0
LMB,FULL,0
LMFA,FULL,0
LMND,FULL,0
LMNR,FULL,0
LMT,FULL,0
LNC,FULL,0
LNC-PD,FULL,0
LND,FULL,0
LNG,FULL,0
LNKB,FULL,0
LNN,FULL,0
LNSR,FULL,0
LNT,FULL,0
LNTH,FULL,0
LNW,FULL,0
LNZA,FULL,0
LOAN,FULL,0
LOAR,FULL,0
LOB,FULL,0
LOBO,FULL,0
LOCL,FULL,0
LOCO,FULL,0
LODE,FULL,0
LOGC,FULL,0
LOGI,FULL,0
LOMA,FULL,0
LOOP,FULL,0
LOPE,FULL,0
LOT,FULL,0
LOVE,FULL,0
LOW,FULL,0
LPA,FULL,0
LPCN,FULL,0
LPG,FULL,0
LPL,FULL,0
LPLA,FULL,0
LPRO,FULL,0
LPSN,FULL,0
LPTH,FULL,0
LPTX,FULL,0
LPX,FULL,0
LQDA,FULL,0
LQDT,FULL,0
LQR,FULL,0
LRCX,FULL,0
LRE,FULL,0
LRFC,FULL,0
LRHC,FULL,0
LRMR,FULL,0
LRN,FULL,0
LSAK,FULL,0
LSB,FULL,0
LSBK,FULL,0
LSCC,FULL,0
LSEA,FULL,0
LSF,FULL,0
LSH,FULL,0
LSPD,FULL,0
LSTA,FULL,0
LSTR,FULL,0
LSXMA,FULL,0
LSXMB,FULL,0
LSXMK,FULL,0
LTBR,FULL,0
LTC,FULL,0
LTH,FULL,0
LTM,FULL,0
LTRN,FULL,0
LTRX,FULL,0
LTRY,FULL,0
LU,FULL,0
LUCD,FULL,0
LUCY,FULL,0
LULU,FULL,0
LUMN,FULL,0
LUMO,FULL,0
LUNA,FULL,0
LUNG,FULL,0
LUNR,FULL,0
LUV,FULL,0
LUXH,FULL,0
LUXHP,FULL,0
LVLU,FULL,0
LVO,FULL,0
LVRO,FULL,0
LVS,FULL,0
LVTX,FULL,0
LVWR,FULL,0
LW,FULL,0
LWAY,FULL,0
LWLG,FULL,0
LX,FULL,0
LXEH,FULL,0
LXEO,FULL,0
LXFR,FULL,0
LXP,FULL,0
LXP-PC,FULL,0
LXRX,FULL,0
LXU,FULL,0
LYB,FULL,0
LYEL,FULL,0
LYFT,FULL,0
LYG,FULL,0
LYRA,FULL,0
LYT,FULL,0
LYTS,FULL,0
LYV,FULL,0
LZ,FULL,0
LZB,FULL,0
LZM,FULL,0
M,FULL,0
MA,FULL,0
MAA,FULL,0
MAA-PI,FULL,0
MAC,FULL,0
MACI,FULL,0
MAG,FULL,0
MAIA,FULL,0
MAIN,FULL,0
MAMA,FULL,0
MAMO,FULL,0
MAN,FULL,0
MANH,FULL,0
MANU,FULL,0
MAPS,FULL,0
MAR,FULL,0
MARA,FULL,0
MARX,FULL,0
MAS,FULL,0
MASI,FULL,0
MASS,FULL,0
MAT,FULL,0
MATH,FULL,0
MATV,FULL,0
MATW,FULL,0
MATX,FULL,0
MAV,FULL,0
MAX,FULL,0
MAXN,FULL,0
MAYS,FULL,0
MBC,FULL,0
MBCN,FULL,0
MBI,FULL,0
MBIN,FULL,0
MBINM,FULL,0
MBINN,FULL,0
MBINO,FULL,0
MBIO,FULL,0
MBLY,FULL,0
MBNKP,FULL,0
MBOT,FULL,0
MBRX,FULL,0
MBUU,FULL,0
MBWM,FULL,0
MC,FULL,0
MCAA,FULL,0
MCAG,FULL,0
MCB,FULL,0
MCBS,FULL,0
MCD,FULL,0
MCFT,FULL,0
MCHP,FULL,0
MCHX,FULL,0
MCI,FULL,0
MCK,FULL,0
MCN,FULL,0
MCO,FULL,0
MCR,FULL,0
MCRB,FULL,0
MCRI,FULL,0
MCS,FULL,0
MCVT,FULL,0
MCW,FULL,0
MCY,FULL,0
MD,FULL,0
MDAI,FULL,0
MDB,FULL,0
MDBH,FULL,0
MDGL,FULL,0
MDIA,FULL,0
MDJH,FULL,0
MDLZ,FULL,0
MDRR,FULL,0
MDRRP,FULL,0
MDT,FULL,0
MDU,FULL,0
MDV,FULL,0
MDV-PA,FULL,0
MDWD,FULL,0
MDXG,FULL,0
MDXH,FULL,0
ME,FULL,0
MEC,FULL,0
MED,FULL,0
MEDP,FULL,0
MEDS,FULL,0
MEG,FULL,0
MEGI,FULL,0
MEGL,FULL,0
MEI,FULL,0
MEIP,FULL,0
MELI,FULL,0
MEOH,FULL,0
MERC,FULL,0
MESA,FULL,0
MESO,FULL,0
MET,FULL,0
MET-PA,FULL,0
MET-PE,FULL,0
MET-PF,FULL,0
META,FULL,0
METC,FULL,0
METCB,FULL,0
MFA,FULL,0
MFA-PB,FULL,0
MFA-PC,FULL,0
MFC,FULL,0
MFD,FULL,0
MFG,FULL,0
MFH,FULL,0
MFI,FULL,0
MFIC,FULL,0
MFIN,FULL,0
MFM,FULL,0
MG,FULL,0
MGA,FULL,0
MGEE,FULL,0
MGF,FULL,0
MGIC,FULL,0
MGIH,FULL,0
MGLD,FULL,0
MGM,FULL,0
MGNI,FULL,0
MGNX,FULL,0
MGOL,FULL,0
MGPI,FULL,0
MGRC,FULL,0
MGRM,FULL,0
MGRX,FULL,0
MGTX,FULL,0
MGX,FULL,0
MGY,FULL,0
MGYR,FULL,0
MHD,FULL,0
MHF,FULL,0
MHH,FULL,0
MHI,FULL,0
MHK,FULL,0
MHLD,FULL,0
MHN,FULL,0
MHO,FULL,0
MHUA,FULL,0
MI,FULL,0
MICS,FULL,0
MIDD,FULL,0
MIGI,FULL,0
MIN,FULL,0
MIND,FULL,0
MINDP,FULL,0
MIO,FULL,0
MIR,FULL,0
MIRA,FULL,0
MIRM,FULL,0
MIST,FULL,0
MITA,FULL,0
MITK,FULL,0
MITQ,FULL,0
MITT,FULL,0
MITT-PA,FULL,0
MITT-PB,FULL,0
MITT-PC,FULL,0
MIY,FULL,0
MKC,FULL,0
MKC-V,FULL,0
MKDW,FULL,0
MKFG,FULL,0
MKL,FULL,0
MKSI,FULL,0
MKTW,FULL,0
MKTX,FULL,0
ML,FULL,0
MLAB,FULL,0
MLCO,FULL,0
MLEC,FULL,0
MLGO,FULL,0
MLI,FULL,0
MLKN,FULL,0
MLM,FULL,0
MLNK,FULL,0
MLP,FULL,0
MLR,FULL,0
MLSS,FULL,0
MLTX,FULL,0
MLYS,FULL,0
MMA,FULL,0
MMAT,FULL,0
MMC,FULL,0
MMD,FULL,0
MMI,FULL,0
MMM,FULL,0
MMS,FULL,0
MMSI,FULL,0
MMT,FULL,0
MMU,FULL,0
MMV,FULL,0
MMYT,FULL,0
MNDO,FULL,0
MNDR,FULL,0
MNDY,FULL,0
MNKD,FULL,0
MNMD,FULL,0
MNOV,FULL,0
MNPR,FULL,0
MNRO,FULL,0
MNSB,FULL,0
MNSBP,FULL,0
MNSO,FULL,0
MNST,FULL,0
MNTK,FULL,0
MNTN,FULL,0
MNTS,FULL,0
MNTX,FULL,0
MNY,FULL,0
MO,FULL,0
MOB,FULL,0
MOBX,FULL,0
MOD,FULL,0
MODD,FULL,0
MODG,FULL,0
MODV,FULL,0
MOFG,FULL,0
MOG-A,FULL,0
MOG-B,FULL,0
MOGO,FULL,0
MOGU,FULL,0
MOH,FULL,0
MOLN,FULL,0
MOMO,FULL,0
MOND,FULL,0
MORN,FULL,0
MOS,FULL,0
MOV,FULL,0
MOVE,FULL,0
MP,FULL,0
MPA,FULL,0
MPAA,FULL,0
MPB,FULL,0
MPC,FULL,0
MPLN,FULL,0
MPTI,FULL,0
MPU,FULL,0
MPV,FULL,0
MPW,FULL,0
MPWR,FULL,0
MPX,FULL,0
MQ,FULL,0
MQT,FULL,0
MQY,FULL,0
MRAM,FULL,0
MRBK,FULL,0
MRC,FULL,0
MRCC,FULL,0
MRCY,FULL,0
MRDB,FULL,0
MREO,FULL,0
MRIN,FULL,0
MRK,FULL,0
MRKR,FULL,0
MRM,FULL,0
MRNA,FULL,0
MRNO,FULL,0
MRNS,FULL,0
MRO,FULL,0
MRSN,FULL,0
MRT,FULL,0
MRTN,FULL,0
MRUS,FULL,0
MRVI,FULL,0
MRVL,FULL,0
MRX,FULL,0
MS,FULL,0
MS-PA,FULL,0
MS-PE,FULL,0
MS-PF,FULL,0
MS-PI,FULL,0
MS-PK,FULL,0
MS-PL,FULL,0
MS-PO,FULL,0
MS-PP,FULL,0
MS-PQ,FULL,0
MSA,FULL,0
MSAI,FULL,0
MSBI,FULL,0
MSBIP,FULL,0
MSC,FULL,0
MSCI,FULL,0
MSD,FULL,0
MSDL,FULL,0
MSEX,FULL,0
MSFT,FULL,1
MSGE,FULL,0
MSGM,FULL,0
MSGS,FULL,0
MSI,FULL,0
MSM,FULL,0
MSN,FULL,0
MSS,FULL,0
MSSA,FULL,0
MSTR,FULL,0
MT,FULL,0
MTA,FULL,0
MTAL,FULL,0
MTB,FULL,0
MTB-PH,FULL,0
MTB-PJ,FULL,0
MTC,FULL,0
MTCH,FULL,0
MTD,FULL,0
MTDR,FULL,0
MTEK,FULL,0
MTEM,FULL,0
MTEN,FULL,0
MTEX,FULL,0
MTG,FULL,0
MTH,FULL,0
MTLS,FULL,0
MTN,FULL,0
MTNB,FULL,0
MTRN,FULL,0
MTRX,FULL,0
MTSI,FULL,0
MTTR,FULL,0
MTUS,FULL,0
MTW,FULL,0
MTX,FULL,0
MTZ,FULL,0
MU,FULL,0
MUA,FULL,0
MUC,FULL,0
MUE,FULL,0
MUFG,FULL,0
MUI,FULL,0
MUJ,FULL,0
MULN,FULL,0
MUR,FULL,0
MURA,FULL,0
MUSA,FULL,0
MUX,FULL,0
MVBF,FULL,0
MVF,FULL,0
MVIS,FULL,0
MVST,FULL,0
MVT,FULL,0
MWA,FULL,0
MWG,FULL,0
MX,FULL,0
MXC,FULL,0
MXCT,FULL,0
MXE,FULL,0
MXF,FULL,0
MXL,FULL,0
MYD,FULL,0
MYE,FULL,0
MYFW,FULL,0
MYGN,FULL,0
MYI,FULL,0
MYN,FULL,0
MYNA,FULL,0
MYND,FULL,0
MYNZ,FULL,0
MYO,FULL,0
MYPS,FULL,0
MYRG,FULL,0
MYSZ,FULL,0
MYTE,FULL,0
NA,FULL,0
NAAS,FULL,0
NABL,FULL,0
NAC,FULL,0
NAD,FULL,0
NAII,FULL,0
NAK,FULL,0
NAMS,FULL,0
NAN,FULL,0
NAOV,FULL,0
NAPA,FULL,0
NARI,FULL,0
NAT,FULL,0
NATH,FULL,0
NATL,FULL,0
NATR,FULL,0
NAUT,FULL,0
NAVI,FULL,0
NAZ,FULL,0
NB,FULL,0
NBB,FULL,0
NBBK,FULL,0
NBH,FULL,0
NBHC,FULL,0
NBIS,FULL,0
NBIX,FULL,0
NBN,FULL,0
NBR,FULL,0
NBST,FULL,0
NBTB,FULL,0
NBTX,FULL,0
NBXG,FULL,0
NBY,FULL,0
NC,FULL,0
NCA,FULL,0
NCDL,FULL,0
NCI,FULL,0
NCL,FULL,0
NCLH,FULL,0
NCMI,FULL,0
NCNA,FULL,0
NCNC,FULL,0
NCNO,FULL,0
NCPL,FULL,0
NCRA,FULL,0
NCSM,FULL,0
NCTY,FULL,0
NCV,FULL,0
NCV-PA,FULL,0
NCZ,FULL,0
NCZ-PA,FULL,0
NDAQ,FULL,0
NDLS,FULL,0
NDMO,FULL,0
NDP,FULL,0
NDRA,FULL,0
NDSN,FULL,0
NE,FULL,0
NEA,FULL,0
NECB,FULL,0
NEE,FULL,0
NEGG,FULL,0
NEM,FULL,0
NEO,FULL,0
NEOG,FULL,0
NEON,FULL,0
NEOV,FULL,0
NEPH,FULL,0
NERV,FULL,0
NET,FULL,0
NETD,FULL,0
NEU,FULL,0
NEUE,FULL,0
NEWP,FULL,0
NEWT,FULL,0
NEXA,FULL,0
NEXN,FULL,0
NEXT,FULL,0
NFBK,FULL,0
NFE,FULL,0
NFG,FULL,0
NFGC,FULL,0
NFJ,FULL,0
NFLX,FULL,0
NG,FULL,0
NGD,FULL,0
NGG,FULL,0
NGL-PB,FULL,0
NGL-PC,FULL,0
NGNE,FULL,0
NGS,FULL,0
NGVC,FULL,0
NGVT,FULL,0
NHC,FULL,0
NHI,FULL,0
NHS,FULL,0
NHTC,FULL,0
NI,FULL,0
NIC,FULL,0
NICE,FULL,0
NICK,FULL,0
NIE,FULL,0
NIM,FULL,0
NINE,FULL,0
NIO,FULL,0
NIPG,FULL,0
NISN,FULL,0
NITO,FULL,0
NIU,FULL,0
NIVF,FULL,0
NJR,FULL,0
NKE,FULL,0
NKGN,FULL,0
NKLA,FULL,0
NKSH,FULL,0
NKTR,FULL,0
NKTX,FULL,0
NKX,FULL,0
NL,FULL,0
NLOP,FULL,0
NLSP,FULL,0
NLY,FULL,0
NLY-PF,FULL,0
NLY-PG,FULL,0
NLY-PI,FULL,0
NMAI,FULL,0
NMCO,FULL,0
NMFC,FULL,0
NMG,FULL,0
NMHI,FULL,0
NMI,FULL,0
NMIH,FULL,0
NML,FULL,0
NMR,FULL,0
NMRA,FULL,0
NMRK,FULL,0
NMS,FULL,0
NMT,FULL,0
NMTC,FULL,0
NMZ,FULL,0
NN,FULL,0
NNAG,FULL,0
NNBR,FULL,0
NNDM,FULL,0
NNE,FULL,0
NNI,FULL,0
NNN,FULL,0
NNOX,FULL,0
NNVC,FULL,0
NNY,FULL,0
NOA,FULL,0
NOAH,FULL,0
NOC,FULL,0
NODK,FULL,0
NOG,FULL,0
NOK,FULL,0
NOM,FULL,0
NOMD,FULL,0
NOTE,FULL,0
NOTV,FULL,0
NOV,FULL,0
NOVA,FULL,0
NOVT,FULL,0
NOVV,FULL,0
NOW,FULL,0
NPAB,FULL,0
NPCE,FULL,0
NPCT,FULL,0
NPFD,FULL,0
NPK,FULL,0
NPO,FULL,0
NPV,FULL,0
NPWR,FULL,0
NQP,FULL,0
NR,FULL,0
NRBO,FULL,0
NRC,FULL,0
NRDS,FULL,0
NRDY,FULL,0
NREF,FULL,0
NREF-PA,FULL,0
NRG,FULL,0
NRGV,FULL,0
NRIM,FULL,0
NRIX,FULL,0
NRK,FULL,0
NRO,FULL,0
NRSN,FULL,0
NRXP,FULL,0
NRXS,FULL,0
NSA,FULL,0
NSA-PA,FULL,0
NSA-PB,FULL,0
NSC,FULL,0
NSIT,FULL,0
NSP,FULL,0
NSPR,FULL,0
NSSC,FULL,0
NSTS,FULL,0
NSYS,FULL,0
NTAP,FULL,0
NTB,FULL,0
NTBL,FULL,0
NTCT,FULL,0
NTES,FULL,0
NTG,FULL,0
NTGR,FULL,0
NTIC,FULL,0
NTIP,FULL,0
NTLA,FULL,0
NTNX,FULL,0
NTR,FULL,0
NTRA,FULL,0
NTRB,FULL,0
NTRP,FULL,0
NTRS,FULL,0
NTRSO,FULL,0
NTST,FULL,0
NTWK,FULL,0
NTZ,FULL,0
NU,FULL,0
NUE,FULL,0
NUKK,FULL,0
NURO,FULL,0
NUS,FULL,0
NUTX,FULL,0
NUV,FULL,0
NUVB,FULL,0
NUVL,FULL,0
NUVO,FULL,0
NUW,FULL,0
NUWE,FULL,0
NUZE,FULL,0
NVA,FULL,0
NVAC,FULL,0
NVAX,FULL,0
NVCR,FULL,0
NVCT,FULL,0
NVDA,FULL,1
NVEC,FULL,0
NVEE,FULL,0
NVEI,FULL,0
NVFY,FULL,0
NVG,FULL,0
NVGS,FULL,0
NVMI,FULL,0
NVNI,FULL,0
NVNO,FULL,0
NVO,FULL,0
NVOS,FULL,0
NVR,FULL,0
NVRI,FULL,0
NVRO,FULL,0
NVS,FULL,0
NVST,FULL,0
NVT,FULL,0
NVTS,FULL,0
NVVE,FULL,0
NVX,FULL,0
NWBI,FULL,0
NWE,FULL,0
NWFL,FULL,0
NWG,FULL,0
NWGL,FULL,0
NWL,FULL,0
NWN,FULL,0
NWPX,FULL,0
NWS,FULL,0
NWSA,FULL,0
NWTN,FULL,0
NX,FULL,0
NXC,FULL,0
NXDT,FULL,0
NXDT-PA,FULL,0
NXE,FULL,0
NXG,FULL,0
NXGL,FULL,0
NXJ,FULL,0
NXL,FULL,0
NXN,FULL,0
NXP,FULL,0
NXPI,FULL,0
NXPL,FULL,0
NXRT,FULL,0
NXST,FULL,0
NXT,FULL,0
NXTC,FULL,0
NXTT,FULL,0
NXU,FULL,0
NYAX,FULL,0
NYC,FULL,0
NYCB,FULL,0
NYCB-PA,FULL,0
NYMT,FULL,0
NYMTL,FULL,0
NYMTM,FULL,0
NYMTN,FULL,0
NYMTZ,FULL,0
NYT,FULL,0
NYXH,FULL,0
NZF,FULL,0
O,FULL,0
O-P,FULL,0
OABI,FULL,0
OAK-PA,FULL,0
OAK-PB,FULL,0
OAKU,FULL,0
OB,FULL,0
OBDC,FULL,0
OBDE,FULL,0
OBE,FULL,0
OBIO,FULL,0
OBK,FULL,0
OBLG,FULL,0
OBT,FULL,0
OC,FULL,0
OCC,FULL,0
OCCI,FULL,0
OCCIN,FULL,0
OCCIO,FULL,0
OCEA,FULL,0
OCFC,FULL,0
OCFCP,FULL,0
OCFT,FULL,0
OCG,FULL,0
OCGN,FULL,0
OCS,FULL,0
OCSL,FULL,0
OCTO,FULL,0
OCUL,FULL,0
OCUP,FULL,0
OCX,FULL,0
ODC,FULL,0
ODD,FULL,0
ODFL,FULL,0
ODP,FULL,0
ODV,FULL,0
OEC,FULL,0
OESX,FULL,0
OFG,FULL,0
OFIX,FULL,0
OFLX,FULL,0
OFS,FULL,0
OGE,FULL,0
OGEN,FULL,0
OGI,FULL,0
OGN,FULL,0
OGS,FULL,0
OHI,FULL,0
OI,FULL,0
OIA,FULL,0
OII,FULL,0
OIS,FULL,0
OKE,FULL,0
OKLO,FULL,0
OKTA,FULL,0
OKYO,FULL,0
OLB,FULL,0
OLED,FULL,0
OLLI,FULL,0
OLMA,FULL,0
OLN,FULL,0
OLO,FULL,0
OLP,FULL,0
OLPX,FULL,0
OM,FULL,0
OMAB,FULL,0
OMC,FULL,0
OMCL,FULL,0
OMER,FULL,0
OMEX,FULL,0
OMF,FULL,0
OMGA,FULL,0
OMH,FULL,0
OMI,FULL,0
OMIC,FULL,0
ON,FULL,0
ONB,FULL,0
ONBPO,FULL,0
ONBPP,FULL,0
ONCO,FULL,0
ONCT,FULL,0
ONCY,FULL,0
ONDS,FULL,0
ONEW,FULL,0
ONFO,FULL,0
ONIT,FULL,0
ONL,FULL,0
ONMD,FULL,0
ONON,FULL,0
ONTF,FULL,0
ONTO,FULL,0
ONVO,FULL,0
ONYX,FULL,0
OOMA,FULL,0
OP,FULL,0
OPAD,FULL,0
OPAL,FULL,0
OPBK,FULL,0
OPCH,FULL,0
OPEN,FULL,0
OPFI,FULL,0
OPGN,FULL,0
OPHC,FULL,0
OPI,FULL,0
OPK,FULL,0
OPOF,FULL,0
OPP,FULL,0
OPP-PA,FULL,0
OPP-PB,FULL,0
OPRA,FULL,0
OPRT,FULL,0
OPRX,FULL,0
OPT,FULL,0
OPTN,FULL,0
OPTT,FULL,0
OPTX,FULL,0
OPXS,FULL,0
OPY,FULL,0
OR,FULL,0
ORA,FULL,0
ORAN,FULL,0
ORC,FULL,0
ORCL,FULL,0
ORGN,FULL,0
ORGO,FULL,0
ORGS,FULL,0
ORI,FULL,0
ORIC,FULL,0
ORKT,FULL,0
ORLA,FULL,0
ORLY,FULL,0
ORMP,FULL,0
ORN,FULL,0
ORRF,FULL,0
OS,FULL,0
OSBC,FULL,0
OSCR,FULL,0
OSIS,FULL,0
OSK,FULL,0
OSPN,FULL,0
OSS,FULL,0
OST,FULL,0
OSTX,FULL,0
OSUR,FULL,0
OSW,FULL,0
OTEX,FULL,0
OTIS,FULL,0
OTLK,FULL,0
OTLY,FULL,0
OTRK,FULL,0
OTTR,FULL,0
OUST,FULL,0
OUT,FULL,0
OVBC,FULL,0
OVID,FULL,0
OVLY,FULL,0
OVV,FULL,0
OWL,FULL,0
OWLT,FULL,0
OXBR,FULL,0
OXLC,FULL,0
OXLCN,FULL,0
OXLCO,FULL,0
OXLCP,FULL,0
OXM,FULL,0
OXSQ,FULL,0
OXY,FULL,0
OZK,FULL,0
OZKAP,FULL,0
PAAS,FULL,0
PAC,FULL,0
PACB,FULL,0
PACK,FULL,0
PACS,FULL,0
PAG,FULL,0
PAGS,FULL,0
PAHC,FULL,0
PAI,FULL,0
PAL,FULL,0
PALI,FULL,0
PALT,FULL,0
PAM,FULL,0
PANL,FULL,0
PANW,FULL,0
PAPL,FULL,0
PAR,FULL,0
PARA,FULL,0
PARAA,FULL,0
PARR,FULL,0
PASG,FULL,0
PATH,FULL,0
PATK,FULL,0
PAVM,FULL,0
PAVS,FULL,0
PAX,FULL,0
PAXS,FULL,0
PAY,FULL,0
PAYC,FULL,0
PAYO,FULL,0
PAYS,FULL,0
PAYX,FULL,0
PB,FULL,0
PBA,FULL,0
PBBK,FULL,0
PBF,FULL,0
PBFS,FULL,0
PBH,FULL,0
PBHC,FULL,0
PBI,FULL,0
PBM,FULL,0
PBPB,FULL,0
PBR,FULL,0
PBR-A,FULL,0
PBYI,FULL,0
PCAR,FULL,0
PCB,FULL,0
PCF,FULL,0
PCG,FULL,0
PCG-PA,FULL,0
PCG-PB,FULL,0
PCG-PC,FULL,0
PCG-PD,FULL,0
PCG-PE,FULL,0
PCG-PG,FULL,0
PCG-PH,FULL,0
PCG-PI,FULL,0
PCH,FULL,0
PCK,FULL,0
PCM,FULL,0
PCN,FULL,0
PCOR,FULL,0
PCQ,FULL,0
PCRX,FULL,0
PCSA,FULL,0
PCSC,FULL,0
PCT,FULL,0
PCTY,FULL,0
PCVX,FULL,0
PCYO,FULL,0
PD,FULL,0
PDCC,FULL,0
PDCO,FULL,0
PDD,FULL,0
PDEX,FULL,0
PDFS,FULL,0
PDI,FULL,0
PDLB,FULL,0
PDM,FULL,0
PDO,FULL,0
PDS,FULL,0
PDSB,FULL,0
PDT,FULL,0
PDX,FULL,0
PDYN,FULL,0
PEB,FULL,0
PEB-PE,FULL,0
PEB-PF,FULL,0
PEB-PG,FULL,0
PEB-PH,FULL,0
PEBK,FULL,0
PEBO,FULL,0
PECO,FULL,0
PED,FULL,0
PEG,FULL,0
PEGA,FULL,0
PEGY,FULL,0
PEN,FULL,0
PENN,FULL,0
PEO,FULL,0
PEP,FULL,0
PEPG,FULL,0
PERF,FULL,0
PERI,FULL,0
PESI,FULL,0
PET,FULL,0
PETQ,FULL,0
PETS,FULL,0
PETZ,FULL,0
PEV,FULL,0
PFBC,FULL,0
PFC,FULL,0
PFD,FULL,0
PFE,FULL,0
PFG,FULL,0
PFGC,FULL,0
PFIE,FULL,0
PFIS,FULL,0
PFL,FULL,0
PFLT,FULL,0
PFMT,FULL,0
PFN,FULL,0
PFO,FULL,0
PFS,FULL,0
PFSI,FULL,0
PFTA,FULL,0
PFX,FULL,0
PG,FULL,0
PGC,FULL,0
PGEN,FULL,0
PGHL,FULL,0
PGNY,FULL,0
PGP,FULL,0
PGR,FULL,0
PGRE,FULL,0
PGRU,FULL,0
PGY,FULL,0
PGZ,FULL,0
PH,FULL,0
PHAR,FULL,0
PHAT,FULL,0
PHD,FULL,0
PHG,FULL,0
PHGE,FULL,0
PHI,FULL,0
PHIN,FULL,0
PHIO,FULL,0
PHK,FULL,0
PHM,FULL,0
PHR,FULL,0
PHT,FULL,0
PHUN,FULL,0
PHVS,FULL,0
PHX,FULL,0
PHYT,FULL,0
PI,FULL,0
PII,FULL,0
PIII,FULL,0
PIK,FULL,0
PIM,FULL,0
PINC,FULL,0
PINE,FULL,0
PINS,FULL,0
PIPR,FULL,0
PIRS,FULL,0
PITA,FULL,0
PIXY,FULL,0
PJT,FULL,0
PK,FULL,0
PKBK,FULL,0
PKE,FULL,0
PKG,FULL,0
PKOH,FULL,0
PKST,FULL,0
PKX,FULL,0
PL,FULL,0
PLAB,FULL,0
PLAG,FULL,0
PLAO,FULL,0
PLAY,FULL,0
PLBC,FULL,0
PLBY,FULL,0
PLCE,FULL,0
PLD,FULL,0
PLG,FULL,0
PLL,FULL,0
PLMI,FULL,0
PLMJ,FULL,0
PLMR,FULL,0
PLNT,FULL,0
PLOW,FULL,0
PLPC,FULL,0
PLRX,FULL,0
PLSE,FULL,0
PLTK,FULL,0
PLTR,FULL,0
PLUG,FULL,0
PLUR,FULL,0
PLUS,FULL,0
PLX,FULL,0
PLXS,FULL,0
PLYA,FULL,0
PLYM,FULL,0
PM,FULL,0
PMCB,FULL,0
PMD,FULL,0
PMEC,FULL,0
PMF,FULL,0
PML,FULL,0
PMM,FULL,0
PMN,FULL,0
PMNT,FULL,0
PMO,FULL,0
PMT,FULL,0
PMT-PA,FULL,0
PMT-PB,FULL,0
PMT-PC,FULL,0
PMTS,FULL,0
PMVP,FULL,0
PMX,FULL,0
PNBK,FULL,0
PNC,FULL,0
PNF,FULL,0
PNFP,FULL,0
PNFPP,FULL,0
PNI,FULL,0
PNNT,FULL,0
PNR,FULL,0
PNRG,FULL,0
PNST,FULL,0
PNTG,FULL,0
PNW,FULL,0
POAI,FULL,0
POCI,FULL,0
PODC,FULL,0
PODD,FULL,0
POET,FULL,0
POLA,FULL,0
POOL,FULL,0
POR,FULL,0
POST,FULL,0
POWI,FULL,0
POWL,FULL,0
POWW,FULL,0
POWWP,FULL,0
PPBI,FULL,0
PPBT,FULL,0
PPC,FULL,0
PPG,FULL,0
PPIH,FULL,0
PPL,FULL,0
PPSI,FULL,0
PPT,FULL,0
PPTA,FULL,0
PPYA,FULL,0
PR,FULL,0
PRA,FULL,0
PRAA,FULL,0
PRAX,FULL,0
PRCH,FULL,0
PRCT,FULL,0
PRDO,FULL,0
PRE,FULL,0
PRFT,FULL,0
PRFX,FULL,0
PRG,FULL,0
PRGO,FULL,0
PRGS,FULL,0
PRI,FULL,0
PRIF-PD,FULL,0
PRIF-PF,FULL,0
PRIF-PG,FULL,0
PRIF-PH,FULL,0
PRIF-PI,FULL,0
PRIF-PJ,FULL,0
PRIF-PK,FULL,0
PRIF-PL,FULL,0
PRIM,FULL,0
PRK,FULL,0
PRKS,FULL,0
PRLB,FULL,0
PRLD,FULL,0
PRLH,FULL,0
PRM,FULL,0
PRME,FULL,0
PRMW,FULL,0
PRO,FULL,0
PROC,FULL,0
PROF,FULL,0
PROK,FULL,0
PROP,FULL,0
PROV,FULL,0
PRPH,FULL,0
PRPL,FULL,0
PRPO,FULL,0
PRQR,FULL,0
PRSO,FULL,0
PRTA,FULL,0
PRTC,FULL,0
PRTG,FULL,0
PRTH,FULL,0
PRTS,FULL,0
PRU,FULL,0
PRVA,FULL,0
PRZO,FULL,0
PSA,FULL,0
PSA-PF,FULL,0
PSA-PG,FULL,0
PSA-PH,FULL,0
PSA-PI,FULL,0
PSA-PJ,FULL,0
PSA-PK,FULL,0
PSA-PL,FULL,0
PSA-PM,FULL,0
PSA-PN,FULL,0
PSA-PO,FULL,0
PSA-PP,FULL,0
PSA-PQ,FULL,0
PSA-PR,FULL,0
PSA-PS,FULL,0
PSBD,FULL,0
PSEC,FULL,0
PSEC-PA,FULL,0
PSF,FULL,0
PSFE,FULL,0
PSHG,FULL,0
PSIG,FULL,0
PSMT,FULL,0
PSN,FULL,0
PSNL,FULL,0
PSNY,FULL,0
PSO,FULL,0
PSQH,FULL,0
PSTG,FULL,0
PSTL,FULL,0
PSTV,FULL,0
PSTX,FULL,0
PSX,FULL,0
PT,FULL,0
PTA,FULL,0
PTC,FULL,0
PTCT,FULL,0
PTEN,FULL,0
PTGX,FULL,0
PTIX,FULL,0
PTLO,FULL,0
PTMN,FULL,0
PTN,FULL,0
PTON,FULL,0
PTPI,FULL,0
PTSI,FULL,0
PTVE,FULL,0
PTWO,FULL,0
PTY,FULL,0
PUBM,FULL,0
PUK,FULL,0
PULM,FULL,0
PUMP,FULL,0
PVBC,FULL,0
PVH,FULL,0
PW,FULL,0
PW-PA,FULL,0
PWM,FULL,0
PWOD,FULL,0
PWP,FULL,0
PWR,FULL,0
PWSC,FULL,0
PWUP,FULL,0
PX,FULL,0
PXDT,FULL,0
PXLW,FULL,0
PXS,FULL,0
PXSAP,FULL,0
PYCR,FULL,0
PYN,FULL,0
PYPD,FULL,0
PYPL,FULL,0
PYXS,FULL,0
PZC,FULL,0
PZG,FULL,0
PZZA,FULL,0
QBTS,FULL,0
QCOM,FULL,0
QCRH,FULL,0
QD,FULL,0
QDEL,FULL,0
QETA,FULL,0
QFIN,FULL,0
QGEN,FULL,0
QH,FULL,0
QIPT,FULL,0
QLGN,FULL,0
QLYS,FULL,0
QMCO,FULL,0
QMMM,FULL,0
QNCX,FULL,0
QNRX,FULL,0
QNST,FULL,0
QNTM,FULL,0
QOMO,FULL,0
QQQX,FULL,0
QRHC,FULL,0
QRTEA,FULL,0
QRTEB,FULL,0
QRTEP,FULL,0
QRVO,FULL,0
QS,FULL,0
QSG,FULL,0
QSI,FULL,0
QSR,FULL,0
QTI,FULL,0
QTRX,FULL,0
QTTB,FULL,0
QTWO,FULL,0
QUAD,FULL,0
QUBT,FULL,0
QUIK,FULL,0
QURE,FULL,0
QXO,FULL,0
R,FULL,0
RA,FULL,0
RACE,FULL,0
RAIL,FULL,0
RAMP,FULL,0
RAND,FULL,0
RANI,FULL,0
RAPP,FULL,0
RAPT,FULL,0
RARE,FULL,0
RAVE,FULL,0
RAY,FULL,0
RAYA,FULL,0
RBA,FULL,0
RBB,FULL,0
RBBN,FULL,0
RBC,FULL,0
RBCAA,FULL,0
RBCP,FULL,0
RBKB,FULL,0
RBLX,FULL,0
RBOT,FULL,0
RBRK,FULL,0
RC,FULL,0
RC-PC,FULL,0
RC-PE,FULL,0
RCAT,FULL,0
RCEL,FULL,0
RCFA,FULL,0
RCG,FULL,0
RCI,FULL,0
RCKT,FULL,0
RCKY,FULL,0
RCL,FULL,0
RCM,FULL,0
RCMT,FULL,0
RCON,FULL,0
RCRT,FULL,0
RCS,FULL,0
RCUS,FULL,0
RDCM,FULL,0
RDDT,FULL,0
RDFN,FULL,0
RDHL,FULL,0
RDI,FULL,0
RDIB,FULL,0
RDN,FULL,0
RDNT,FULL,0
RDUS,FULL,0
RDVT,FULL,0
RDW,FULL,0
RDWR,FULL,0
RDY,FULL,0
RDZN,FULL,0
REAL,FULL,0
REAX,FULL,0
REBN,FULL,0
RECT,FULL,0
REE,FULL,0
REFI,FULL,0
REFR,FULL,0
REG,FULL,0
REGCO,FULL,0
REGCP,FULL,0
REGN,FULL,0
REI,FULL,0
REKR,FULL,0
RELI,FULL,0
RELL,FULL,0
RELX,FULL,0
RELY,FULL,0
RENB,FULL,0
RENE,FULL,0
RENT,FULL,0
REPL,FULL,0
REPX,FULL,0
RERE,FULL,0
RES,FULL,0
RETO,FULL,0
REVB,FULL,0
REVG,FULL,0
REX,FULL,0
REXR,FULL,0
REXR-PB,FULL,0
REXR-PC,FULL,0
REYN,FULL,0
REZI,FULL,0
RF,FULL,0
RF-PB,FULL,0
RF-PC,FULL,0
RF-PE,FULL,0
RF-PF,FULL,0
RFAC,FULL,0
RFAI,FULL,0
RFI,FULL,0
RFIL,FULL,0
RFL,FULL,0
RFM,FULL,0
RFMZ,FULL,0
RGA,FULL,0
RGC,FULL,0
RGCO,FULL,0
RGEN,FULL,0
RGF,FULL,0
RGLD,FULL,0
RGLS,FULL,0
RGNX,FULL,0
RGP,FULL,0
RGR,FULL,0
RGS,FULL,0
RGT,FULL,0
RGTI,FULL,0
RH,FULL,0
RHE,FULL,0
RHE-PA,FULL,0
RHI,FULL,0
RHP,FULL,0
RICK,FULL,0
RIG,FULL,0
RIGL,FULL,0
RILY,FULL,0
RILYL,FULL,0
RILYP,FULL,0
RIO,FULL,0
RIOT,FULL,0
RITM,FULL,0
RITM-PA,FULL,0
RITM-PB,FULL,0
RITM-PC,FULL,0
RITM-PD,FULL,0
RITR,FULL,0
RIV,FULL,0
RIV-PA,FULL,0
RIVN,FULL,0
RJF,FULL,0
RJF-PB,FULL,0
RKDA,FULL,0
RKLB,FULL,0
RKT,FULL,0
RL,FULL,0
RLAY,FULL,0
RLGT,FULL,0
RLI,FULL,0
RLJ,FULL,0
RLJ-PA,FULL,0
RLMD,FULL,0
RLTY,FULL,0
RLX,FULL,0
RLYB,FULL,0
RM,FULL,0
RMAX,FULL,0
RMBI,FULL,0
RMBL,FULL,0
RMBS,FULL,0
RMCF,FULL,0
RMCO,FULL,0
RMD,FULL,0
RMI,FULL,0
RMM,FULL,0
RMMZ,FULL,0
RMNI,FULL,0
RMPL-P,FULL,0
RMR,FULL,0
RMT,FULL,0
RMTI,FULL,0
RNA,FULL,0
RNAC,FULL,0
RNAZ,FULL,0
RNG,FULL,0
RNGR,FULL,0
RNLX,FULL,0
RNP,FULL,0
RNR,FULL,0
RNR-PF,FULL,0
RNR-PG,FULL,0
RNST,FULL,0
RNW,FULL,0
RNXT,FULL,0
ROAD,FULL,0
ROCK,FULL,0
ROCL,FULL,0
ROG,FULL,0
ROIC,FULL,0
ROIV,FULL,0
ROK,FULL,0
ROKU,FULL,0
ROL,FULL,0
ROMA,FULL,0
ROOT,FULL,0
ROP,FULL,0
ROST,FULL,0
RPAY,FULL,0
RPD,FULL,0
RPHM,FULL,0
RPID,FULL,0
RPM,FULL,0
RPRX,FULL,0
RPTX,FULL,0
RQI,FULL,0
RR,FULL,0
RRAC,FULL,0
RRBI,FULL,0
RRC,FULL,0
RRGB,FULL,0
RRR,FULL,0
RRX,FULL,0
RS,FULL,0
RSF,FULL,0
RSG,FULL,0
RSI,FULL,0
RSKD,FULL,0
RSLS,FULL,0
RSSS,FULL,0
RSTN,FULL,0
RSVR,FULL,0
RTC,FULL,0
RTO,FULL,0
RTX,FULL,0
RUM,FULL,0
RUN,FULL,0
RUSHA,FULL,0
RUSHB,FULL,0
RVLV,FULL,0
RVMD,FULL,0
RVNC,FULL,0
RVP,FULL,0
RVPH,FULL,0
RVSB,FULL,0
RVSN,FULL,0
RVT,FULL,0
RVTY,FULL,0
RVYL,FULL,0
RWAY,FULL,0
RWT,FULL,0
RWT-PA,FULL,0
RXO,FULL,0
RXRX,FULL,0
RXST,FULL,0
RXT,FULL,0
RY,FULL,0
RYAAY,FULL,0
RYAM,FULL,0
RYAN,FULL,0
RYDE,FULL,0
RYI,FULL,0
RYN,FULL,0
RYTM,FULL,0
RZLT,FULL,0
RZLV,FULL,0
S,FULL,0
SA,FULL,0
SABA,FULL,0
SABR,FULL,0
SABS,FULL,0
SACH,FULL,0
SACH-PA,FULL,0
SAFE,FULL,0
SAFT,FULL,0
SAGE,FULL,0
SAH,FULL,0
SAI,FULL,0
SAIA,FULL,0
SAIC,FULL,0
SAM,FULL,0
SAMG,FULL,0
SAN,FULL,0
SANA,FULL,0
SAND,FULL,0
SANG,FULL,0
SANM,FULL,0
SANW,FULL,0
SAP,FULL,0
SAR,FULL,0
SASR,FULL,0
SATL,FULL,0
SATS,FULL,0
SATX,FULL,0
SAVA,FULL,0
SAVE,FULL,0
SB,FULL,0
SB-PC,FULL,0
SB-PD,FULL,0
SBAC,FULL,0
SBCF,FULL,0
SBET,FULL,0
SBEV,FULL,0
SBFG,FULL,0
SBFM,FULL,0
SBGI,FULL,0
SBH,FULL,0
SBI,FULL,0
SBLK,FULL,0
SBRA,FULL,0
SBS,FULL,0
SBSI,FULL,0
SBSW,FULL,0
SBT,FULL,0
SBUX,FULL,0
SBXC,FULL,0
SCCO,FULL,0
SCD,FULL,0
SCE-PJ,FULL,0
SCE-PK,FULL,0
SCE-PL,FULL,0
SCE-PM,FULL,0
SCE-PN,FULL,0
SCHL,FULL,0
SCHW,FULL,0
SCHW-PD,FULL,0
SCHW-PJ,FULL,0
SCI,FULL,0
SCKT,FULL,0
SCL,FULL,0
SCLX,FULL,0
SCM,FULL,0
SCNI,FULL,0
SCOR,FULL,0
SCPH,FULL,0
SCPX,FULL,0
SCS,FULL,0
SCSC,FULL,0
SCVL,FULL,0
SCWO,FULL,0
SCWX,FULL,0
SCYX,FULL,0
SD,FULL,0
SDA,FULL,0
SDGR,FULL,0
SDHC,FULL,0
SDHY,FULL,0
SDIG,FULL,0
SDOT,FULL,0
SDRL,FULL,0
SDST,FULL,0
SE,FULL,0
SEAL-PA,FULL,0
SEAL-PB,FULL,0
SEAT,FULL,0
SEB,FULL,0
SEDA,FULL,0
SEDG,FULL,0
SEE,FULL,0
SEED,FULL,0
SEEL,FULL,0
SEER,FULL,0
SEG,FULL,0
SEIC,FULL,0
SELF,FULL,0
SELX,FULL,0
SEM,FULL,0
SEMR,FULL,0
SENEA,FULL,0
SENEB,FULL,0
SENS,FULL,0
SER,FULL,0
SERA,FULL,0
SERV,FULL,0
SES,FULL,0
SEVN,FULL,0
SEZL,FULL,0
SF,FULL,0
SF-PB,FULL,0
SF-PC,FULL,0
SF-PD,FULL,0
SFBC,FULL,0
SFBS,FULL,0
SFIX,FULL,0
SFL,FULL,0
SFM,FULL,0
SFNC,FULL,0
SFST,FULL,0
SFWL,FULL,0
SG,FULL,0
SGA,FULL,0
SGBX,FULL,0
SGC,FULL,0
SGD,FULL,0
SGE,FULL,0
SGH,FULL,0
SGHC,FULL,0
SGHT,FULL,0
SGLY,FULL,0
SGMA,FULL,0
SGML,FULL,0
SGMO,FULL,0
SGMT,FULL,0
SGN,FULL,0
SGRP,FULL,0
SGRY,FULL,0
SHAK,FULL,0
SHBI,FULL,0
SHC,FULL,0
SHCO,FULL,0
SHCR,FULL,0
SHEL,FULL,0
SHEN,FULL,0
SHFS,FULL,0
SHG,FULL,0
SHIM,FULL,0
SHIP,FULL,0
SHLS,FULL,0
SHLT,FULL,0
SHMD,FULL,0
SHO,FULL,0
SHO-PH,FULL,0
SHO-PI,FULL,0
SHOO,FULL,0
SHOP,FULL,0
SHOT,FULL,0
SHPH,FULL,0
SHW,FULL,0
SHYF,FULL,0
SIBN,FULL,0
SID,FULL,0
SIDU,FULL,0
SIEB,FULL,0
SIF,FULL,0
SIFY,FULL,0
SIG,FULL,0
SIGA,FULL,0
SIGI,FULL,0
SIGIP,FULL,0
SII,FULL,0
SILA,FULL,0
SILC,FULL,0
SILK,FULL,0
SILO,FULL,0
SILV,FULL,0
SIM,FULL,0
SIMO,FULL,0
SING,FULL,0
SINT,FULL,0
SIRI,FULL,0
SISI,FULL,0
SITC,FULL,0
SITC-PA,FULL,0
SITE,FULL,0
SITM,FULL,0
SJ,FULL,0
SJM,FULL,0
SJW,FULL,0
SKE,FULL,0
SKGR,FULL,0
SKIL,FULL,0
SKIN,FULL,0
SKLZ,FULL,0
SKM,FULL,0
SKT,FULL,0
SKWD,FULL,0
SKX,FULL,0
SKY,FULL,0
SKYE,FULL,0
SKYH,FULL,0
SKYT,FULL,0
SKYW,FULL,0
SKYX,FULL,0
SLAB,FULL,0
SLAM,FULL,0
SLB,FULL,0
SLDB,FULL,0
SLDP,FULL,0
SLE,FULL,0
SLF,FULL,0
SLG,FULL,0
SLG-PI,FULL,0
SLGL,FULL,0
SLGN,FULL,0
SLI,FULL,0
SLM,FULL,0
SLMBP,FULL,0
SLN,FULL,0
SLND,FULL,0
SLNG,FULL,0
SLNH,FULL,0
SLNHP,FULL,0
SLNO,FULL,0
SLP,FULL,0
SLQT,FULL,0
SLRC,FULL,0
SLRN,FULL,0
SLRX,FULL,0
SLS,FULL,0
SLSR,FULL,0
SLVM,FULL,0
SLXN,FULL,0
SM,FULL,0
SMAR,FULL,0
SMBC,FULL,0
SMBK,FULL,0
SMCI,FULL,0
SMFG,FULL,0
SMFL,FULL,0
SMG,FULL,0
SMHI,FULL,0
SMID,FULL,0
SMLR,FULL,0
SMMT,FULL,0
SMP,FULL,0
SMPL,FULL,0
SMR,FULL,0
SMRT,FULL,0
SMSI,FULL,0
SMTC,FULL,0
SMTI,FULL,0
SMTK,FULL,0
SMWB,FULL,0
SMX,FULL,0
SMXT,FULL,0
SN,FULL,0
SNA,FULL,0
SNAL,FULL,0
SNAP,FULL,0
SNAX,FULL,0
SNBR,FULL,0
SNCR,FULL,0
SNCY,FULL,0
SND,FULL,0
SNDA,FULL,0
SNDL,FULL,0
SNDR,FULL,0
SNDX,FULL,0
SNES,FULL,0
SNEX,FULL,0
SNFCA,FULL,0
SNGX,FULL,0
SNN,FULL,0
SNOA,FULL,0
SNOW,FULL,0
SNPS,FULL,0
SNPX,FULL,0
SNSE,FULL,0
SNT,FULL,0
SNTG,FULL,0
SNTI,FULL,0
SNV,FULL,0
SNV-PD,FULL,0
SNV-PE,FULL,0
SNX,FULL,0
SNY,FULL,0
SO,FULL,0
SOAR,FULL,0
SOBR,FULL,0
SOC,FULL,0
SOFI,FULL,0
SOGP,FULL,0
SOHO,FULL,0
SOHOB,FULL,0
SOHON,FULL,0
SOHOO,FULL,0
SOHU,FULL,0
SOI,FULL,0
SOL,FULL,0
SOLV,FULL,0
SON,FULL,0
SOND,FULL,0
SONM,FULL,0
SONN,FULL,0
SONO,FULL,0
SONY,FULL,0
SOPA,FULL,0
SOPH,FULL,0
SOR,FULL,0
SOS,FULL,0
SOTK,FULL,0
SOUN,FULL,0
SOWG,FULL,0
SPB,FULL,0
SPCB,FULL,0
SPCE,FULL,0
SPE,FULL,0
SPE-PC,FULL,0
SPFI,FULL,0
SPG,FULL,0
SPG-PJ,FULL,0
SPGC,FULL,0
SPGI,FULL,0
SPHR,FULL,0
SPI,FULL,0
SPIR,FULL,0
SPKL,FULL,0
SPLP-PA,FULL,0
SPMC,FULL,0
SPNS,FULL,0
SPNT,FULL,0
SPNT-PB,FULL,0
SPOK,FULL,0
SPOT,FULL,0
SPPL,FULL,0
SPR,FULL,0
SPRB,FULL,0
SPRC,FULL,0
SPRO,FULL,0
SPRU,FULL,0
SPRY,FULL,0
SPSC,FULL,0
SPT,FULL,0
SPTN,FULL,0
SPWH,FULL,0
SPXC,FULL,0
SPXX,FULL,0
SQ,FULL,0
SQFT,FULL,0
SQFTP,FULL,0
SQM,FULL,0
SQNS,FULL,0
SQSP,FULL,0
SR,FULL,0
SR-PA,FULL,0
SRAD,FULL,0
SRBK,FULL,0
SRCE,FULL,0
SRCL,FULL,0
SRDX,FULL,0
SRE,FULL,0
SRFM,FULL,0
SRG,FULL,0
SRG-PA,FULL,0
SRI,FULL,0
SRL,FULL,0
SRM,FULL,0
SRPT,FULL,0
SRRK,FULL,0
SRTS,FULL,0
SRV,FULL,0
SRZN,FULL,0
SSB,FULL,0
SSBI,FULL,0
SSBK,FULL,0
SSD,FULL,0
SSIC,FULL,0
SSKN,FULL,0
SSL,FULL,0
SSNC,FULL,0
SSP,FULL,0
SSRM,FULL,0
SSSS,FULL,0
SST,FULL,0
SSTI,FULL,0
SSTK,FULL,0
SSY,FULL,0
SSYS,FULL,0
ST,FULL,0
STAA,FULL,0
STAF,FULL,0
STAG,FULL,0
STBA,FULL,0
STBX,FULL,0
STC,FULL,0
STCN,FULL,0
STE,FULL,0
STEC,FULL,0
STEL,FULL,0
STEM,FULL,0
STEP,FULL,0
STER,FULL,0
STEW,FULL,0
STG,FULL,0
STGW,FULL,0
STHO,FULL,0
STI,FULL,0
STIM,FULL,0
STK,FULL,0
STKH,FULL,0
STKL,FULL,0
STKS,FULL,0
STLA,FULL,0
STLD,FULL,0
STM,FULL,0
STN,FULL,0
STNE,FULL,0
STNG,FULL,0
STOK,FULL,0
STR,FULL,0
STRA,FULL,0
STRL,FULL,0
STRM,FULL,0
STRO,FULL,0
STRR,FULL,0
STRRP,FULL,0
STRS,FULL,0
STRT,FULL,0
STRW,FULL,0
STSS,FULL,0
STT,FULL,0
STT-PG,FULL,0
STTK,FULL,0
STVN,FULL,0
STWD,FULL,0
STX,FULL,0
STXS,FULL,0
STZ,FULL,0
SU,FULL,0
SUGP,FULL,0
SUI,FULL,0
SUM,FULL,0
SUNS,FULL,0
SUP,FULL,0
SUPN,FULL,0
SUPV,FULL,0
SURG,FULL,0
SUUN,FULL,0
SUZ,FULL,0
SVA,FULL,0
SVC,FULL,0
SVCO,FULL,0
SVII,FULL,0
SVM,FULL,0
SVMH,FULL,0
SVRA,FULL,0
SVRE,FULL,0
SVT,FULL,0
SVV,FULL,0
SW,FULL,0
SWAG,FULL,0
SWBI,FULL,0
SWI,FULL,0
SWIM,FULL,0
SWIN,FULL,0
SWK,FULL,0
SWKH,FULL,0
SWKS,FULL,0
SWN,FULL,0
SWTX,FULL,0
SWVL,FULL,0
SWX,FULL,0
SWZ,FULL,0
SXC,FULL,0
SXI,FULL,0
SXT,FULL,0
SXTC,FULL,0
SXTP,FULL,0
SY,FULL,0
SYBT,FULL,0
SYBX,FULL,0
SYF,FULL,0
SYF-PA,FULL,0
SYF-PB,FULL,0
SYK,FULL,0
SYM,FULL,0
SYNA,FULL,0
SYNX,FULL,0
SYPR,FULL,0
SYRA,FULL,0
SYRE,FULL,0
SYRS,FULL,0
SYT,FULL,0
SYTA,FULL,0
SYY,FULL,0
PIZ,FULL,0
PJAN,FULL,0
PJBF,FULL,0
PJFG,FULL,0
PJFM,FULL,0
PJFV,FULL,0
PJIO,FULL,0
PJP,FULL,0
PJUL,FULL,0
PJUN,FULL,0
PKB,FULL,0
PKW,FULL,0
PLDR,FULL,0
PLTM,FULL,0
PMAR,FULL,0
PMAY,FULL,0
PMIO,FULL,0
PNOV,FULL,0
PNQI,FULL,0
POCT,FULL,0
POWA,FULL,0
PP,FULL,0
PPA,FULL,0
PPEM,FULL,0
PPH,FULL,0
PPI,FULL,0
PPIE,FULL,0
PPLT,FULL,0
PPTY,FULL,0
PQDI,FULL,0
PRAE,FULL,0
PRAY,FULL,0
PREF,FULL,0
PRF,FULL,0
PRFD,FULL,0
PRFZ,FULL,0
PRMN,FULL,0
PRN,FULL,0
PRNT,FULL,0
PSC,FULL,0
PSCC,FULL,0
PSCD,FULL,0
PSCE,FULL,0
PSCF,FULL,0
PSCH,FULL,0
PSCI,FULL,0
PSCJ,FULL,0
PSCM,FULL,0
PSCQ,FULL,0
PSCT,FULL,0
PSCU,FULL,0
PSCW,FULL,0
PSCX,FULL,0
PSDM,FULL,0
PSEP,FULL,0
PSET,FULL,0
PSFD,FULL,0
PSFF,FULL,0
PSFJ,FULL,0
PSFM,FULL,0
PSFO,FULL,0
PSH,FULL,0
PSI,FULL,0
PSIL,FULL,0
PSK,FULL,0
PSL,FULL,0
PSLV,FULL,0
PSMD,FULL,0
PSMJ,FULL,0
PSMO,FULL,0
PSMR,FULL,0
PSP,FULL,0
PSQ,FULL,0
PSR,FULL,0
PST,FULL,0
PSTP,FULL,0
PSTR,FULL,0
PSWD,FULL,0
PTBD,FULL,0
PTEC,FULL,0
PTEU,FULL,0
PTF,FULL,0
PTH,FULL,0
PTIN,FULL,0
PTL,FULL,0
PTLC,FULL,0
PTMC,FULL,0
PTNQ,FULL,0
PTRB,FULL,0
PUI,FULL,0
PULS,FULL,0
PULT,FULL,0
PUSH,FULL,0
PUTD,FULL,0
PUTW,FULL,0
PVAL,FULL,0
PVI,FULL,0
PWB,FULL,0
PWER,FULL,0
PWS,FULL,0
PWV,FULL,0
PWZ,FULL,0
PXE,FULL,0
PXF,FULL,0
PXH,FULL,0
PXI,FULL,0
PXJ,FULL,0
PY,FULL,0
PYLD,FULL,0
PYPY,FULL,0
PYZ,FULL,0
PZA,FULL,0
PZT,FULL,0
QABA,FULL,0
QAI,FULL,0
QARP,FULL,0
QAT,FULL,0
QBER,FULL,0
QBUF,FULL,0
QBUL,FULL,0
QCAP,FULL,0
QCJL,FULL,0
QCLN,FULL,0
QCLR,FULL,0
QCON,FULL,0
QDCC,FULL,0
QDEC,FULL,0
QDEF,FULL,0
QDF,FULL,0
QDIV,FULL,0
QDPL,FULL,0
QDTE,FULL,0
QDVO,FULL,0
QEFA,FULL,0
QEMM,FULL,0
QETH,FULL,0
QFLR,FULL,0
QGRO,FULL,0
QGRW,FULL,0
QHDG,FULL,0
QHY,FULL,0
QID,FULL,0
QIG,FULL,0
QINT,FULL,0
QIS,FULL,0
QJUN,FULL,0
QLC,FULL,0
QLD,FULL,0
QLTA,FULL,0
QLTY,FULL,0
QLV,FULL,0
QLVD,FULL,0
QLVE,FULL,0
QMAG,FULL,0
QMAR,FULL,0
QMID,FULL,0
QMMY,FULL,0
QMOM,FULL,0
QOWZ,FULL,0
QPFF,FULL,0
QPX,FULL,0
QQA,FULL,0
QQEW,FULL,0
QQH,FULL,0
QQJG,FULL,0
QQMG,FULL,0
QQQA,FULL,0
QQQD,FULL,0
QQQE,FULL,0
QQQG,FULL,0
QQQI,FULL,0
QQQJ,FULL,0
QQQM,FULL,0
QQQN,FULL,0
QQQS,FULL,0
QQQT,FULL,0
QQQU,FULL,0
QQQY,FULL,0
QQXT,FULL,0
QRFT,FULL,0
QRMI,FULL,0
QSIG,FULL,0
QSML,FULL,0
QSPT,FULL,0
QSWN,FULL,0
QTAP,FULL,0
QTEC,FULL,0
QTJA,FULL,0
QTJL,FULL,0
QTOC,FULL,0
QTR,FULL,0
QTUM,FULL,0
QUAL,FULL,0
QULL,FULL,0
QUS,FULL,0
QUVU,FULL,0
QVAL,FULL,0
QVML,FULL,0
QVMM,FULL,0
QVMS,FULL,0
QVOY,FULL,0
QWLD,FULL,0
QXQ,FULL,0
QYLD,FULL,0
QYLE,FULL,0
QYLG,FULL,0
RAAX,FULL,0
RAFE,FULL,0
RATE,FULL,0
RAVI,FULL,0
RAYC,FULL,0
RAYD,FULL,0
RAYE,FULL,0
RAYJ,FULL,0
RAYS,FULL,0
RBLD,FULL,0
RBUF,FULL,0
RDFI,FULL,0
RDIV,FULL,0
RDOG,FULL,0
RDVI,FULL,0
RDVY,FULL,0
REAI,FULL,0
RECS,FULL,0
REET,FULL,0
REGL,FULL,0
REIT,FULL,0
REK,FULL,0
REKT,FULL,0
REM,FULL,0
REMX,FULL,0
RENW,FULL,0
RETL,FULL,0
REVS,FULL,0
REW,FULL,0
REZ,FULL,0
RFCI,FULL,0
RFDA,FULL,0
RFDI,FULL,0
RFEM,FULL,0
RFEU,FULL,0
RFFC,FULL,0
RFG,FULL,0
RFV,FULL,0
RHCB,FULL,0
RHRX,FULL,0
RHTX,FULL,0
RIET,FULL,0
RIGS,FULL,0
RINC,FULL,0
RINF,FULL,0
RING,FULL,0
RISN,FULL,0
RISR,FULL,0
RITA,FULL,0
RJMG,FULL,0
RLY,FULL,0
RMCA,FULL,0
RMIF,FULL,0
RMNY,FULL,0
RMOP,FULL,0
RND,FULL,0
RNEM,FULL,0
RNEW,FULL,0
RNRG,FULL,0
RNSC,FULL,0
RNWZ,FULL,0
ROAM,FULL,0
ROBO,FULL,0
ROBT,FULL,0
RODE,FULL,0
RODM,FULL,0
ROE,FULL,0
ROIS,FULL,0
ROKT,FULL,0
ROM,FULL,0
ROMO,FULL,0
ROOF,FULL,0
RORO,FULL,0
ROSC,FULL,0
ROUS,FULL,0
RPAR,FULL,0
RPG,FULL,0
RPHS,FULL,0
RPV,FULL,0
RSBT,FULL,0
RSBY,FULL,0
RSEE,FULL,0
RSHO,FULL,0
RSJN,FULL,0
RSP,FULL,0
RSPA,FULL,0
RSPC,FULL,0
RSPD,FULL,0
RSPE,FULL,0
RSPF,FULL,0
RSPG,FULL,0
RSPH,FULL,0
RSPM,FULL,0
RSPN,FULL,0
RSPR,FULL,0
RSPS,FULL,0
RSPT,FULL,0
RSPU,FULL,0
RSSB,FULL,0
RSSL,FULL,0
RSST,FULL,0
RSSY,FULL,0
RTAI,FULL,0
RTH,FULL,0
RTRE,FULL,0
RUFF,FULL,0
RULE,FULL,0
RUNN,FULL,0
RVER,FULL,0
RVNU,FULL,0
RVRB,FULL,0
RWJ,FULL,0
RWK,FULL,0
RWL,FULL,0
RWM,FULL,0
RWO,FULL,0
RWR,FULL,0
RWX,FULL,0
RXD,FULL,0
RXI,FULL,0
RXL,FULL,0
RYLD,FULL,0
RYLG,FULL,0
RYSE,FULL,0
RZG,FULL,0
RZV,FULL,0
SAA,FULL,0
SAEF,FULL,0
SAGP,FULL,0
SAMM,FULL,0
SAMT,FULL,0
SARK,FULL,0
SATO,FULL,0
SAUG,FULL,0
SAWG,FULL,0
SAWS,FULL,0
SBB,FULL,0
SBIO,FULL,0
SBIT,FULL,0
SBND,FULL,0
SCAP,FULL,0
SCC,FULL,0
SCDL,FULL,0
SCDS,FULL,0
SCHA,FULL,0
SCHB,FULL,0
SCHC,FULL,0
SCHD,FULL,0
SCHE,FULL,0
SCHF,FULL,0
SCHG,FULL,0
SCHH,FULL,0
SCHI,FULL,0
SCHJ,FULL,0
SCHK,FULL,0
SCHM,FULL,0
SCHO,FULL,0
SCHP,FULL,0
SCHQ,FULL,0
SCHR,FULL,0
SCHV,FULL,0
SCHX,FULL,0
SCHY,FULL,0
SCHZ,FULL,0
SCIO,FULL,0
SCJ,FULL,0
SCLZ,FULL,0
SCMB,FULL,0
SCO,FULL,0
SCUS,FULL,0
SCYB,FULL,0
SCZ,FULL,0
SDCI,FULL,0
SDCP,FULL,0
SDD,FULL,0
SDEM,FULL,0
SDFI,FULL,0
SDG,FULL,0
SDIV,FULL,0
SDOG,FULL,0
SDOW,FULL,0
SDP,FULL,0
SDS,FULL,0
SDSI,FULL,0
SDVD,FULL,0
SDVY,FULL,0
SDY,FULL,0
SEA,FULL,0
SECR,FULL,0
SECT,FULL,0
SEF,FULL,0
SEIM,FULL,0
SEIQ,FULL,0
SEIV,FULL,0
SEIX,FULL,0
SELV,FULL,0
SEMI,FULL,0
SEPP,FULL,0
SEPT,FULL,0
SEPW,FULL,0
SEPZ,FULL,0
SETH,FULL,0
SETM,FULL,0
SFEB,FULL,0
SFLO,FULL,0
SFLR,FULL,0
SFY,FULL,0
SFYF,FULL,0
SFYX,FULL,0
SGDJ,FULL,0
SGDM,FULL,0
SGLC,FULL,0
SGOL,FULL,0
SGOV,FULL,0
SH,FULL,0
SHAG,FULL,0
SHDG,FULL,0
SHE,FULL,0
SHLD,FULL,0
SHM,FULL,0
SHNY,FULL,0
SHOC,FULL,0
SHPP,FULL,0
SHRT,FULL,0
SHRY,FULL,0
SHUS,FULL,0
SHV,FULL,0
SHY,FULL,0
SHYD,FULL,0
SHYG,FULL,0
SHYL,FULL,0
SIFI,FULL,0
SIHY,FULL,0
SIJ,FULL,0
SIL,FULL,0
SILJ,FULL,0
SIMS,FULL,0
SIO,FULL,0
SIVR,FULL,0
SIXA,FULL,0
SIXD,FULL,0
SIXF,FULL,0
SIXG,FULL,0
SIXH,FULL,0
SIXJ,FULL,0
SIXL,FULL,0
SIXO,FULL,0
SIXP,FULL,0
SIXS,FULL,0
SIXZ,FULL,0
SIZE,FULL,0
SJB,FULL,0
SJNK,FULL,0
SKF,FULL,0
SKOR,FULL,0
SKRE,FULL,0
SKYU,FULL,0
SKYY,FULL,0
SLQD,FULL,0
SLV,FULL,0
SLVP,FULL,0
SLX,FULL,0
SLYG,FULL,0
SLYV,FULL,0
SMAY,FULL,0
SMCF,FULL,0
SMCO,FULL,0
SMCP,FULL,0
SMCX,FULL,0
SMDD,FULL,0
SMDV,FULL,0
SMDY,FULL,0
SMH,FULL,0
SMI,FULL,0
SMIG,FULL,0
SMIN,FULL,0
SMIZ,FULL,0
SMLF,FULL,0
SMLV,FULL,0
SMMD,FULL,0
SMMU,FULL,0
SMMV,FULL,0
SMN,FULL,0
SMOG,FULL,0
SMOT,FULL,0
SMRI,FULL,0
SMST,FULL,0
SMTH,FULL,0
SNAV,FULL,0
SNOV,FULL,0
SNOY,FULL,0
SNPD,FULL,0
SNPE,FULL,0
SNPG,FULL,0
SNPV,FULL,0
SNSR,FULL,0
SOCL,FULL,0
SOF,FULL,0
SOLR,FULL,0
SOVF,FULL,0
SOXL,FULL,0
SOXQ,FULL,0
SOXS,FULL,0
SOXX,FULL,0
SOYB,FULL,0
SPAB,FULL,0
SPAM,FULL,0
SPAQ,FULL,0
SPAX,FULL,0
SPBC,FULL,0
SPBO,FULL,0
SPC,FULL,0
SPCX,FULL,0
SPCZ,FULL,0
SPD,FULL,0
SPDG,FULL,0
SPDN,FULL,0
SPDV,FULL,0
SPDW,FULL,0
SPEM,FULL,0
SPEU,FULL,0
SPFF,FULL,0
SPGM,FULL,0
SPGP,FULL,0
SPHB,FULL,0
SPHD,FULL,0
SPHQ,FULL,0
SPHY,FULL,0
SPIB,FULL,0
SPIP,FULL,0
SPLB,FULL,0
SPLG,FULL,0
SPLV,FULL,0
SPMB,FULL,0
SPMD,FULL,0
SPMO,FULL,0
SPMV,FULL,0
SPPP,FULL,0
SPQ,FULL,0
SPRE,FULL,0
SPRX,FULL,0
SPSB,FULL,0
SPSK,FULL,0
SPSM,FULL,0
SPTB,FULL,0
SPTE,FULL,0
SPTI,FULL,0
SPTL,FULL,0
SPTM,FULL,0
SPTS,FULL,0
SPUC,FULL,0
SPUS,FULL,0
SPUU,FULL,0
SPVM,FULL,0
SPVU,FULL,0
SPWO,FULL,0
SPXE,FULL,0
SPXL,FULL,0
SPXN,FULL,0
SPXS,FULL,0
SPXT,FULL,0
SPXU,FULL,0
SPXV,FULL,0
SPYC,FULL,0
SPYD,FULL,0
SPYG,FULL,0
SPYI,FULL,0
SPYT,FULL,0
SPYU,FULL,0
SPYV,FULL,0
SPYX,FULL,0
SQEW,FULL,0
SQLV,FULL,0
SQQQ,FULL,0
SQY,FULL,0
SRET,FULL,0
SRHQ,FULL,0
SRHR,FULL,0
SRLN,FULL,0
SROI,FULL,0
SRS,FULL,0
SRTY,FULL,0
SRVR,FULL,0
SSFI,FULL,0
SSG,FULL,0
SSLY,FULL,0
SSO,FULL,0
SSPX,FULL,0
SSPY,FULL,0
SSUS,FULL,0
SSXU,FULL,0
STAX,FULL,0
STBF,FULL,0
STCE,FULL,0
STIP,FULL,0
STNC,FULL,0
STOT,FULL,0
STPZ,FULL,0
STRV,FULL,0
STXD,FULL,0
STXE,FULL,0
STXG,FULL,0
STXI,FULL,0
STXK,FULL,0
STXM,FULL,0
STXT,FULL,0
STXV,FULL,0
SUB,FULL,0
SUPL,FULL,0
SUPP,FULL,0
SURE,FULL,0
SURI,FULL,0
SUSA,FULL,0
SUSB,FULL,0
SUSC,FULL,0
SUSL,FULL,0
SVAL,FULL,0
SVIX,FULL,0
SVOL,FULL,0
SVXY,FULL,0
SWAN,FULL,0
SXQG,FULL,0
SXUS,FULL,0
SYFI,FULL,0
SYII,FULL,0
SYLD,FULL,0
SYNB,FULL,0
SYUS,FULL,0
SZK,FULL,0
SZNE,FULL,0
TACK,FULL,0
TAFI,FULL,0
TAFL,FULL,0
TAFM,FULL,0
TAGG,FULL,0
TAGS,FULL,0
TAIL,FULL,0
TAN,FULL,0
TARK,FULL,0
TAXE,FULL,0
TAXF,FULL,0
TAXX,FULL,0
TBF,FULL,0
TBFC,FULL,0
TBFG,FULL,0
TBG,FULL,0
TBIL,FULL,0
TBJL,FULL,0
TBLL,FULL,0
TBT,FULL,0
TBUX,FULL,0
TBX,FULL,0
TCAF,FULL,0
TCHI,FULL,0
TCHP,FULL,0
TDI,FULL,0
TDIV,FULL,0
TDSB,FULL,0
TDSC,FULL,0
TDTF,FULL,0
TDTT,FULL,0
TDV,FULL,0
TDVG,FULL,0
TDVI,FULL,0
TECB,FULL,0
TECL,FULL,0
TECS,FULL,0
TEMP,FULL,0
TEQI,FULL,0
TFI,FULL,0
TFJL,FULL,0
TFLO,FULL,0
TFLR,FULL,0
TFPN,FULL,0
TGLR,FULL,0
TGRT,FULL,0
TGRW,FULL,0
THD,FULL,0
THLV,FULL,0
THNQ,FULL,0
THNR,FULL,0
THTA,FULL,0
THY,FULL,0
THYF,FULL,0
TILL,FULL,0
TILT,FULL,0
TIME,FULL,0
TINT,FULL,0
TINY,FULL,0
TIP,FULL,0
TIPX,FULL,0
TIPZ,FULL,0
TJUL,FULL,0
TLH,FULL,0
TLT,FULL,0
TLTD,FULL,0
TLTE,FULL,0
TLTW,FULL,0
TMAT,FULL,0
TMDV,FULL,0
TMET,FULL,0
TMF,FULL,0
TMFC,FULL,0
TMFE,FULL,0
TMFG,FULL,0
TMFM,FULL,0
TMFS,FULL,0
TMFX,FULL,0
TMSL,FULL,0
TMV,FULL,0
TNA,FULL,0
TOAK,FULL,0
TOGA,FULL,0
TOK,FULL,0
TOKE,FULL,0
TOLL,FULL,0
TOLZ,FULL,0
TOTL,FULL,0
TOTR,FULL,0
TOUS,FULL,0
TPHD,FULL,0
TPHE,FULL,0
TPIF,FULL,0
TPLC,FULL,0
TPLE,FULL,0
TPMN,FULL,0
TPOR,FULL,0
TPSC,FULL,0
TPYP,FULL,0
TQQQ,FULL,0
TRFK,FULL,0
TRFM,FULL,0
TRND,FULL,0
TRTY,FULL,0
TSDD,FULL,0
TSEC,FULL,0
TSL,FULL,0
TSLH,FULL,0
TSLL,FULL,0
TSLP,FULL,0
TSLQ,FULL,0
TSLR,FULL,0
TSLS,FULL,0
TSLT,FULL,0
TSLY,FULL,0
TSLZ,FULL,0
TSME,FULL,0
TSMY,FULL,0
TSPA,FULL,0
TSPY,FULL,0
TTAC,FULL,0
TTAI,FULL,0
TTT,FULL,0
TUA,FULL,0
TUG,FULL,0
TUGN,FULL,0
TUR,FULL,0
TUSI,FULL,0
TVAL,FULL,0
TWIO,FULL,0
TWM,FULL,0
TXS,FULL,0
TXSS,FULL,0
TYA,FULL,0
TYD,FULL,0
TYLD,FULL,0
TYLG,FULL,0
TYO,FULL,0
TZA,FULL,0
UAE,FULL,0
UAPR,FULL,0
UAUG,FULL,0
UBND,FULL,0
UBOT,FULL,0
UBR,FULL,0
UBT,FULL,0
UCC,FULL,0
UCO,FULL,0
UCON,FULL,0
UCRD,FULL,0
UCYB,FULL,0
UDEC,FULL,0
UDI,FULL,0
UDIV,FULL,0
UDOW,FULL,0
UEVM,FULL,0
UFEB,FULL,0
UFIV,FULL,0
UFO,FULL,0
UGA,FULL,0
UGE,FULL,0
UGL,FULL,0
UITB,FULL,0
UIVM,FULL,0
UJAN,FULL,0
UJB,FULL,0
UJUL,FULL,0
UJUN,FULL,0
ULE,FULL,0
ULST,FULL,0
ULTY,FULL,0
ULVM,FULL,0
UMAR,FULL,0
UMAY,FULL,0
UMDD,FULL,0
UMI,FULL,0
UMMA,FULL,0
UNG,FULL,0
UNIY,FULL,0
UNL,FULL,0
UNOV,FULL,0
UOCT,FULL,0
UPAR,FULL,0
UPGD,FULL,0
UPGR,FULL,0
UPRO,FULL,0
UPV,FULL,0
UPW,FULL,0
URA,FULL,0
URAA,FULL,0
URAX,FULL,0
URE,FULL,0
URNJ,FULL,0
URNM,FULL,0
URTH,FULL,0
URTY,FULL,0
USAI,FULL,0
USCA,FULL,0
USCF,FULL,0
USCI,FULL,0
USCL,FULL,0
USD,FULL,0
USDU,FULL,0
USDX,FULL,0
USE,FULL,0
USEP,FULL,0
USFI,FULL,0
USFR,FULL,0
USG,FULL,0
USHY,FULL,0
USIG,FULL,0
USIN,FULL,0
USL,FULL,0
USMC,FULL,0
USMF,FULL,0
USML,FULL,0
USMV,FULL,0
USNZ,FULL,0
USO,FULL,0
USOY,FULL,0
USPX,FULL,0
USRD,FULL,0
USRT,FULL,0
USSE,FULL,0
USSG,FULL,0
USSH,FULL,0
UST,FULL,0
USTB,FULL,0
USVM,FULL,0
USVN,FULL,0
USXF,FULL,0
UTEN,FULL,0
UTES,FULL,0
UTHY,FULL,0
UTRE,FULL,0
UTRN,FULL,0
UTSL,FULL,0
UTWO,FULL,0
UTWY,FULL,0
UVIX,FULL,0
UVXY,FULL,0
UWM,FULL,0
UXI,FULL,0
UYG,FULL,0
UYLD,FULL,0
UYM,FULL,0
VABS,FULL,0
VALQ,FULL,0
VAMO,FULL,0
VAW,FULL,0
VB,FULL,0
VBK,FULL,0
VBND,FULL,0
VBR,FULL,0
VCAR,FULL,0
VCEB,FULL,0
VCIT,FULL,0
VCLN,FULL,0
VCLT,FULL,0
VCR,FULL,0
VCRB,FULL,0
VCSH,FULL,0
VDC,FULL,0
VDE,FULL,0
VEA,FULL,0
VEGA,FULL,0
VEGI,FULL,0
VEGN,FULL,0
VEMY,FULL,0
VERS,FULL,0
VETZ,FULL,0
VEU,FULL,0
VFH,FULL,0
VFLO,FULL,0
VFMF,FULL,0
VFMO,FULL,0
VFMV,FULL,0
VFQY,FULL,0
VFVA,FULL,0
VGIT,FULL,0
VGK,FULL,0
VGLT,FULL,0
VGSH,FULL,0
VGSR,FULL,0
VGT,FULL,0
VHT,FULL,0
VICE,FULL,0
VIDI,FULL,0
VIG,FULL,0
VIGI,FULL,0
VIOG,FULL,0
VIOO,FULL,0
VIOV,FULL,0
VIRS,FULL,0
VIS,FULL,0
VIXM,FULL,0
VIXY,FULL,0
VLU,FULL,0
VLUE,FULL,0
VMAX,FULL,0
VMBS,FULL,0
VMOT,FULL,0
VNAM,FULL,0
VNLA,FULL,0
VNM,FULL,0
VNQ,FULL,0
VNQI,FULL,0
VNSE,FULL,0
VO,FULL,0
VOE,FULL,0
VONE,FULL,0
VONG,FULL,0
VONV,FULL,0
VOO,FULL,0
VOOG,FULL,0
VOOV,FULL,0
VOT,FULL,0
VOTE,FULL,0
VOX,FULL,0
VPC,FULL,0
VPL,FULL,0
VPLS,FULL,0
VPU,FULL,0
VRAI,FULL,0
VRIG,FULL,0
VRP,FULL,0
VSDA,FULL,0
VSGX,FULL,0
VSHY,FULL,0
VSLU,FULL,0
VSMV,FULL,0
VSS,FULL,0
VT,FULL,0
VTC,FULL,0
VTEB,FULL,0
VTEC,FULL,0
VTEI,FULL,0
VTES,FULL,0
VTHR,FULL,0
VTI,FULL,0
VTIP,FULL,0
VTV,FULL,0
VTWG,FULL,0
VTWO,FULL,0
VTWV,FULL,0
VUG,FULL,0
VUSB,FULL,0
VUSE,FULL,0
VV,FULL,0
VWI,FULL,0
VWID,FULL,0
VWO,FULL,0
VWOB,FULL,0
VXF,FULL,0
VXUS,FULL,0
VYM,FULL,0
VYMI,FULL,0
WABF,FULL,0
WANT,FULL,0
WBAT,FULL,0
WBIF,FULL,0
WBIG,FULL,0
WBIL,FULL,0
WBIY,FULL,0
WBND,FULL,0
WCBR,FULL,0
WCEO,FULL,0
WCLD,FULL,0
WDIV,FULL,0
WDNA,FULL,0
WEAT,FULL,0
WEBL,FULL,0
WEBS,FULL,0
WEED,FULL,0
WEEI,FULL,0
WEEL,FULL,0
WEIX,FULL,0
WFH,FULL,0
WGMI,FULL,0
WINC,FULL,0
WINN,FULL,0
WIP,FULL,0
WISE,FULL,0
WLDR,FULL,0
WLTG,FULL,0
WNDY,FULL,0
WOMN,FULL,0
WOOD,FULL,0
WRND,FULL,0
WTAI,FULL,0
WTBN,FULL,0
WTID,FULL,0
WTIU,FULL,0
WTMF,FULL,0
WTRE,FULL,0
WTV,FULL,0
WUGI,FULL,0
WWJD,FULL,0
XAIX,FULL,0
XAPR,FULL,0
XAR,FULL,0
XAUG,FULL,0
XB,FULL,0
XBAP,FULL,0
XBB,FULL,0
XBI,FULL,0
XBIL,FULL,0
XBJA,FULL,0
XBJL,FULL,0
XBOC,FULL,0
XC,FULL,0
XCCC,FULL,0
XCEM,FULL,0
XCLR,FULL,0
XCOR,FULL,0
XDAP,FULL,0
XDAT,FULL,0
XDEC,FULL,0
XDJA,FULL,0
XDJL,FULL,0
XDOC,FULL,0
XDQQ,FULL,0
XDSQ,FULL,0
XDTE,FULL,0
XEMD,FULL,0
XES,FULL,0
XFEB,FULL,0
XFIV,FULL,0
XFIX,FULL,0
XFLX,FULL,0
XHB,FULL,0
XHE,FULL,0
XHLF,FULL,0
XHS,FULL,0
XHYC,FULL,0
XHYD,FULL,0
XHYE,FULL,0
XHYF,FULL,0
XHYH,FULL,0
XHYI,FULL,0
XHYT,FULL,0
XIDE,FULL,0
XIJN,FULL,0
XIMR,FULL,0
XISE,FULL,0
XITK,FULL,0
XJAN,FULL,0
XJH,FULL,0
XJR,FULL,0
XJUL,FULL,0
XJUN,FULL,0
XLB,FULL,0
XLC,FULL,0
XLE,FULL,0
XLF,FULL,0
XLG,FULL,0
XLI,FULL,0
XLK,FULL,0
XLP,FULL,0
XLRE,FULL,0
XLSR,FULL,0
XLU,FULL,0
XLV,FULL,0
XLY,FULL,0
XMAR,FULL,0
XMAY,FULL,0
XME,FULL,0
XMHQ,FULL,0
XMLV,FULL,0
XMMO,FULL,0
XMPT,FULL,0
XMVM,FULL,0
XNAV,FULL,0
XNOV,FULL,0
XNTK,FULL,0
XOCT,FULL,0
XOMO,FULL,0
XONE,FULL,0
XOP,FULL,0
XPH,FULL,0
XPND,FULL,0
XPP,FULL,0
XRLV,FULL,0
XRLX,FULL,0
XRMI,FULL,0
XRT,FULL,0
XSD,FULL,0
XSEP,FULL,0
XSHD,FULL,0
XSHQ,FULL,0
XSLV,FULL,0
XSMO,FULL,0
XSOE,FULL,0
XSVM,FULL,0
XSVN,FULL,0
XSW,FULL,0
XT,FULL,0
XTAP,FULL,0
XTEN,FULL,0
XTJA,FULL,0
XTJL,FULL,0
XTL,FULL,0
XTN,FULL,0
XTOC,FULL,0
XTR,FULL,0
XTRE,FULL,0
XTWO,FULL,0
XTWY,FULL,0
XUSP,FULL,0
XVOL,FULL,0
XVV,FULL,0
XXCH,FULL,0
XYLD,FULL,0
XYLE,FULL,0
XYLG,FULL,0
YALL,FULL,0
YANG,FULL,0
YBIT,FULL,0
YBTC,FULL,0
YCL,FULL,0
YCS,FULL,0
YDEC,FULL,0
YEAR,FULL,0
YINN,FULL,0
YJUN,FULL,0
T,FULL,0
T-PA,FULL,0
T-PC,FULL,0
TAC,FULL,0
TACT,FULL,0
TAIT,FULL,0
TAK,FULL,0
TAL,FULL,0
TALK,FULL,0
TALO,FULL,0
TANH,FULL,0
TAOP,FULL,0
TAP,FULL,0
TAP-A,FULL,0
TARA,FULL,0
TARS,FULL,0
TASK,FULL,0
TATT,FULL,0
TAYD,FULL,0
TBBB,FULL,0
TBBK,FULL,0
TBI,FULL,0
TBIO,FULL,0
TBLA,FULL,0
TBLD,FULL,0
TBMC,FULL,0
TBN,FULL,0
TBNK,FULL,0
TBPH,FULL,0
TBRG,FULL,0
TC,FULL,0
TCBI,FULL,0
TCBIO,FULL,0
TCBK,FULL,0
TCBP,FULL,0
TCBS,FULL,0
TCBX,FULL,0
TCI,FULL,0
TCJH,FULL,0
TCMD,FULL,0
TCOA,FULL,0
TCOM,FULL,0
TCPC,FULL,0
TCRT,FULL,0
TCRX,FULL,0
TCS,FULL,0
TCTM,FULL,0
TCX,FULL,0
TD,FULL,0
TDC,FULL,0
TDF,FULL,0
TDG,FULL,0
TDOC,FULL,0
TDS,FULL,0
TDS-PU,FULL,0
TDS-PV,FULL,0
TDUP,FULL,0
TDW,FULL,0
TDY,FULL,0
TEAF,FULL,0
TEAM,FULL,0
TECH,FULL,0
TECK,FULL,0
TECTP,FULL,0
TECX,FULL,0
TEF,FULL,0
TEI,FULL,0
TEL,FULL,0
TELA,FULL,0
TELL,FULL,0
TELO,FULL,0
TEM,FULL,0
TEN,FULL,0
TEN-PE,FULL,0
TEN-PF,FULL,0
TENB,FULL,0
TENX,FULL,0
TEO,FULL,0
TER,FULL,0
TERN,FULL,0
TETE,FULL,0
TEVA,FULL,0
TEX,FULL,0
TFC,FULL,0
TFC-PI,FULL,0
TFC-PO,FULL,0
TFC-PR,FULL,0
TFFP,FULL,0
TFII,FULL,0
TFIN,FULL,0
TFINP,FULL,0
TFPM,FULL,0
TFSL,FULL,0
TFX,FULL,0
TG,FULL,0
TGAA,FULL,0
TGB,FULL,0
TGI,FULL,0
TGL,FULL,0
TGLS,FULL,0
TGNA,FULL,0
TGS,FULL,0
TGT,FULL,0
TGTX,FULL,0
TH,FULL,0
THAR,FULL,0
THC,FULL,0
THCH,FULL,0
THCP,FULL,0
THFF,FULL,0
THG,FULL,0
THM,FULL,0
THO,FULL,0
THQ,FULL,0
THR,FULL,0
THRD,FULL,0
THRM,FULL,0
THRY,FULL,0
THS,FULL,0
THTX,FULL,0
THW,FULL,0
TIGO,FULL,0
TIGR,FULL,0
TIL,FULL,0
TILE,FULL,0
TIMB,FULL,0
TIPT,FULL,0
TIRX,FULL,0
TISI,FULL,0
TITN,FULL,0
TIVC,FULL,0
TIXT,FULL,0
TJX,FULL,0
TK,FULL,0
TKC,FULL,0
TKLF,FULL,0
TKNO,FULL,0
TKO,FULL,0
TKR,FULL,0
TLF,FULL,0
TLGY,FULL,0
TLIS,FULL,0
TLK,FULL,0
TLN,FULL,0
TLPH,FULL,0
TLRY,FULL,0
TLS,FULL,0
TLSA,FULL,0
TLSI,FULL,0
TLYS,FULL,0
TM,FULL,0
TMC,FULL,0
TMCI,FULL,0
TMDX,FULL,0
TME,FULL,0
TMHC,FULL,0
TMO,FULL,0
TMP,FULL,0
TMQ,FULL,0
TMTC,FULL,0
TMUS,FULL,0
TNC,FULL,0
TNDM,FULL,0
TNET,FULL,0
TNFA,FULL,0
TNGX,FULL,0
TNK,FULL,0
TNL,FULL,0
TNON,FULL,0
TNXP,FULL,0
TNYA,FULL,0
TOI,FULL,0
TOL,FULL,0
TOMZ,FULL,0
TOON,FULL,0
TOP,FULL,0
TOPS,FULL,0
TORO,FULL,0
TOST,FULL,0
TOUR,FULL,0
TOVX,FULL,0
TOWN,FULL,0
TOYO,FULL,0
TPB,FULL,0
TPC,FULL,0
TPCS,FULL,0
TPET,FULL,0
TPG,FULL,0
TPH,FULL,0
TPIC,FULL,0
TPL,FULL,0
TPR,FULL,0
TPST,FULL,0
TPVG,FULL,0
TPX,FULL,0
TPZ,FULL,0
TR,FULL,0
TRAK,FULL,0
TRAW,FULL,0
TRC,FULL,0
TRDA,FULL,0
TREE,FULL,0
TREX,FULL,0
TRGP,FULL,0
TRI,FULL,0
TRIB,FULL,0
TRIN,FULL,0
TRIP,FULL,0
TRMB,FULL,0
TRMD,FULL,0
TRMK,FULL,0
TRML,FULL,0
TRN,FULL,0
TRNO,FULL,0
TRNR,FULL,0
TRNS,FULL,0
TROO,FULL,0
TROW,FULL,0
TROX,FULL,0
TRP,FULL,0
TRS,FULL,0
TRSG,FULL,0
TRST,FULL,0
TRT,FULL,0
TRTN-PA,FULL,0
TRTN-PB,FULL,0
TRTN-PC,FULL,0
TRTN-PD,FULL,0
TRTN-PE,FULL,0
TRTX,FULL,0
TRTX-PC,FULL,0
TRU,FULL,0
TRUE,FULL,0
TRUG,FULL,0
TRUP,FULL,0
TRV,FULL,0
TRVG,FULL,0
TRVI,FULL,0
TRVN,FULL,0
TRX,FULL,0
TS,FULL,0
TSAT,FULL,0
TSBK,FULL,0
TSBX,FULL,0
TSCO,FULL,0
TSE,FULL,0
TSEM,FULL,0
TSHA,FULL,0
TSI,FULL,0
TSLA,FULL,0
TSLX,FULL,0
TSM,FULL,0
TSN,FULL,0
TSQ,FULL,0
TSVT,FULL,0
TT,FULL,0
TTC,FULL,0
TTD,FULL,0
TTE,FULL,0
TTEC,FULL,0
TTEK,FULL,0
TTGT,FULL,0
TTI,FULL,0
TTMI,FULL,0
TTNP,FULL,0
TTOO,FULL,0
TTP,FULL,0
TTSH,FULL,0
TTWO,FULL,0
TU,FULL,0
TUP,FULL,0
TURB,FULL,0
TURN,FULL,0
TUSK,FULL,0
TUYA,FULL,0
TV,FULL,0
TVGN,FULL,0
TVTX,FULL,0
TW,FULL,0
TWFG,FULL,0
TWG,FULL,0
TWI,FULL,0
TWIN,FULL,0
TWKS,FULL,0
TWLO,FULL,0
TWN,FULL,0
TWO,FULL,0
TWO-PA,FULL,0
TWO-PB,FULL,0
TWO-PC,FULL,0
TWST,FULL,0
TX,FULL,0
TXG,FULL,0
TXMD,FULL,0
TXN,FULL,0
TXNM,FULL,0
TXRH,FULL,0
TXT,FULL,0
TY,FULL,0
TY-P,FULL,0
TYG,FULL,0
TYGO,FULL,0
TYL,FULL,0
TYRA,FULL,0
TZOO,FULL,0
U,FULL,0
UA,FULL,0
UAA,FULL,0
UAL,FULL,0
UAMY,FULL,0
UAVS,FULL,0
UBCP,FULL,0
UBER,FULL,0
UBFO,FULL,0
UBS,FULL,0
UBSI,FULL,0
UBX,FULL,0
UBXG,FULL,0
UCAR,FULL,0
UCB,FULL,0
UCB-PI,FULL,0
UCL,FULL,0
UCTT,FULL,0
UDMY,FULL,0
UDR,FULL,0
UE,FULL,0
UEC,FULL,0
UEIC,FULL,0
UFCS,FULL,0
UFI,FULL,0
UFPI,FULL,0
UFPT,FULL,0
UG,FULL,0
UGI,FULL,0
UGP,FULL,0
UGRO,FULL,0
UHAL,FULL,0
UHAL-B,FULL,0
UHG,FULL,0
UHS,FULL,0
UHT,FULL,0
UI,FULL,0
UIS,FULL,0
UK,FULL,0
UL,FULL,0
ULBI,FULL,0
ULCC,FULL,0
ULH,FULL,0
ULS,FULL,0
ULTA,FULL,0
ULY,FULL,0
UMAC,FULL,0
UMBF,FULL,0
UMC,FULL,0
UMH,FULL,0
UMH-PD,FULL,0
UNB,FULL,0
UNCY,FULL,0
UNF,FULL,0
UNFI,FULL,0
UNH,FULL,0
UNIT,FULL,0
UNM,FULL,0
UNP,FULL,0
UNTY,FULL,0
UONE,FULL,0
UONEK,FULL,0
UP,FULL,0
UPBD,FULL,0
UPC,FULL,0
UPLD,FULL,0
UPS,FULL,0
UPST,FULL,0
UPWK,FULL,0
UPXI,FULL,0
URBN,FULL,0
URG,FULL,0
URGN,FULL,0
URI,FULL,0
UROY,FULL,0
USA,FULL,0
USAP,FULL,0
USAS,FULL,0
USAU,FULL,0
USB,FULL,0
USB-PA,FULL,0
USB-PH,FULL,0
USB-PP,FULL,0
USB-PQ,FULL,0
USB-PR,FULL,0
USB-PS,FULL,0
USCB,FULL,0
USEA,FULL,0
USEG,FULL,0
USFD,FULL,0
USGO,FULL,0
USIO,FULL,0
USLM,FULL,0
USM,FULL,0
USNA,FULL,0
USPH,FULL,0
UTF,FULL,0
UTG,FULL,0
UTHR,FULL,0
UTI,FULL,0
UTL,FULL,0
UTMD,FULL,0
UTSI,FULL,0
UTZ,FULL,0
UUU,FULL,0
UUUU,FULL,0
UVE,FULL,0
UVSP,FULL,0
UVV,FULL,0
UWMC,FULL,0
UXIN,FULL,0
V,FULL,0
VABK,FULL,0
VAC,FULL,0
VAL,FULL,0
VALE,FULL,0
VALN,FULL,0
VALU,FULL,0
VANI,FULL,0
VATE,FULL,0
VBF,FULL,0
VBFC,FULL,0
VBNK,FULL,0
VBTX,FULL,0
VC,FULL,0
VCEL,FULL,0
VCIG,FULL,0
VCNX,FULL,0
VCSA,FULL,0
VCTR,FULL,0
VCV,FULL,0
VCYT,FULL,0
VECO,FULL,0
VEEE,FULL,0
VEEV,FULL,0
VEL,FULL,0
VEON,FULL,0
VERA,FULL,0
VERB,FULL,0
VERI,FULL,0
VERO,FULL,0
VERU,FULL,0
VERV,FULL,0
VERX,FULL,0
VET,FULL,0
VEV,FULL,0
VFC,FULL,0
VFF,FULL,0
VFL,FULL,0
VFS,FULL,0
VGAS,FULL,0
VGI,FULL,0
VGM,FULL,0
VGR,FULL,0
VGZ,FULL,0
VHAI,FULL,0
VHC,FULL,0
VHI,FULL,0
VIASP,FULL,0
VIAV,FULL,0
VICI,FULL,0
VICR,FULL,0
VIGL,FULL,0
VIK,FULL,0
VINC,FULL,0
VINE,FULL,0
VINO,FULL,0
VINP,FULL,0
VIOT,FULL,0
VIPS,FULL,0
VIR,FULL,0
VIRC,FULL,0
VIRI,FULL,0
VIRT,FULL,0
VIRX,FULL,0
VISL,FULL,0
VIST,FULL,0
VITL,FULL,0
VIV,FULL,0
VIVK,FULL,0
VKI,FULL,0
VKQ,FULL,0
VKTX,FULL,0
VLCN,FULL,0
VLD,FULL,0
VLGEA,FULL,0
VLN,FULL,0
VLO,FULL,0
VLRS,FULL,0
VLT,FULL,0
VLTO,FULL,0
VLY,FULL,0
VLYPN,FULL,0
VLYPO,FULL,0
VLYPP,FULL,0
VMAR,FULL,0
VMC,FULL,0
VMCA,FULL,0
VMD,FULL,0
VMEO,FULL,0
VMI,FULL,0
VMO,FULL,0
VNCE,FULL,0
VNDA,FULL,0
VNET,FULL,0
VNO,FULL,0
VNO-PL,FULL,0
VNO-PM,FULL,0
VNO-PN,FULL,0
VNO-PO,FULL,0
VNRX,FULL,0
VNT,FULL,0
VOD,FULL,0
VOR,FULL,0
VOXR,FULL,0
VOXX,FULL,0
VOYA,FULL,0
VOYA-PB,FULL,0
VPG,FULL,0
VPV,FULL,0
VRA,FULL,0
VRAR,FULL,0
VRAX,FULL,0
VRCA,FULL,0
VRDN,FULL,0
VRE,FULL,0
VREX,FULL,0
VRM,FULL,0
VRME,FULL,0
VRN,FULL,0
VRNA,FULL,0
VRNS,FULL,0
VRNT,FULL,0
VRPX,FULL,0
VRRM,FULL,0
VRSK,FULL,0
VRSN,FULL,0
VRT,FULL,0
VRTS,FULL,0
VRTX,FULL,0
VS,FULL,0
VSAC,FULL,0
VSAT,FULL,0
VSCO,FULL,0
VSEC,FULL,0
VSEE,FULL,0
VSH,FULL,0
VSME,FULL,0
VST,FULL,0
YLD,FULL,0
YLDE,FULL,0
YMAG,FULL,0
YMAR,FULL,0
YMAX,FULL,0
YOLO,FULL,0
YQQQ,FULL,0
YSEP,FULL,0
YXI,FULL,0
YYY,FULL,0
ZALT,FULL,0
ZAUG,FULL,0
ZECP,FULL,0
ZHDG,FULL,0
VSTA,FULL,0
VSTE,FULL,0
VSTM,FULL,0
VSTO,FULL,0
VSTS,FULL,0
VTAK,FULL,0
VTEX,FULL,0
VTGN,FULL,0
VTLE,FULL,0
VTMX,FULL,0
VTN,FULL,0
VTNR,FULL,0
VTOL,FULL,0
VTR,FULL,0
VTRS,FULL,0
VTS,FULL,0
VTSI,FULL,0
VTVT,FULL,0
VTYX,FULL,0
VUZI,FULL,0
VVI,FULL,0
VVOS,FULL,0
VVPR,FULL,0
VVR,FULL,0
VVV,FULL,0
VVX,FULL,0
VXRT,FULL,0
VYGR,FULL,0
VYNE,FULL,0
VYX,FULL,0
VZ,FULL,0
VZIO,FULL,0
VZLA,FULL,0
W,FULL,0
WAB,FULL,0
WABC,FULL,0
WAFD,FULL,0
WAFDP,FULL,0
WAFU,FULL,0
WAL,FULL,0
WAL-PA,FULL,0
WALD,FULL,0
WASH,FULL,0
WAT,FULL,0
WATT,FULL,0
WAVE,FULL,0
WAVS,FULL,0
WAY,FULL,0
WB,FULL,0
WBA,FULL,0
WBD,FULL,0
WBS,FULL,0
WBS-PF,FULL,0
WBS-PG,FULL,0
WBTN,FULL,0
WBUY,FULL,0
WBX,FULL,0
WCC,FULL,0
WCC-PA,FULL,0
WCN,FULL,0
WD,FULL,0
WDAY,FULL,0
WDC,FULL,0
WDFC,FULL,0
WDH,FULL,0
WDI,FULL,0
WDS,FULL,0
WEA,FULL,0
WEAV,FULL,0
WEC,FULL,0
WEL,FULL,0
WELL,FULL,0
WEN,FULL,0
WENA,FULL,0
WERN,FULL,0
WEST,FULL,0
WETH,FULL,0
WEX,FULL,0
WEYS,FULL,0
WF,FULL,0
WFC,FULL,0
WFC-PA,FULL,0
WFC-PC,FULL,0
WFC-PD,FULL,0
WFC-PL,FULL,0
WFC-PY,FULL,0
WFC-PZ,FULL,0
WFCF,FULL,0
WFG,FULL,0
WFRD,FULL,0
WGO,FULL,0
WGS,FULL,0
WH,FULL,0
WHD,FULL,0
WHF,FULL,0
WHG,FULL,0
WHLM,FULL,0
WHLR,FULL,0
WHLRD,FULL,0
WHLRP,FULL,0
WHR,FULL,0
WIA,FULL,0
WILC,FULL,0
WIMI,FULL,0
WINA,FULL,0
WING,FULL,0
WINT,FULL,0
WINV,FULL,0
WISA,FULL,0
WIT,FULL,0
WIW,FULL,0
WIX,FULL,0
WK,FULL,0
WKC,FULL,0
WKEY,FULL,0
WKHS,FULL,0
WKME,FULL,0
WKSP,FULL,0
WLDN,FULL,0
WLDS,FULL,0
WLFC,FULL,0
WLGS,FULL,0
WLK,FULL,0
WLY,FULL,0
WLYB,FULL,0
WM,FULL,0
WMB,FULL,0
WMG,FULL,0
WMK,FULL,0
WMPN,FULL,0
WMS,FULL,0
WMT,FULL,0
WNC,FULL,0
WNEB,FULL,0
WNS,FULL,0
WNW,FULL,0
WOK,FULL,0
WOLF,FULL,0
WOOF,FULL,0
WOR,FULL,0
WORX,FULL,0
WOW,FULL,0
WPC,FULL,0
WPM,FULL,0
WPP,FULL,0
WPRT,FULL,0
WRAP,FULL,0
WRB,FULL,0
WRBY,FULL,0
WRD,FULL,0
WRLD,FULL,0
WRN,FULL,0
WS,FULL,0
WSBC,FULL,0
WSBCP,FULL,0
WSBF,FULL,0
WSC,FULL,0
WSFS,FULL,0
WSM,FULL,0
WSO,FULL,0
WSO-B,FULL,0
WSR,FULL,0
WST,FULL,0
WT,FULL,0
WTBA,FULL,0
WTFC,FULL,0
WTFCM,FULL,0
WTFCP,FULL,0
WTI,FULL,0
WTM,FULL,0
WTMA,FULL,0
WTO,FULL,0
WTRG,FULL,0
WTS,FULL,0
WTTR,FULL,0
WTW,FULL,0
WU,FULL,0
WULF,FULL,0
WVE,FULL,0
WVVI,FULL,0
WVVIP,FULL,0
WW,FULL,0
WWD,FULL,0
WWR,FULL,0
WWW,FULL,0
WY,FULL,0
WYNN,FULL,0
WYY,FULL,0
X,FULL,0
XAIR,FULL,0
XBIO,FULL,0
XBIT,FULL,0
XBP,FULL,0
XCUR,FULL,0
XEL,FULL,0
XELA,FULL,0
XELAP,FULL,0
XELB,FULL,0
XENE,FULL,0
XERS,FULL,0
XFIN,FULL,0
XFLT,FULL,0
XFLT-PA,FULL,0
XFOR,FULL,0
XGN,FULL,0
XHG,FULL,0
XHR,FULL,0
XIN,FULL,0
XLO,FULL,0
XMTR,FULL,0
XNCR,FULL,0
XNET,FULL,0
XOM,FULL,0
XOMA,FULL,0
XOMAO,FULL,0
XOMAP,FULL,0
XOS,FULL,0
XP,FULL,0
XPEL,FULL,0
XPER,FULL,0
XPEV,FULL,0
XPL,FULL,0
XPO,FULL,0
XPOF,FULL,0
XPON,FULL,0
XPRO,FULL,0
XRAY,FULL,0
XRTX,FULL,0
XRX,FULL,0
XTIA,FULL,0
XTKG,FULL,0
XTLB,FULL,0
XTNT,FULL,0
XWEL,FULL,0
XXII,FULL,0
XYF,FULL,0
XYL,FULL,0
XYLO,FULL,0
YALA,FULL,0
YCBD,FULL,0
YCBD-PA,FULL,0
YELP,FULL,0
YETI,FULL,0
YEXT,FULL,0
YGMZ,FULL,0
YHGJ,FULL,0
YI,FULL,0
YIBO,FULL,0
YJ,FULL,0
YMAB,FULL,0
YMM,FULL,0
YNDX,FULL,0
YORW,FULL,0
YOSH,FULL,0
YOTA,FULL,0
YOU,FULL,0
YPF,FULL,0
YQ,FULL,0
YRD,FULL,0
YSG,FULL,0
YTRA,FULL,0
YUM,FULL,0
YUMC,FULL,0
YXT,FULL,0
YY,FULL,0
YYAI,FULL,0
YYGH,FULL,0
Z,FULL,0
ZAPP,FULL,0
ZBAO,FULL,0
ZBH,FULL,0
ZBRA,FULL,0
ZCAR,FULL,0
ZCMD,FULL,0
ZD,FULL,0
ZDGE,FULL,0
ZENV,FULL,0
ZEO,FULL,0
ZEPP,FULL,0
ZETA,FULL,0
ZEUS,FULL,0
ZG,FULL,0
ZGN,FULL,0
ZH,FULL,0
ZI,FULL,0
ZIM,FULL,0
ZIMV,FULL,0
ZION,FULL,0
ZIONO,FULL,0
ZIONP,FULL,0
ZIP,FULL,0
ZJYL,FULL,0
ZK,FULL,0
ZKH,FULL,0
ZKIN,FULL,0
ZLAB,FULL,0
ZM,FULL,0
ZNTL,FULL,0
ZOM,FULL,0
ZONE,FULL,0
ZOOZ,FULL,0
ZPTA,FULL,0
ZS,FULL,0
ZTEK,FULL,0
ZTO,FULL,0
ZTR,FULL,0
ZTS,FULL,0
ZIG,FULL,0
ZIVB,FULL,0
ZJUL,FULL,0
ZROZ,FULL,0
ZSB,FULL,0
ZSC,FULL,0
ZUMZ,FULL,0
ZUO,FULL,0
ZURA,FULL,0
ZVIA,FULL,0
ZVRA,FULL,0
ZVSA,FULL,0
ZWS,FULL,0
ZSL,FULL,0
ZTAX,FULL,0
ZTEN,FULL,0
ZTRE,FULL,0
ZTWO,FULL,0
ZZZ,FULL,0
ZYME,FULL,0
ZYXI,FULL,0
