symbol,trade_mode,in_market_watch,category
AUDCAD,FULL,0,Forex
AUDCHF,FULL,0,Forex
AUDDKK,FULL,0,Forex
AUDHKD,FULL,0,Forex
AUDHUF,FULL,0,Forex
AUDJPY,FULL,0,Forex
AUDNOK,FULL,0,Forex
AUDNZD,FULL,0,Forex
AUDPLN,FULL,0,Forex
AUDSEK,FULL,0,Forex
AUDSGD,FULL,0,Forex
AUDTHB,FULL,0,Forex
AUDUSD,FULL,1,Forex
AUDZAR,FULL,0,Forex
CADCHF,FULL,0,Forex
CADDKK,FULL,0,Forex
CADJPY,FULL,0,Forex
CADMXN,FULL,0,Forex
CADNOK,FULL,0,Forex
CADPLN,FULL,0,Forex
CADSEK,FULL,0,Forex
CADSGD,FULL,0,Forex
CHFDKK,FULL,0,Forex
CHFHUF,FULL,0,Forex
CHFJPY,FULL,0,Forex
CHFMXN,FULL,0,Forex
CHFNOK,FULL,0,Forex
CHFPLN,FULL,0,Forex
CHFSEK,FULL,0,Forex
CHFSGD,FULL,0,Forex
CHFTRY,FULL,0,Forex
CHFZAR,FULL,0,Forex
CNHJPY,FULL,0,Forex
DKKJPY,FULL,0,Forex
DKKNOK,FULL,0,Forex
DKKSEK,FULL,0,Forex
EURAUD,FULL,0,Forex
EURCAD,FULL,0,Forex
EURCHF,FULL,0,Forex
EURCNH,FULL,0,Forex
EURCZK,FULL,0,Forex
EURDKK,FULL,0,Forex
EURGBP,FULL,0,Forex
EURHKD,FULL,0,Forex
EURHUF,FULL,0,Forex
EURILS,FULL,0,Forex
EURJPY,FULL,0,Forex
EURMXN,FULL,0,Forex
EURNOK,FULL,0,Forex
EURNZD,FULL,0,Forex
EURPLN,FULL,0,Forex
EURRUB,FULL,0,Forex
EURRUR,FULL,0,Forex
EURSEK,FULL,0,Forex
EURSGD,FULL,0,Forex
EURTRY,FULL,0,Forex
EURUSD,FULL,1,Forex
EURZAR,FULL,0,Forex
GBPAUD,FULL,0,Forex
GBPCAD,FULL,0,Forex
GBPCHF,FULL,0,Forex
GBPCZK,FULL,0,Forex
GBPDKK,FULL,0,Forex
GBPHKD,FULL,0,Forex
GBPHUF,FULL,0,Forex
GBPJPY,FULL,0,Forex
GBPMXN,FULL,0,Forex
GBPNOK,FULL,0,Forex
GBPNZD,FULL,0,Forex
GBPPLN,FULL,0,Forex
GBPSEK,FULL,0,Forex
GBPSGD,FULL,0,Forex
GBPTRY,FULL,0,Forex
GBPUSD,FULL,1,Forex
GBPZAR,FULL,0,Forex
HKDJPY,FULL,0,Forex
MXNJPY,FULL,0,Forex
NOKDKK,FULL,0,Forex
NOKJPY,FULL,0,Forex
NOKSEK,FULL,0,Forex
NZDCAD,FULL,0,Forex
NZDCHF,FULL,0,Forex
NZDDKK,FULL,0,Forex
NZDHUF,FULL,0,Forex
NZDJPY,FULL,0,Forex
NZDMXN,FULL,0,Forex
NZDNOK,FULL,0,Forex
NZDSEK,FULL,0,Forex
NZDSGD,FULL,0,Forex
NZDUSD,FULL,1,Forex
PLNJPY,FULL,0,Forex
SEKJPY,FULL,0,Forex
SEKNOK,FULL,0,Forex
SGDHKD,FULL,0,Forex
SGDJPY,FULL,0,Forex
TRYJPY,FULL,0,Forex
USDARS,FULL,0,Forex
USDBRL,FULL,0,Forex
USDCAD,FULL,1,Forex
USDCHF,FULL,1,Forex
USDCLP,FULL,0,Forex
USDCNH,FULL,1,Forex
USDCOP,FULL,0,Forex
USDCRE,FULL,0,Forex
USDCZK,FULL,0,Forex
USDDKK,FULL,0,Forex
USDGEL,FULL,0,Forex
USDHKD,FULL,0,Forex
USDHUF,FULL,0,Forex
USDILS,FULL,0,Forex
USDJPY,FULL,1,Forex
USDMXN,FULL,0,Forex
USDNOK,FULL,0,Forex
USDPLN,FULL,0,Forex
USDRMB,FULL,0,Forex
USDRUB,FULL,0,Forex
USDRUR,FULL,0,Forex
USDSEK,FULL,1,Forex
USDSGD,FULL,0,Forex
USDTHB,FULL,0,Forex
USDTRY,FULL,0,Forex
USDZAR,FULL,0,Forex
XAUUSD,FULL,0,Metals
XAUEUR,FULL,0,Metals
XAUAUD,FULL,0,Metals
XAGUSD,FULL,0,Metals
XAGEUR,FULL,0,Metals
XPDUSD,FULL,0,Metals
XPTUSD,FULL,0,Metals
AUS200,DISABLED,0,Indexes
FCHI40,DISABLED,0,Indexes
GDAXIm,DISABLED,0,Indexes
HSI50,DISABLED,0,Indexes
ND100m,DISABLED,0,Indexes
NI225,DISABLED,0,Indexes
SP500m,DISABLED,1,Indexes
SPN35,DISABLED,0,Indexes
STOX50,DISABLED,0,Indexes
UK100,DISABLED,0,Indexes
ZARJPY,FULL,0,Forex
AAA,FULL,0,Nasdaq\ETF
AAAU,FULL,0,Nasdaq\ETF
AADR,FULL,0,Nasdaq\ETF
AAPB,FULL,0,Nasdaq\ETF
AAPD,FULL,0,Nasdaq\ETF
AAPR,FULL,0,Nasdaq\ETF
AAPU,FULL,0,Nasdaq\ETF
AAPX,FULL,0,Nasdaq\ETF
AAPY,FULL,0,Nasdaq\ETF
AAXJ,FULL,0,Nasdaq\ETF
ABCS,FULL,0,Nasdaq\ETF
ABEQ,FULL,0,Nasdaq\ETF
ABNY,FULL,0,Nasdaq\ETF
ACES,FULL,0,Nasdaq\ETF
ACIO,FULL,0,Nasdaq\ETF
ACSI,FULL,0,Nasdaq\ETF
ACTV,FULL,0,Nasdaq\ETF
ACVF,FULL,0,Nasdaq\ETF
ACWI,FULL,0,Nasdaq\ETF
ACWV,FULL,0,Nasdaq\ETF
ACWX,FULL,0,Nasdaq\ETF
ADFI,FULL,0,Nasdaq\ETF
ADIV,FULL,0,Nasdaq\ETF
ADME,FULL,0,Nasdaq\ETF
ADPV,FULL,0,Nasdaq\ETF
ADVE,FULL,0,Nasdaq\ETF
AEMB,FULL,0,Nasdaq\ETF
AESR,FULL,0,Nasdaq\ETF
AETH,FULL,0,Nasdaq\ETF
AFIF,FULL,0,Nasdaq\ETF
AFK,FULL,0,Nasdaq\ETF
AFLG,FULL,0,Nasdaq\ETF
AFMC,FULL,0,Nasdaq\ETF
AFSM,FULL,0,Nasdaq\ETF
AFTY,FULL,0,Nasdaq\ETF
AGG,FULL,0,Nasdaq\ETF
AGGH,FULL,0,Nasdaq\ETF
AGGS,FULL,0,Nasdaq\ETF
AGGY,FULL,0,Nasdaq\ETF
AGIH,FULL,0,Nasdaq\ETF
AGIX,FULL,0,Nasdaq\ETF
AGMI,FULL,0,Nasdaq\ETF
AGNG,FULL,0,Nasdaq\ETF
AGOX,FULL,0,Nasdaq\ETF
AGQ,FULL,0,Nasdaq\ETF
AGQI,FULL,0,Nasdaq\ETF
AGRH,FULL,0,Nasdaq\ETF
AGZ,FULL,0,Nasdaq\ETF
AGZD,FULL,0,Nasdaq\ETF
AHLT,FULL,0,Nasdaq\ETF
AHOY,FULL,0,Nasdaq\ETF
AHYB,FULL,0,Nasdaq\ETF
AIA,FULL,0,Nasdaq\ETF
AIBD,FULL,0,Nasdaq\ETF
AIBU,FULL,0,Nasdaq\ETF
AIEQ,FULL,0,Nasdaq\ETF
AIFD,FULL,0,Nasdaq\ETF
AIPI,FULL,0,Nasdaq\ETF
AIQ,FULL,0,Nasdaq\ETF
AIRL,FULL,0,Nasdaq\ETF
AIRR,FULL,0,Nasdaq\ETF
AIVI,FULL,0,Nasdaq\ETF
AIVL,FULL,0,Nasdaq\ETF
AIYY,FULL,0,Nasdaq\ETF
AJAN,FULL,0,Nasdaq\ETF
AJUL,FULL,0,Nasdaq\ETF
ALAI,FULL,0,Nasdaq\ETF
ALTL,FULL,0,Nasdaq\ETF
ALTY,FULL,0,Nasdaq\ETF
ALUM,FULL,0,Nasdaq\ETF
AMAX,FULL,0,Nasdaq\ETF
AMDL,FULL,0,Nasdaq\ETF
AMDS,FULL,0,Nasdaq\ETF
AMDY,FULL,0,Nasdaq\ETF
AMID,FULL,0,Nasdaq\ETF
AMJB,FULL,0,Nasdaq\ETF
AMLP,FULL,0,Nasdaq\ETF
AMNA,FULL,0,Nasdaq\ETF
AMND,FULL,0,Nasdaq\ETF
AMOM,FULL,0,Nasdaq\ETF
AMPD,FULL,0,Nasdaq\ETF
AMZA,FULL,0,Nasdaq\ETF
AMZD,FULL,0,Nasdaq\ETF
AMZP,FULL,0,Nasdaq\ETF
AMZU,FULL,0,Nasdaq\ETF
AMZY,FULL,0,Nasdaq\ETF
AMZZ,FULL,0,Nasdaq\ETF
ANEW,FULL,0,Nasdaq\ETF
ANGL,FULL,0,Nasdaq\ETF
AOA,FULL,0,Nasdaq\ETF
AOHY,FULL,0,Nasdaq\ETF
AOK,FULL,0,Nasdaq\ETF
AOM,FULL,0,Nasdaq\ETF
AOR,FULL,0,Nasdaq\ETF
AOTG,FULL,0,Nasdaq\ETF
APCB,FULL,0,Nasdaq\ETF
APIE,FULL,0,Nasdaq\ETF
APLY,FULL,0,Nasdaq\ETF
APMU,FULL,0,Nasdaq\ETF
APRD,FULL,0,Nasdaq\ETF
APRH,FULL,0,Nasdaq\ETF
APRJ,FULL,0,Nasdaq\ETF
APRP,FULL,0,Nasdaq\ETF
APRQ,FULL,0,Nasdaq\ETF
APRT,FULL,0,Nasdaq\ETF
APRW,FULL,0,Nasdaq\ETF
APRZ,FULL,0,Nasdaq\ETF
APUE,FULL,0,Nasdaq\ETF
AQWA,FULL,0,Nasdaq\ETF
ARB,FULL,0,Nasdaq\ETF
ARCM,FULL,0,Nasdaq\ETF
ARGT,FULL,0,Nasdaq\ETF
ARKA,FULL,0,Nasdaq\ETF
ARKB,FULL,0,Nasdaq\ETF
ARKC,FULL,0,Nasdaq\ETF
ARKD,FULL,0,Nasdaq\ETF
ARKF,FULL,0,Nasdaq\ETF
ARKG,FULL,0,Nasdaq\ETF
ARKK,FULL,0,Nasdaq\ETF
ARKQ,FULL,0,Nasdaq\ETF
ARKW,FULL,0,Nasdaq\ETF
ARKX,FULL,0,Nasdaq\ETF
ARKY,FULL,0,Nasdaq\ETF
ARKZ,FULL,0,Nasdaq\ETF
ARLU,FULL,0,Nasdaq\ETF
ARP,FULL,0,Nasdaq\ETF
ARTY,FULL,0,Nasdaq\ETF
ARVR,FULL,0,Nasdaq\ETF
ASEA,FULL,0,Nasdaq\ETF
ASET,FULL,0,Nasdaq\ETF
ASHR,FULL,0,Nasdaq\ETF
ASHS,FULL,0,Nasdaq\ETF
ASIA,FULL,0,Nasdaq\ETF
ASMF,FULL,0,Nasdaq\ETF
ATFV,FULL,0,Nasdaq\ETF
AUGM,FULL,0,Nasdaq\ETF
AUGP,FULL,0,Nasdaq\ETF
AUGT,FULL,0,Nasdaq\ETF
AUGU,FULL,0,Nasdaq\ETF
AUGW,FULL,0,Nasdaq\ETF
AUGZ,FULL,0,Nasdaq\ETF
AUMI,FULL,0,Nasdaq\ETF
AUSF,FULL,0,Nasdaq\ETF
AVDE,FULL,0,Nasdaq\ETF
AVDS,FULL,0,Nasdaq\ETF
AVDV,FULL,0,Nasdaq\ETF
AVEE,FULL,0,Nasdaq\ETF
AVEM,FULL,0,Nasdaq\ETF
AVES,FULL,0,Nasdaq\ETF
AVGE,FULL,0,Nasdaq\ETF
AVGV,FULL,0,Nasdaq\ETF
AVGX,FULL,0,Nasdaq\ETF
AVIE,FULL,0,Nasdaq\ETF
AVIG,FULL,0,Nasdaq\ETF
AVIV,FULL,0,Nasdaq\ETF
AVLC,FULL,0,Nasdaq\ETF
AVLV,FULL,0,Nasdaq\ETF
AVMA,FULL,0,Nasdaq\ETF
AVMC,FULL,0,Nasdaq\ETF
AVMU,FULL,0,Nasdaq\ETF
AVMV,FULL,0,Nasdaq\ETF
AVNM,FULL,0,Nasdaq\ETF
AVNV,FULL,0,Nasdaq\ETF
AVRE,FULL,0,Nasdaq\ETF
AVSC,FULL,0,Nasdaq\ETF
AVSD,FULL,0,Nasdaq\ETF
AVSE,FULL,0,Nasdaq\ETF
AVSF,FULL,0,Nasdaq\ETF
AVSU,FULL,0,Nasdaq\ETF
AVUS,FULL,0,Nasdaq\ETF
AVUV,FULL,0,Nasdaq\ETF
AVXC,FULL,0,Nasdaq\ETF
AWAY,FULL,0,Nasdaq\ETF
AWEG,FULL,0,Nasdaq\ETF
AZTD,FULL,0,Nasdaq\ETF
BAB,FULL,0,Nasdaq\ETF
BABO,FULL,0,Nasdaq\ETF
BABX,FULL,0,Nasdaq\ETF
BALI,FULL,0,Nasdaq\ETF
BALT,FULL,0,Nasdaq\ETF
BAMA,FULL,0,Nasdaq\ETF
BAMB,FULL,0,Nasdaq\ETF
BAMD,FULL,0,Nasdaq\ETF
BAMG,FULL,0,Nasdaq\ETF
BAMO,FULL,0,Nasdaq\ETF
BAMU,FULL,0,Nasdaq\ETF
BAMV,FULL,0,Nasdaq\ETF
BAMY,FULL,0,Nasdaq\ETF
BAPR,FULL,0,Nasdaq\ETF
BATT,FULL,0,Nasdaq\ETF
BAUG,FULL,0,Nasdaq\ETF
BBAG,FULL,0,Nasdaq\ETF
BBAX,FULL,0,Nasdaq\ETF
BBBI,FULL,0,Nasdaq\ETF
BBBL,FULL,0,Nasdaq\ETF
BBBS,FULL,0,Nasdaq\ETF
BBC,FULL,0,Nasdaq\ETF
BBCA,FULL,0,Nasdaq\ETF
BBCB,FULL,0,Nasdaq\ETF
BBEM,FULL,0,Nasdaq\ETF
BBEU,FULL,0,Nasdaq\ETF
BBH,FULL,0,Nasdaq\ETF
BBHY,FULL,0,Nasdaq\ETF
BBIB,FULL,0,Nasdaq\ETF
BBIN,FULL,0,Nasdaq\ETF
BBIP,FULL,0,Nasdaq\ETF
BBJP,FULL,0,Nasdaq\ETF
BBLB,FULL,0,Nasdaq\ETF
BBLU,FULL,0,Nasdaq\ETF
BBMC,FULL,0,Nasdaq\ETF
BBP,FULL,0,Nasdaq\ETF
BBRE,FULL,0,Nasdaq\ETF
BBSA,FULL,0,Nasdaq\ETF
BBSB,FULL,0,Nasdaq\ETF
BBSC,FULL,0,Nasdaq\ETF
BBUS,FULL,0,Nasdaq\ETF
BCD,FULL,0,Nasdaq\ETF
BCDF,FULL,0,Nasdaq\ETF
BCHP,FULL,0,Nasdaq\ETF
BCI,FULL,0,Nasdaq\ETF
BCIL,FULL,0,Nasdaq\ETF
BCIM,FULL,0,Nasdaq\ETF
BCUS,FULL,0,Nasdaq\ETF
BDCX,FULL,0,Nasdaq\ETF
BDEC,FULL,0,Nasdaq\ETF
BDGS,FULL,0,Nasdaq\ETF
BDIV,FULL,0,Nasdaq\ETF
BDRY,FULL,0,Nasdaq\ETF
BDVG,FULL,0,Nasdaq\ETF
BEDZ,FULL,0,Nasdaq\ETF
BEEZ,FULL,0,Nasdaq\ETF
BELT,FULL,0,Nasdaq\ETF
BEMB,FULL,0,Nasdaq\ETF
BERZ,FULL,0,Nasdaq\ETF
BETE,FULL,0,Nasdaq\ETF
BETH,FULL,0,Nasdaq\ETF
BETZ,FULL,0,Nasdaq\ETF
BFEB,FULL,0,Nasdaq\ETF
BFIX,FULL,0,Nasdaq\ETF
BFOR,FULL,0,Nasdaq\ETF
BGIG,FULL,0,Nasdaq\ETF
BGLD,FULL,0,Nasdaq\ETF
BGRN,FULL,0,Nasdaq\ETF
BGRO,FULL,0,Nasdaq\ETF
BHYB,FULL,0,Nasdaq\ETF
BIB,FULL,0,Nasdaq\ETF
BIBL,FULL,0,Nasdaq\ETF
BIL,FULL,0,Nasdaq\ETF
BILD,FULL,0,Nasdaq\ETF
BILS,FULL,0,Nasdaq\ETF
BILZ,FULL,0,Nasdaq\ETF
BINC,FULL,0,Nasdaq\ETF
BINV,FULL,0,Nasdaq\ETF
BIS,FULL,0,Nasdaq\ETF
BITB,FULL,0,Nasdaq\ETF
BITC,FULL,0,Nasdaq\ETF
BITI,FULL,0,Nasdaq\ETF
BITO,FULL,0,Nasdaq\ETF
BITQ,FULL,0,Nasdaq\ETF
BITS,FULL,0,Nasdaq\ETF
BITU,FULL,0,Nasdaq\ETF
BITX,FULL,0,Nasdaq\ETF
BIV,FULL,0,Nasdaq\ETF
BIZD,FULL,0,Nasdaq\ETF
BJAN,FULL,0,Nasdaq\ETF
BJK,FULL,0,Nasdaq\ETF
BJUL,FULL,0,Nasdaq\ETF
BJUN,FULL,0,Nasdaq\ETF
BKAG,FULL,0,Nasdaq\ETF
BKCH,FULL,0,Nasdaq\ETF
BKCI,FULL,0,Nasdaq\ETF
BKEM,FULL,0,Nasdaq\ETF
BKF,FULL,0,Nasdaq\ETF
BKGI,FULL,0,Nasdaq\ETF
BKHY,FULL,0,Nasdaq\ETF
BKIE,FULL,0,Nasdaq\ETF
BKIV,FULL,0,Nasdaq\ETF
BKLC,FULL,0,Nasdaq\ETF
BKLN,FULL,0,Nasdaq\ETF
BKMC,FULL,0,Nasdaq\ETF
BKSE,FULL,0,Nasdaq\ETF
BKUI,FULL,0,Nasdaq\ETF
BKWO,FULL,0,Nasdaq\ETF
BLCN,FULL,0,Nasdaq\ETF
BLCR,FULL,0,Nasdaq\ETF
BLCV,FULL,0,Nasdaq\ETF
BLDG,FULL,0,Nasdaq\ETF
BLES,FULL,0,Nasdaq\ETF
BLKC,FULL,0,Nasdaq\ETF
BLLD,FULL,0,Nasdaq\ETF
BLOK,FULL,0,Nasdaq\ETF
BLV,FULL,0,Nasdaq\ETF
BMAR,FULL,0,Nasdaq\ETF
BMAY,FULL,0,Nasdaq\ETF
BMDL,FULL,0,Nasdaq\ETF
BMED,FULL,0,Nasdaq\ETF
BMVP,FULL,0,Nasdaq\ETF
BND,FULL,0,Nasdaq\ETF
BNDC,FULL,0,Nasdaq\ETF
BNDD,FULL,0,Nasdaq\ETF
BNDI,FULL,0,Nasdaq\ETF
BNDW,FULL,0,Nasdaq\ETF
BNDX,FULL,0,Nasdaq\ETF
BNE,FULL,0,Nasdaq\ETF
BNGE,FULL,0,Nasdaq\ETF
BNO,FULL,0,Nasdaq\ETF
BNOV,FULL,0,Nasdaq\ETF
BOAT,FULL,0,Nasdaq\ETF
BOCT,FULL,0,Nasdaq\ETF
BOIL,FULL,0,Nasdaq\ETF
BOND,FULL,0,Nasdaq\ETF
BOTT,FULL,0,Nasdaq\ETF
BOTZ,FULL,0,Nasdaq\ETF
BOUT,FULL,0,Nasdaq\ETF
BOXX,FULL,0,Nasdaq\ETF
BPAY,FULL,0,Nasdaq\ETF
BRAZ,FULL,0,Nasdaq\ETF
BRF,FULL,0,Nasdaq\ETF
BRHY,FULL,0,Nasdaq\ETF
BRLN,FULL,0,Nasdaq\ETF
BRNY,FULL,0,Nasdaq\ETF
BRRR,FULL,0,Nasdaq\ETF
BRTR,FULL,0,Nasdaq\ETF
BRZU,FULL,0,Nasdaq\ETF
BSCO,FULL,0,Nasdaq\ETF
BSCP,FULL,0,Nasdaq\ETF
BSCQ,FULL,0,Nasdaq\ETF
BSCR,FULL,0,Nasdaq\ETF
BSCS,FULL,0,Nasdaq\ETF
BSCT,FULL,0,Nasdaq\ETF
BSCU,FULL,0,Nasdaq\ETF
BSCV,FULL,0,Nasdaq\ETF
BSCW,FULL,0,Nasdaq\ETF
BSCX,FULL,0,Nasdaq\ETF
BSCY,FULL,0,Nasdaq\ETF
BSEP,FULL,0,Nasdaq\ETF
BSJO,FULL,0,Nasdaq\ETF
BSJP,FULL,0,Nasdaq\ETF
BSJQ,FULL,0,Nasdaq\ETF
BSJR,FULL,0,Nasdaq\ETF
BSJS,FULL,0,Nasdaq\ETF
BSJT,FULL,0,Nasdaq\ETF
BSJU,FULL,0,Nasdaq\ETF
BSJV,FULL,0,Nasdaq\ETF
BSJW,FULL,0,Nasdaq\ETF
BSMC,FULL,0,Nasdaq\ETF
BSMO,FULL,0,Nasdaq\ETF
BSMP,FULL,0,Nasdaq\ETF
BSMQ,FULL,0,Nasdaq\ETF
BSMR,FULL,0,Nasdaq\ETF
BSMS,FULL,0,Nasdaq\ETF
BSMT,FULL,0,Nasdaq\ETF
BSMU,FULL,0,Nasdaq\ETF
BSMV,FULL,0,Nasdaq\ETF
BSMW,FULL,0,Nasdaq\ETF
BSR,FULL,0,Nasdaq\ETF
BSSX,FULL,0,Nasdaq\ETF
BSTP,FULL,0,Nasdaq\ETF
BSV,FULL,0,Nasdaq\ETF
BSVO,FULL,0,Nasdaq\ETF
BTAL,FULL,0,Nasdaq\ETF
BTC,FULL,0,Nasdaq\ETF
BTCL,FULL,0,Nasdaq\ETF
BTCO,FULL,0,Nasdaq\ETF
BTCW,FULL,0,Nasdaq\ETF
BTCZ,FULL,0,Nasdaq\ETF
BTF,FULL,0,Nasdaq\ETF
BTFX,FULL,0,Nasdaq\ETF
BTHM,FULL,0,Nasdaq\ETF
BTOP,FULL,0,Nasdaq\ETF
BTR,FULL,0,Nasdaq\ETF
BTRN,FULL,0,Nasdaq\ETF
BUCK,FULL,0,Nasdaq\ETF
BUFB,FULL,0,Nasdaq\ETF
BUFC,FULL,0,Nasdaq\ETF
BUFD,FULL,0,Nasdaq\ETF
BUFF,FULL,0,Nasdaq\ETF
BUFG,FULL,0,Nasdaq\ETF
BUFP,FULL,0,Nasdaq\ETF
BUFQ,FULL,0,Nasdaq\ETF
BUFR,FULL,0,Nasdaq\ETF
BUFS,FULL,0,Nasdaq\ETF
BUFT,FULL,0,Nasdaq\ETF
BUFZ,FULL,0,Nasdaq\ETF
BUG,FULL,0,Nasdaq\ETF
BUL,FULL,0,Nasdaq\ETF
BULD,FULL,0,Nasdaq\ETF
BULZ,FULL,0,Nasdaq\ETF
BUSA,FULL,0,Nasdaq\ETF
BUXX,FULL,0,Nasdaq\ETF
BUYW,FULL,0,Nasdaq\ETF
BUYZ,FULL,0,Nasdaq\ETF
BUZZ,FULL,0,Nasdaq\ETF
BWEB,FULL,0,Nasdaq\ETF
BWET,FULL,0,Nasdaq\ETF
BWTG,FULL,0,Nasdaq\ETF
BWX,FULL,0,Nasdaq\ETF
BWZ,FULL,0,Nasdaq\ETF
BYLD,FULL,0,Nasdaq\ETF
BYRE,FULL,0,Nasdaq\ETF
BZQ,FULL,0,Nasdaq\ETF
CA,FULL,0,Nasdaq\ETF
CAAA,FULL,0,Nasdaq\ETF
CAFG,FULL,0,Nasdaq\ETF
CALF,FULL,0,Nasdaq\ETF
CALY,FULL,0,Nasdaq\ETF
CAML,FULL,0,Nasdaq\ETF
CAMX,FULL,0,Nasdaq\ETF
CANC,FULL,0,Nasdaq\ETF
CANE,FULL,0,Nasdaq\ETF
CANQ,FULL,0,Nasdaq\ETF
CAOS,FULL,0,Nasdaq\ETF
CAPE,FULL,0,Nasdaq\ETF
CARD,FULL,0,Nasdaq\ETF
CARK,FULL,0,Nasdaq\ETF
CARU,FULL,0,Nasdaq\ETF
CARY,FULL,0,Nasdaq\ETF
CARZ,FULL,0,Nasdaq\ETF
CATF,FULL,0,Nasdaq\ETF
CATH,FULL,0,Nasdaq\ETF
CBLS,FULL,0,Nasdaq\ETF
CBON,FULL,0,Nasdaq\ETF
CBSE,FULL,0,Nasdaq\ETF
CCEF,FULL,0,Nasdaq\ETF
CCMG,FULL,0,Nasdaq\ETF
CCNR,FULL,0,Nasdaq\ETF
CCOR,FULL,0,Nasdaq\ETF
CCRV,FULL,0,Nasdaq\ETF
CCSB,FULL,0,Nasdaq\ETF
CCSO,FULL,0,Nasdaq\ETF
CDC,FULL,0,Nasdaq\ETF
CDEI,FULL,0,Nasdaq\ETF
CDL,FULL,0,Nasdaq\ETF
CDX,FULL,0,Nasdaq\ETF
CEF,FULL,0,Nasdaq\ETF
CEFA,FULL,0,Nasdaq\ETF
CEFD,FULL,0,Nasdaq\ETF
CEFS,FULL,0,Nasdaq\ETF
CEMB,FULL,0,Nasdaq\ETF
CETH,FULL,0,Nasdaq\ETF
CEW,FULL,0,Nasdaq\ETF
CFA,FULL,0,Nasdaq\ETF
CFCV,FULL,0,Nasdaq\ETF
CFO,FULL,0,Nasdaq\ETF
CGBL,FULL,0,Nasdaq\ETF
CGCB,FULL,0,Nasdaq\ETF
CGCP,FULL,0,Nasdaq\ETF
CGCV,FULL,0,Nasdaq\ETF
CGDG,FULL,0,Nasdaq\ETF
CGDV,FULL,0,Nasdaq\ETF
CGGE,FULL,0,Nasdaq\ETF
CGGO,FULL,0,Nasdaq\ETF
CGGR,FULL,0,Nasdaq\ETF
CGHM,FULL,0,Nasdaq\ETF
CGIB,FULL,0,Nasdaq\ETF
CGIC,FULL,0,Nasdaq\ETF
CGIE,FULL,0,Nasdaq\ETF
CGMS,FULL,0,Nasdaq\ETF
CGMU,FULL,0,Nasdaq\ETF
CGNG,FULL,0,Nasdaq\ETF
CGRO,FULL,0,Nasdaq\ETF
CGSD,FULL,0,Nasdaq\ETF
CGSM,FULL,0,Nasdaq\ETF
CGUI,FULL,0,Nasdaq\ETF
CGUS,FULL,0,Nasdaq\ETF
CGV,FULL,0,Nasdaq\ETF
CGXU,FULL,0,Nasdaq\ETF
CHAT,FULL,0,Nasdaq\ETF
CHAU,FULL,0,Nasdaq\ETF
CHGX,FULL,0,Nasdaq\ETF
CHIQ,FULL,0,Nasdaq\ETF
CHPS,FULL,0,Nasdaq\ETF
CIBR,FULL,0,Nasdaq\ETF
CID,FULL,0,Nasdaq\ETF
CIL,FULL,0,Nasdaq\ETF
CIZ,FULL,0,Nasdaq\ETF
CLDL,FULL,0,Nasdaq\ETF
CLIP,FULL,0,Nasdaq\ETF
CLIX,FULL,0,Nasdaq\ETF
CLNR,FULL,0,Nasdaq\ETF
CLOA,FULL,0,Nasdaq\ETF
CLOD,FULL,0,Nasdaq\ETF
CLOI,FULL,0,Nasdaq\ETF
CLOU,FULL,0,Nasdaq\ETF
CLOX,FULL,0,Nasdaq\ETF
CLOZ,FULL,0,Nasdaq\ETF
CLSE,FULL,0,Nasdaq\ETF
CLSM,FULL,0,Nasdaq\ETF
CMBS,FULL,0,Nasdaq\ETF
CMCI,FULL,0,Nasdaq\ETF
CMDT,FULL,0,Nasdaq\ETF
CMDY,FULL,0,Nasdaq\ETF
CMF,FULL,0,Nasdaq\ETF
CNBS,FULL,0,Nasdaq\ETF
CNCR,FULL,0,Nasdaq\ETF
CNEQ,FULL,0,Nasdaq\ETF
CNRG,FULL,0,Nasdaq\ETF
CNXT,FULL,0,Nasdaq\ETF
CNYA,FULL,0,Nasdaq\ETF
COAL,FULL,0,Nasdaq\ETF
COM,FULL,0,Nasdaq\ETF
COMB,FULL,0,Nasdaq\ETF
COMT,FULL,0,Nasdaq\ETF
CONL,FULL,0,Nasdaq\ETF
CONY,FULL,0,Nasdaq\ETF
COPJ,FULL,0,Nasdaq\ETF
COPP,FULL,0,Nasdaq\ETF
COPX,FULL,0,Nasdaq\ETF
CORN,FULL,0,Nasdaq\ETF
CORP,FULL,0,Nasdaq\ETF
COWG,FULL,0,Nasdaq\ETF
COWS,FULL,0,Nasdaq\ETF
COWZ,FULL,0,Nasdaq\ETF
CPAI,FULL,0,Nasdaq\ETF
CPER,FULL,0,Nasdaq\ETF
CPII,FULL,0,Nasdaq\ETF
CPLS,FULL,0,Nasdaq\ETF
CPNJ,FULL,0,Nasdaq\ETF
CPRJ,FULL,0,Nasdaq\ETF
CPSA,FULL,0,Nasdaq\ETF
CPSJ,FULL,0,Nasdaq\ETF
CPSM,FULL,0,Nasdaq\ETF
CQQQ,FULL,0,Nasdaq\ETF
CRAK,FULL,0,Nasdaq\ETF
CRBN,FULL,0,Nasdaq\ETF
CRDT,FULL,0,Nasdaq\ETF
CRED,FULL,0,Nasdaq\ETF
CRIT,FULL,0,Nasdaq\ETF
CRPT,FULL,0,Nasdaq\ETF
CRSH,FULL,0,Nasdaq\ETF
CRTC,FULL,0,Nasdaq\ETF
CRUZ,FULL,0,Nasdaq\ETF
CSA,FULL,0,Nasdaq\ETF
CSB,FULL,0,Nasdaq\ETF
CSD,FULL,0,Nasdaq\ETF
CSF,FULL,0,Nasdaq\ETF
CSHI,FULL,0,Nasdaq\ETF
CSHP,FULL,0,Nasdaq\ETF
CSM,FULL,0,Nasdaq\ETF
CSMD,FULL,0,Nasdaq\ETF
CTA,FULL,0,Nasdaq\ETF
CTEC,FULL,0,Nasdaq\ETF
CTEX,FULL,0,Nasdaq\ETF
CURE,FULL,0,Nasdaq\ETF
CUT,FULL,0,Nasdaq\ETF
CVAR,FULL,0,Nasdaq\ETF
CVIE,FULL,0,Nasdaq\ETF
CVLC,FULL,0,Nasdaq\ETF
CVMC,FULL,0,Nasdaq\ETF
CVRD,FULL,0,Nasdaq\ETF
CVRT,FULL,0,Nasdaq\ETF
CVSB,FULL,0,Nasdaq\ETF
CVSE,FULL,0,Nasdaq\ETF
CVY,FULL,0,Nasdaq\ETF
CWB,FULL,0,Nasdaq\ETF
CWEB,FULL,0,Nasdaq\ETF
CWI,FULL,0,Nasdaq\ETF
CWS,FULL,0,Nasdaq\ETF
CXSE,FULL,0,Nasdaq\ETF
CZA,FULL,0,Nasdaq\ETF
CZAR,FULL,0,Nasdaq\ETF
DALI,FULL,0,Nasdaq\ETF
DAPP,FULL,0,Nasdaq\ETF
DAPR,FULL,0,Nasdaq\ETF
DARP,FULL,0,Nasdaq\ETF
DAT,FULL,0,Nasdaq\ETF
DAUG,FULL,0,Nasdaq\ETF
DAX,FULL,0,Nasdaq\ETF
DBA,FULL,0,Nasdaq\ETF
DBAW,FULL,0,Nasdaq\ETF
DBB,FULL,0,Nasdaq\ETF
DBC,FULL,0,Nasdaq\ETF
DBE,FULL,0,Nasdaq\ETF
DBEF,FULL,0,Nasdaq\ETF
DBEH,FULL,0,Nasdaq\ETF
DBEM,FULL,0,Nasdaq\ETF
DBEU,FULL,0,Nasdaq\ETF
DBEZ,FULL,0,Nasdaq\ETF
DBJP,FULL,0,Nasdaq\ETF
DBMF,FULL,0,Nasdaq\ETF
DBND,FULL,0,Nasdaq\ETF
DBO,FULL,0,Nasdaq\ETF
DBP,FULL,0,Nasdaq\ETF
DCAP,FULL,0,Nasdaq\ETF
DCMT,FULL,0,Nasdaq\ETF
DCOR,FULL,0,Nasdaq\ETF
DCRE,FULL,0,Nasdaq\ETF
DDEC,FULL,0,Nasdaq\ETF
DDIV,FULL,0,Nasdaq\ETF
DDLS,FULL,0,Nasdaq\ETF
DDM,FULL,0,Nasdaq\ETF
DDWM,FULL,0,Nasdaq\ETF
DECP,FULL,0,Nasdaq\ETF
DECT,FULL,0,Nasdaq\ETF
DECW,FULL,0,Nasdaq\ETF
DECZ,FULL,0,Nasdaq\ETF
DEED,FULL,0,Nasdaq\ETF
DEEF,FULL,0,Nasdaq\ETF
DEEP,FULL,0,Nasdaq\ETF
DEFI,FULL,0,Nasdaq\ETF
DEHP,FULL,0,Nasdaq\ETF
DEM,FULL,0,Nasdaq\ETF
DEMZ,FULL,0,Nasdaq\ETF
DES,FULL,0,Nasdaq\ETF
DESK,FULL,0,Nasdaq\ETF
DEUS,FULL,0,Nasdaq\ETF
DEW,FULL,0,Nasdaq\ETF
DFAC,FULL,0,Nasdaq\ETF
DFAE,FULL,0,Nasdaq\ETF
DFAI,FULL,0,Nasdaq\ETF
DFAR,FULL,0,Nasdaq\ETF
DFAS,FULL,0,Nasdaq\ETF
DFAT,FULL,0,Nasdaq\ETF
DFAU,FULL,0,Nasdaq\ETF
DFAW,FULL,0,Nasdaq\ETF
DFAX,FULL,0,Nasdaq\ETF
DFCA,FULL,0,Nasdaq\ETF
DFCF,FULL,0,Nasdaq\ETF
DFE,FULL,0,Nasdaq\ETF
DFEB,FULL,0,Nasdaq\ETF
DFEM,FULL,0,Nasdaq\ETF
DFEN,FULL,0,Nasdaq\ETF
DFEV,FULL,0,Nasdaq\ETF
DFGP,FULL,0,Nasdaq\ETF
DFGR,FULL,0,Nasdaq\ETF
DFGX,FULL,0,Nasdaq\ETF
DFHY,FULL,0,Nasdaq\ETF
DFIC,FULL,0,Nasdaq\ETF
DFIP,FULL,0,Nasdaq\ETF
DFIS,FULL,0,Nasdaq\ETF
DFIV,FULL,0,Nasdaq\ETF
DFJ,FULL,0,Nasdaq\ETF
DFLV,FULL,0,Nasdaq\ETF
DFND,FULL,0,Nasdaq\ETF
DFNL,FULL,0,Nasdaq\ETF
DFNM,FULL,0,Nasdaq\ETF
DFNV,FULL,0,Nasdaq\ETF
DFRA,FULL,0,Nasdaq\ETF
DFSB,FULL,0,Nasdaq\ETF
DFSD,FULL,0,Nasdaq\ETF
DFSE,FULL,0,Nasdaq\ETF
DFSI,FULL,0,Nasdaq\ETF
DFSU,FULL,0,Nasdaq\ETF
DFSV,FULL,0,Nasdaq\ETF
DFUS,FULL,0,Nasdaq\ETF
DFUV,FULL,0,Nasdaq\ETF
DFVE,FULL,0,Nasdaq\ETF
DFVX,FULL,0,Nasdaq\ETF
DGCB,FULL,0,Nasdaq\ETF
DGIN,FULL,0,Nasdaq\ETF
DGRE,FULL,0,Nasdaq\ETF
DGRO,FULL,0,Nasdaq\ETF
DGRS,FULL,0,Nasdaq\ETF
DGRW,FULL,0,Nasdaq\ETF
DGS,FULL,0,Nasdaq\ETF
DGT,FULL,0,Nasdaq\ETF
DHS,FULL,0,Nasdaq\ETF
DIAL,FULL,0,Nasdaq\ETF
DIEM,FULL,0,Nasdaq\ETF
DIG,FULL,0,Nasdaq\ETF
DIHP,FULL,0,Nasdaq\ETF
DIM,FULL,0,Nasdaq\ETF
DINT,FULL,0,Nasdaq\ETF
DIPS,FULL,0,Nasdaq\ETF
DISO,FULL,0,Nasdaq\ETF
DISV,FULL,0,Nasdaq\ETF
DIV,FULL,0,Nasdaq\ETF
DIVB,FULL,0,Nasdaq\ETF
DIVD,FULL,0,Nasdaq\ETF
DIVG,FULL,0,Nasdaq\ETF
DIVI,FULL,0,Nasdaq\ETF
DIVL,FULL,0,Nasdaq\ETF
DIVO,FULL,0,Nasdaq\ETF
DIVP,FULL,0,Nasdaq\ETF
DIVS,FULL,0,Nasdaq\ETF
DIVY,FULL,0,Nasdaq\ETF
DIVZ,FULL,0,Nasdaq\ETF
DJAN,FULL,0,Nasdaq\ETF
DJCB,FULL,0,Nasdaq\ETF
DJD,FULL,0,Nasdaq\ETF
DJIA,FULL,0,Nasdaq\ETF
DJUL,FULL,0,Nasdaq\ETF
DJUN,FULL,0,Nasdaq\ETF
DLN,FULL,0,Nasdaq\ETF
DLS,FULL,0,Nasdaq\ETF
DMAR,FULL,0,Nasdaq\ETF
DMAT,FULL,0,Nasdaq\ETF
DMAY,FULL,0,Nasdaq\ETF
DMBS,FULL,0,Nasdaq\ETF
DMCY,FULL,0,Nasdaq\ETF
DMDV,FULL,0,Nasdaq\ETF
DMXF,FULL,0,Nasdaq\ETF
DNL,FULL,0,Nasdaq\ETF
DNOV,FULL,0,Nasdaq\ETF
DOCT,FULL,0,Nasdaq\ETF
DOG,FULL,0,Nasdaq\ETF
DOGG,FULL,0,Nasdaq\ETF
DOL,FULL,0,Nasdaq\ETF
DON,FULL,0,Nasdaq\ETF
DPST,FULL,0,Nasdaq\ETF
DRAI,FULL,0,Nasdaq\ETF
DRIP,FULL,0,Nasdaq\ETF
DRIV,FULL,0,Nasdaq\ETF
DRLL,FULL,0,Nasdaq\ETF
DRN,FULL,0,Nasdaq\ETF
DRSK,FULL,0,Nasdaq\ETF
DRUP,FULL,0,Nasdaq\ETF
DRV,FULL,0,Nasdaq\ETF
DSCF,FULL,0,Nasdaq\ETF
DSEP,FULL,0,Nasdaq\ETF
DSI,FULL,0,Nasdaq\ETF
DSMC,FULL,0,Nasdaq\ETF
DSTL,FULL,0,Nasdaq\ETF
DSTX,FULL,0,Nasdaq\ETF
DTCR,FULL,0,Nasdaq\ETF
DTD,FULL,0,Nasdaq\ETF
DTEC,FULL,0,Nasdaq\ETF
DTH,FULL,0,Nasdaq\ETF
DTRE,FULL,0,Nasdaq\ETF
DUBS,FULL,0,Nasdaq\ETF
DUG,FULL,0,Nasdaq\ETF
DUHP,FULL,0,Nasdaq\ETF
DUKH,FULL,0,Nasdaq\ETF
DUKQ,FULL,0,Nasdaq\ETF
DUKX,FULL,0,Nasdaq\ETF
DUKZ,FULL,0,Nasdaq\ETF
DULL,FULL,0,Nasdaq\ETF
DURA,FULL,0,Nasdaq\ETF
DUSA,FULL,0,Nasdaq\ETF
DUSB,FULL,0,Nasdaq\ETF
DUSL,FULL,0,Nasdaq\ETF
DUST,FULL,0,Nasdaq\ETF
DVAL,FULL,0,Nasdaq\ETF
DVDN,FULL,0,Nasdaq\ETF
DVLU,FULL,0,Nasdaq\ETF
DVND,FULL,0,Nasdaq\ETF
DVOL,FULL,0,Nasdaq\ETF
DVY,FULL,0,Nasdaq\ETF
DVYA,FULL,0,Nasdaq\ETF
DVYE,FULL,0,Nasdaq\ETF
DWAS,FULL,0,Nasdaq\ETF
DWAT,FULL,0,Nasdaq\ETF
DWAW,FULL,0,Nasdaq\ETF
DWCR,FULL,0,Nasdaq\ETF
DWLD,FULL,0,Nasdaq\ETF
DWM,FULL,0,Nasdaq\ETF
DWMF,FULL,0,Nasdaq\ETF
DWSH,FULL,0,Nasdaq\ETF
DWUS,FULL,0,Nasdaq\ETF
DWX,FULL,0,Nasdaq\ETF
DXD,FULL,0,Nasdaq\ETF
DXJ,FULL,0,Nasdaq\ETF
DXJS,FULL,0,Nasdaq\ETF
DYFI,FULL,0,Nasdaq\ETF
DYLD,FULL,0,Nasdaq\ETF
DYLG,FULL,0,Nasdaq\ETF
DYNF,FULL,0,Nasdaq\ETF
DYNI,FULL,0,Nasdaq\ETF
DYTA,FULL,0,Nasdaq\ETF
EAFG,FULL,0,Nasdaq\ETF
EAGG,FULL,0,Nasdaq\ETF
EAGL,FULL,0,Nasdaq\ETF
EALT,FULL,0,Nasdaq\ETF
EAOA,FULL,0,Nasdaq\ETF
EAOK,FULL,0,Nasdaq\ETF
EAOM,FULL,0,Nasdaq\ETF
EAOR,FULL,0,Nasdaq\ETF
EAPR,FULL,0,Nasdaq\ETF
EASG,FULL,0,Nasdaq\ETF
EATV,FULL,0,Nasdaq\ETF
EATZ,FULL,0,Nasdaq\ETF
EBIT,FULL,0,Nasdaq\ETF
EBIZ,FULL,0,Nasdaq\ETF
EBLU,FULL,0,Nasdaq\ETF
EBND,FULL,0,Nasdaq\ETF
EBUF,FULL,0,Nasdaq\ETF
ECH,FULL,0,Nasdaq\ETF
ECLN,FULL,0,Nasdaq\ETF
ECML,FULL,0,Nasdaq\ETF
ECNS,FULL,0,Nasdaq\ETF
ECON,FULL,0,Nasdaq\ETF
ECOW,FULL,0,Nasdaq\ETF
EDC,FULL,0,Nasdaq\ETF
EDEN,FULL,0,Nasdaq\ETF
EDIV,FULL,0,Nasdaq\ETF
EDOC,FULL,0,Nasdaq\ETF
EDOG,FULL,0,Nasdaq\ETF
EDOW,FULL,0,Nasdaq\ETF
EDV,FULL,0,Nasdaq\ETF
EDZ,FULL,0,Nasdaq\ETF
EELV,FULL,0,Nasdaq\ETF
EEM,FULL,0,Nasdaq\ETF
EEMA,FULL,0,Nasdaq\ETF
EEMD,FULL,0,Nasdaq\ETF
EEMO,FULL,0,Nasdaq\ETF
EEMS,FULL,0,Nasdaq\ETF
EEMV,FULL,0,Nasdaq\ETF
EEMX,FULL,0,Nasdaq\ETF
EES,FULL,0,Nasdaq\ETF
EET,FULL,0,Nasdaq\ETF
EETH,FULL,0,Nasdaq\ETF
EEV,FULL,0,Nasdaq\ETF
EFA,FULL,0,Nasdaq\ETF
EFAA,FULL,0,Nasdaq\ETF
EFAD,FULL,0,Nasdaq\ETF
EFAS,FULL,0,Nasdaq\ETF
EFAV,FULL,0,Nasdaq\ETF
EFAX,FULL,0,Nasdaq\ETF
EFG,FULL,0,Nasdaq\ETF
EFIV,FULL,0,Nasdaq\ETF
EFIX,FULL,0,Nasdaq\ETF
EFNL,FULL,0,Nasdaq\ETF
EFO,FULL,0,Nasdaq\ETF
EFRA,FULL,0,Nasdaq\ETF
EFU,FULL,0,Nasdaq\ETF
EFUT,FULL,0,Nasdaq\ETF
EFV,FULL,0,Nasdaq\ETF
EFZ,FULL,0,Nasdaq\ETF
EGUS,FULL,0,Nasdaq\ETF
EHLS,FULL,0,Nasdaq\ETF
EIDO,FULL,0,Nasdaq\ETF
EINC,FULL,0,Nasdaq\ETF
EIPI,FULL,0,Nasdaq\ETF
EIPX,FULL,0,Nasdaq\ETF
EIRL,FULL,0,Nasdaq\ETF
EIS,FULL,0,Nasdaq\ETF
EJAN,FULL,0,Nasdaq\ETF
EJUL,FULL,0,Nasdaq\ETF
EKG,FULL,0,Nasdaq\ETF
ELD,FULL,0,Nasdaq\ETF
ELQD,FULL,0,Nasdaq\ETF
EMB,FULL,0,Nasdaq\ETF
EMBD,FULL,0,Nasdaq\ETF
EMC,FULL,0,Nasdaq\ETF
EMCB,FULL,0,Nasdaq\ETF
EMCC,FULL,0,Nasdaq\ETF
EMCR,FULL,0,Nasdaq\ETF
EMDM,FULL,0,Nasdaq\ETF
EMDV,FULL,0,Nasdaq\ETF
EMFQ,FULL,0,Nasdaq\ETF
EMGF,FULL,0,Nasdaq\ETF
EMHC,FULL,0,Nasdaq\ETF
EMHY,FULL,0,Nasdaq\ETF
EMIF,FULL,0,Nasdaq\ETF
EMLC,FULL,0,Nasdaq\ETF
EMLP,FULL,0,Nasdaq\ETF
EMM,FULL,0,Nasdaq\ETF
EMMF,FULL,0,Nasdaq\ETF
EMNT,FULL,0,Nasdaq\ETF
EMOT,FULL,0,Nasdaq\ETF
EMQQ,FULL,0,Nasdaq\ETF
EMSF,FULL,0,Nasdaq\ETF
EMSG,FULL,0,Nasdaq\ETF
EMTL,FULL,0,Nasdaq\ETF
EMTY,FULL,0,Nasdaq\ETF
EMXC,FULL,0,Nasdaq\ETF
EMXF,FULL,0,Nasdaq\ETF
ENFR,FULL,0,Nasdaq\ETF
ENOR,FULL,0,Nasdaq\ETF
ENTR,FULL,0,Nasdaq\ETF
ENZL,FULL,0,Nasdaq\ETF
EOCT,FULL,0,Nasdaq\ETF
EPHE,FULL,0,Nasdaq\ETF
EPI,FULL,0,Nasdaq\ETF
EPOL,FULL,0,Nasdaq\ETF
EPP,FULL,0,Nasdaq\ETF
EPRF,FULL,0,Nasdaq\ETF
EPS,FULL,0,Nasdaq\ETF
EPU,FULL,0,Nasdaq\ETF
EPV,FULL,0,Nasdaq\ETF
EQAL,FULL,0,Nasdaq\ETF
EQIN,FULL,0,Nasdaq\ETF
EQL,FULL,0,Nasdaq\ETF
EQLS,FULL,0,Nasdaq\ETF
EQRR,FULL,0,Nasdaq\ETF
EQTY,FULL,0,Nasdaq\ETF
EQUL,FULL,0,Nasdaq\ETF
EQWL,FULL,0,Nasdaq\ETF
ERET,FULL,0,Nasdaq\ETF
ERNZ,FULL,0,Nasdaq\ETF
ERTH,FULL,0,Nasdaq\ETF
ERX,FULL,0,Nasdaq\ETF
ERY,FULL,0,Nasdaq\ETF
ESG,FULL,0,Nasdaq\ETF
ESGA,FULL,0,Nasdaq\ETF
ESGB,FULL,0,Nasdaq\ETF
ESGD,FULL,0,Nasdaq\ETF
ESGE,FULL,0,Nasdaq\ETF
ESGG,FULL,0,Nasdaq\ETF
ESGU,FULL,0,Nasdaq\ETF
ESGV,FULL,0,Nasdaq\ETF
ESGY,FULL,0,Nasdaq\ETF
ESIX,FULL,0,Nasdaq\ETF
ESML,FULL,0,Nasdaq\ETF
ESMV,FULL,0,Nasdaq\ETF
ESPO,FULL,0,Nasdaq\ETF
ESUS,FULL,0,Nasdaq\ETF
ETEC,FULL,0,Nasdaq\ETF
ETH,FULL,0,Nasdaq\ETF
ETHD,FULL,0,Nasdaq\ETF
ETHE,FULL,0,Nasdaq\ETF
ETHO,FULL,0,Nasdaq\ETF
ETHT,FULL,0,Nasdaq\ETF
ETHU,FULL,0,Nasdaq\ETF
ETHV,FULL,0,Nasdaq\ETF
ETHW,FULL,0,Nasdaq\ETF
EUDG,FULL,0,Nasdaq\ETF
EUDV,FULL,0,Nasdaq\ETF
EUFN,FULL,0,Nasdaq\ETF
EUM,FULL,0,Nasdaq\ETF
EUO,FULL,0,Nasdaq\ETF
EURL,FULL,0,Nasdaq\ETF
EUSA,FULL,0,Nasdaq\ETF
EUSB,FULL,0,Nasdaq\ETF
EUSC,FULL,0,Nasdaq\ETF
EV,FULL,0,Nasdaq\ETF
EVAV,FULL,0,Nasdaq\ETF
EVHY,FULL,0,Nasdaq\ETF
EVIM,FULL,0,Nasdaq\ETF
EVLN,FULL,0,Nasdaq\ETF
EVMT,FULL,0,Nasdaq\ETF
EVNT,FULL,0,Nasdaq\ETF
EVSB,FULL,0,Nasdaq\ETF
EVSD,FULL,0,Nasdaq\ETF
EVSM,FULL,0,Nasdaq\ETF
EVTR,FULL,0,Nasdaq\ETF
EVUS,FULL,0,Nasdaq\ETF
EVX,FULL,0,Nasdaq\ETF
EWA,FULL,0,Nasdaq\ETF
EWC,FULL,0,Nasdaq\ETF
EWD,FULL,0,Nasdaq\ETF
EWG,FULL,0,Nasdaq\ETF
EWH,FULL,0,Nasdaq\ETF
EWJ,FULL,0,Nasdaq\ETF
EWJV,FULL,0,Nasdaq\ETF
EWK,FULL,0,Nasdaq\ETF
EWL,FULL,0,Nasdaq\ETF
EWM,FULL,0,Nasdaq\ETF
EWN,FULL,0,Nasdaq\ETF
EWO,FULL,0,Nasdaq\ETF
EWP,FULL,0,Nasdaq\ETF
EWQ,FULL,0,Nasdaq\ETF
EWS,FULL,0,Nasdaq\ETF
EWT,FULL,0,Nasdaq\ETF
EWU,FULL,0,Nasdaq\ETF
EWUS,FULL,0,Nasdaq\ETF
EWV,FULL,0,Nasdaq\ETF
EWW,FULL,0,Nasdaq\ETF
EWX,FULL,0,Nasdaq\ETF
EWY,FULL,0,Nasdaq\ETF
EWZ,FULL,0,Nasdaq\ETF
EWZS,FULL,0,Nasdaq\ETF
EXI,FULL,0,Nasdaq\ETF
EYEG,FULL,0,Nasdaq\ETF
EYLD,FULL,0,Nasdaq\ETF
EZA,FULL,0,Nasdaq\ETF
EZBC,FULL,0,Nasdaq\ETF
EZET,FULL,0,Nasdaq\ETF
EZJ,FULL,0,Nasdaq\ETF
EZM,FULL,0,Nasdaq\ETF
EZU,FULL,0,Nasdaq\ETF
FAAR,FULL,0,Nasdaq\ETF
FAB,FULL,0,Nasdaq\ETF
FAD,FULL,0,Nasdaq\ETF
FAIL,FULL,0,Nasdaq\ETF
FALN,FULL,0,Nasdaq\ETF
FAN,FULL,0,Nasdaq\ETF
FAPR,FULL,0,Nasdaq\ETF
FAS,FULL,0,Nasdaq\ETF
FAUG,FULL,0,Nasdaq\ETF
FAZ,FULL,0,Nasdaq\ETF
FBCG,FULL,0,Nasdaq\ETF
FBCV,FULL,0,Nasdaq\ETF
FBL,FULL,0,Nasdaq\ETF
FBND,FULL,0,Nasdaq\ETF
FBOT,FULL,0,Nasdaq\ETF
FBT,FULL,0,Nasdaq\ETF
FBTC,FULL,0,Nasdaq\ETF
FBUF,FULL,0,Nasdaq\ETF
FBY,FULL,0,Nasdaq\ETF
FBZ,FULL,0,Nasdaq\ETF
FCA,FULL,0,Nasdaq\ETF
FCAL,FULL,0,Nasdaq\ETF
FCEF,FULL,0,Nasdaq\ETF
FCFY,FULL,0,Nasdaq\ETF
FCG,FULL,0,Nasdaq\ETF
FCLD,FULL,0,Nasdaq\ETF
FCOM,FULL,0,Nasdaq\ETF
FCOR,FULL,0,Nasdaq\ETF
FCPI,FULL,0,Nasdaq\ETF
FCSH,FULL,0,Nasdaq\ETF
FCTE,FULL,0,Nasdaq\ETF
FCTR,FULL,0,Nasdaq\ETF
FCUS,FULL,0,Nasdaq\ETF
FCVT,FULL,0,Nasdaq\ETF
FDAT,FULL,0,Nasdaq\ETF
FDCE,FULL,0,Nasdaq\ETF
FDCF,FULL,0,Nasdaq\ETF
FDD,FULL,0,Nasdaq\ETF
FDEC,FULL,0,Nasdaq\ETF
FDEM,FULL,0,Nasdaq\ETF
FDEV,FULL,0,Nasdaq\ETF
FDFF,FULL,0,Nasdaq\ETF
FDG,FULL,0,Nasdaq\ETF
FDGR,FULL,0,Nasdaq\ETF
FDHT,FULL,0,Nasdaq\ETF
FDHY,FULL,0,Nasdaq\ETF
FDIF,FULL,0,Nasdaq\ETF
FDIG,FULL,0,Nasdaq\ETF
FDIS,FULL,0,Nasdaq\ETF
FDIV,FULL,0,Nasdaq\ETF
FDL,FULL,0,Nasdaq\ETF
FDLO,FULL,0,Nasdaq\ETF
FDLS,FULL,0,Nasdaq\ETF
FDM,FULL,0,Nasdaq\ETF
FDMO,FULL,0,Nasdaq\ETF
FDN,FULL,0,Nasdaq\ETF
FDND,FULL,0,Nasdaq\ETF
FDNI,FULL,0,Nasdaq\ETF
FDRR,FULL,0,Nasdaq\ETF
FDRV,FULL,0,Nasdaq\ETF
FDT,FULL,0,Nasdaq\ETF
FDTB,FULL,0,Nasdaq\ETF
FDTS,FULL,0,Nasdaq\ETF
FDTX,FULL,0,Nasdaq\ETF
FDV,FULL,0,Nasdaq\ETF
FDVL,FULL,0,Nasdaq\ETF
FDVV,FULL,0,Nasdaq\ETF
FDWM,FULL,0,Nasdaq\ETF
FEBP,FULL,0,Nasdaq\ETF
FEBT,FULL,0,Nasdaq\ETF
FEBW,FULL,0,Nasdaq\ETF
FEBZ,FULL,0,Nasdaq\ETF
FEDL,FULL,0,Nasdaq\ETF
FEDM,FULL,0,Nasdaq\ETF
FEIG,FULL,0,Nasdaq\ETF
FELC,FULL,0,Nasdaq\ETF
FELG,FULL,0,Nasdaq\ETF
FELV,FULL,0,Nasdaq\ETF
FEM,FULL,0,Nasdaq\ETF
FEMB,FULL,0,Nasdaq\ETF
FEMS,FULL,0,Nasdaq\ETF
FENI,FULL,0,Nasdaq\ETF
FENY,FULL,0,Nasdaq\ETF
FEP,FULL,0,Nasdaq\ETF
FEPI,FULL,0,Nasdaq\ETF
FESM,FULL,0,Nasdaq\ETF
FETH,FULL,0,Nasdaq\ETF
FEUS,FULL,0,Nasdaq\ETF
FEUZ,FULL,0,Nasdaq\ETF
FEX,FULL,0,Nasdaq\ETF
FEZ,FULL,0,Nasdaq\ETF
FFEB,FULL,0,Nasdaq\ETF
FFIU,FULL,0,Nasdaq\ETF
FFLC,FULL,0,Nasdaq\ETF
FFLG,FULL,0,Nasdaq\ETF
FFLS,FULL,0,Nasdaq\ETF
FFLV,FULL,0,Nasdaq\ETF
FFND,FULL,0,Nasdaq\ETF
FFOG,FULL,0,Nasdaq\ETF
FFSM,FULL,0,Nasdaq\ETF
FFTY,FULL,0,Nasdaq\ETF
FGD,FULL,0,Nasdaq\ETF
FGDL,FULL,0,Nasdaq\ETF
FGM,FULL,0,Nasdaq\ETF
FHEQ,FULL,0,Nasdaq\ETF
FHLC,FULL,0,Nasdaq\ETF
FHYS,FULL,0,Nasdaq\ETF
FIAT,FULL,0,Nasdaq\ETF
FIAX,FULL,0,Nasdaq\ETF
FIBR,FULL,0,Nasdaq\ETF
FICS,FULL,0,Nasdaq\ETF
FID,FULL,0,Nasdaq\ETF
FIDI,FULL,0,Nasdaq\ETF
FIDU,FULL,0,Nasdaq\ETF
FIG,FULL,0,Nasdaq\ETF
FIGB,FULL,0,Nasdaq\ETF
FIIG,FULL,0,Nasdaq\ETF
FILL,FULL,0,Nasdaq\ETF
FINE,FULL,0,Nasdaq\ETF
FINX,FULL,0,Nasdaq\ETF
FISR,FULL,0,Nasdaq\ETF
FITE,FULL,0,Nasdaq\ETF
FIVA,FULL,0,Nasdaq\ETF
FIW,FULL,0,Nasdaq\ETF
FIXD,FULL,0,Nasdaq\ETF
FIXT,FULL,0,Nasdaq\ETF
FJAN,FULL,0,Nasdaq\ETF
FJP,FULL,0,Nasdaq\ETF
FJUL,FULL,0,Nasdaq\ETF
FJUN,FULL,0,Nasdaq\ETF
FKU,FULL,0,Nasdaq\ETF
FLAO,FULL,0,Nasdaq\ETF
FLAU,FULL,0,Nasdaq\ETF
FLAX,FULL,0,Nasdaq\ETF
FLBL,FULL,0,Nasdaq\ETF
FLBR,FULL,0,Nasdaq\ETF
FLCA,FULL,0,Nasdaq\ETF
FLCB,FULL,0,Nasdaq\ETF
FLCC,FULL,0,Nasdaq\ETF
FLCG,FULL,0,Nasdaq\ETF
FLCH,FULL,0,Nasdaq\ETF
FLCO,FULL,0,Nasdaq\ETF
FLCV,FULL,0,Nasdaq\ETF
FLDB,FULL,0,Nasdaq\ETF
FLDR,FULL,0,Nasdaq\ETF
FLDZ,FULL,0,Nasdaq\ETF
FLEE,FULL,0,Nasdaq\ETF
FLEU,FULL,0,Nasdaq\ETF
FLGB,FULL,0,Nasdaq\ETF
FLGR,FULL,0,Nasdaq\ETF
FLGV,FULL,0,Nasdaq\ETF
FLHK,FULL,0,Nasdaq\ETF
FLHY,FULL,0,Nasdaq\ETF
FLIA,FULL,0,Nasdaq\ETF
FLIN,FULL,0,Nasdaq\ETF
FLJH,FULL,0,Nasdaq\ETF
FLJJ,FULL,0,Nasdaq\ETF
FLJP,FULL,0,Nasdaq\ETF
FLKR,FULL,0,Nasdaq\ETF
FLLA,FULL,0,Nasdaq\ETF
FLMB,FULL,0,Nasdaq\ETF
FLMI,FULL,0,Nasdaq\ETF
FLMX,FULL,0,Nasdaq\ETF
FLN,FULL,0,Nasdaq\ETF
FLOT,FULL,0,Nasdaq\ETF
FLOW,FULL,0,Nasdaq\ETF
FLQL,FULL,0,Nasdaq\ETF
FLQM,FULL,0,Nasdaq\ETF
FLQS,FULL,0,Nasdaq\ETF
FLRG,FULL,0,Nasdaq\ETF
FLRN,FULL,0,Nasdaq\ETF
FLRT,FULL,0,Nasdaq\ETF
FLSA,FULL,0,Nasdaq\ETF
FLSP,FULL,0,Nasdaq\ETF
FLSW,FULL,0,Nasdaq\ETF
FLTB,FULL,0,Nasdaq\ETF
FLTR,FULL,0,Nasdaq\ETF
FLTW,FULL,0,Nasdaq\ETF
FLUD,FULL,0,Nasdaq\ETF
FLV,FULL,0,Nasdaq\ETF
FLXR,FULL,0,Nasdaq\ETF
FLYD,FULL,0,Nasdaq\ETF
FLYU,FULL,0,Nasdaq\ETF
FM,FULL,0,Nasdaq\ETF
FMAG,FULL,0,Nasdaq\ETF
FMAR,FULL,0,Nasdaq\ETF
FMAT,FULL,0,Nasdaq\ETF
FMAY,FULL,0,Nasdaq\ETF
FMB,FULL,0,Nasdaq\ETF
FMCX,FULL,0,Nasdaq\ETF
FMDE,FULL,0,Nasdaq\ETF
FMED,FULL,0,Nasdaq\ETF
FMET,FULL,0,Nasdaq\ETF
FMF,FULL,0,Nasdaq\ETF
FMHI,FULL,0,Nasdaq\ETF
FMNY,FULL,0,Nasdaq\ETF
FMQQ,FULL,0,Nasdaq\ETF
FNCL,FULL,0,Nasdaq\ETF
FNDA,FULL,0,Nasdaq\ETF
FNDB,FULL,0,Nasdaq\ETF
FNDC,FULL,0,Nasdaq\ETF
FNDE,FULL,0,Nasdaq\ETF
FNDF,FULL,0,Nasdaq\ETF
FNDX,FULL,0,Nasdaq\ETF
FNGG,FULL,0,Nasdaq\ETF
FNGS,FULL,0,Nasdaq\ETF
FNK,FULL,0,Nasdaq\ETF
FNOV,FULL,0,Nasdaq\ETF
FNX,FULL,0,Nasdaq\ETF
FNY,FULL,0,Nasdaq\ETF
FOCT,FULL,0,Nasdaq\ETF
FORH,FULL,0,Nasdaq\ETF
FOVL,FULL,0,Nasdaq\ETF
FPA,FULL,0,Nasdaq\ETF
FPAG,FULL,0,Nasdaq\ETF
FPE,FULL,0,Nasdaq\ETF
FPEI,FULL,0,Nasdaq\ETF
FPFD,FULL,0,Nasdaq\ETF
FPRO,FULL,0,Nasdaq\ETF
FPX,FULL,0,Nasdaq\ETF
FPXE,FULL,0,Nasdaq\ETF
FPXI,FULL,0,Nasdaq\ETF
FQAL,FULL,0,Nasdaq\ETF
FRDM,FULL,0,Nasdaq\ETF
FREL,FULL,0,Nasdaq\ETF
FRI,FULL,0,Nasdaq\ETF
FRNW,FULL,0,Nasdaq\ETF
FRTY,FULL,0,Nasdaq\ETF
FSBD,FULL,0,Nasdaq\ETF
FSCC,FULL,0,Nasdaq\ETF
FSCS,FULL,0,Nasdaq\ETF
FSEC,FULL,0,Nasdaq\ETF
FSEP,FULL,0,Nasdaq\ETF
FSIG,FULL,0,Nasdaq\ETF
FSLD,FULL,0,Nasdaq\ETF
FSMB,FULL,0,Nasdaq\ETF
FSMD,FULL,0,Nasdaq\ETF
FSST,FULL,0,Nasdaq\ETF
FSTA,FULL,0,Nasdaq\ETF
FSYD,FULL,0,Nasdaq\ETF
FSZ,FULL,0,Nasdaq\ETF
FTA,FULL,0,Nasdaq\ETF
FTAG,FULL,0,Nasdaq\ETF
FTBD,FULL,0,Nasdaq\ETF
FTC,FULL,0,Nasdaq\ETF
FTCB,FULL,0,Nasdaq\ETF
FTCS,FULL,0,Nasdaq\ETF
FTDS,FULL,0,Nasdaq\ETF
FTEC,FULL,0,Nasdaq\ETF
FTGC,FULL,0,Nasdaq\ETF
FTGS,FULL,0,Nasdaq\ETF
FTHF,FULL,0,Nasdaq\ETF
FTHI,FULL,0,Nasdaq\ETF
FTIF,FULL,0,Nasdaq\ETF
FTLS,FULL,0,Nasdaq\ETF
FTQI,FULL,0,Nasdaq\ETF
FTRB,FULL,0,Nasdaq\ETF
FTRI,FULL,0,Nasdaq\ETF
FTSD,FULL,0,Nasdaq\ETF
FTSL,FULL,0,Nasdaq\ETF
FTSM,FULL,0,Nasdaq\ETF
FTWO,FULL,0,Nasdaq\ETF
FTXG,FULL,0,Nasdaq\ETF
FTXH,FULL,0,Nasdaq\ETF
FTXL,FULL,0,Nasdaq\ETF
FTXN,FULL,0,Nasdaq\ETF
FTXO,FULL,0,Nasdaq\ETF
FTXR,FULL,0,Nasdaq\ETF
FUMB,FULL,0,Nasdaq\ETF
FUNL,FULL,0,Nasdaq\ETF
FUSI,FULL,0,Nasdaq\ETF
FUTY,FULL,0,Nasdaq\ETF
FV,FULL,0,Nasdaq\ETF
FVAL,FULL,0,Nasdaq\ETF
FVC,FULL,0,Nasdaq\ETF
FVD,FULL,0,Nasdaq\ETF
FWD,FULL,0,Nasdaq\ETF
FXA,FULL,0,Nasdaq\ETF
FXB,FULL,0,Nasdaq\ETF
FXC,FULL,0,Nasdaq\ETF
FXD,FULL,0,Nasdaq\ETF
FXE,FULL,0,Nasdaq\ETF
FXED,FULL,0,Nasdaq\ETF
FXF,FULL,0,Nasdaq\ETF
FXG,FULL,0,Nasdaq\ETF
FXH,FULL,0,Nasdaq\ETF
FXI,FULL,0,Nasdaq\ETF
FXL,FULL,0,Nasdaq\ETF
FXN,FULL,0,Nasdaq\ETF
FXO,FULL,0,Nasdaq\ETF
FXP,FULL,0,Nasdaq\ETF
FXR,FULL,0,Nasdaq\ETF
FXU,FULL,0,Nasdaq\ETF
FXY,FULL,0,Nasdaq\ETF
FXZ,FULL,0,Nasdaq\ETF
FYC,FULL,0,Nasdaq\ETF
FYEE,FULL,0,Nasdaq\ETF
FYLD,FULL,0,Nasdaq\ETF
FYLG,FULL,0,Nasdaq\ETF
FYT,FULL,0,Nasdaq\ETF
FYX,FULL,0,Nasdaq\ETF
GAA,FULL,0,Nasdaq\ETF
GABF,FULL,0,Nasdaq\ETF
GAEM,FULL,0,Nasdaq\ETF
GAL,FULL,0,Nasdaq\ETF
GAMR,FULL,0,Nasdaq\ETF
GAPR,FULL,0,Nasdaq\ETF
GARP,FULL,0,Nasdaq\ETF
GAST,FULL,0,Nasdaq\ETF
GAUG,FULL,0,Nasdaq\ETF
GBF,FULL,0,Nasdaq\ETF
GBIL,FULL,0,Nasdaq\ETF
GBLD,FULL,0,Nasdaq\ETF
GBTC,FULL,0,Nasdaq\ETF
GBUY,FULL,0,Nasdaq\ETF
GCAD,FULL,0,Nasdaq\ETF
GCAL,FULL,0,Nasdaq\ETF
GCC,FULL,0,Nasdaq\ETF
GCLN,FULL,0,Nasdaq\ETF
GCOR,FULL,0,Nasdaq\ETF
GCOW,FULL,0,Nasdaq\ETF
GDE,FULL,0,Nasdaq\ETF
GDEC,FULL,0,Nasdaq\ETF
GDIV,FULL,0,Nasdaq\ETF
GDMA,FULL,0,Nasdaq\ETF
GDMN,FULL,0,Nasdaq\ETF
GDOC,FULL,0,Nasdaq\ETF
GDVD,FULL,0,Nasdaq\ETF
GDX,FULL,0,Nasdaq\ETF
GDXD,FULL,0,Nasdaq\ETF
GDXJ,FULL,0,Nasdaq\ETF
GDXU,FULL,0,Nasdaq\ETF
GDXY,FULL,0,Nasdaq\ETF
GEM,FULL,0,Nasdaq\ETF
GEMD,FULL,0,Nasdaq\ETF
GENM,FULL,0,Nasdaq\ETF
GENT,FULL,0,Nasdaq\ETF
GERM,FULL,0,Nasdaq\ETF
GFEB,FULL,0,Nasdaq\ETF
GFGF,FULL,0,Nasdaq\ETF
GFOF,FULL,0,Nasdaq\ETF
GGLL,FULL,0,Nasdaq\ETF
GGLS,FULL,0,Nasdaq\ETF
GGM,FULL,0,Nasdaq\ETF
GGME,FULL,0,Nasdaq\ETF
GGRW,FULL,0,Nasdaq\ETF
GGUS,FULL,0,Nasdaq\ETF
GHEE,FULL,0,Nasdaq\ETF
GHMS,FULL,0,Nasdaq\ETF
GHTA,FULL,0,Nasdaq\ETF
GHYB,FULL,0,Nasdaq\ETF
GHYG,FULL,0,Nasdaq\ETF
GIAX,FULL,0,Nasdaq\ETF
GIGB,FULL,0,Nasdaq\ETF
GII,FULL,0,Nasdaq\ETF
GINN,FULL,0,Nasdaq\ETF
GINX,FULL,0,Nasdaq\ETF
GJAN,FULL,0,Nasdaq\ETF
GJUL,FULL,0,Nasdaq\ETF
GJUN,FULL,0,Nasdaq\ETF
GK,FULL,0,Nasdaq\ETF
GLD,FULL,0,Nasdaq\ETF
GLDM,FULL,0,Nasdaq\ETF
GLIN,FULL,0,Nasdaq\ETF
GLL,FULL,0,Nasdaq\ETF
GLOF,FULL,0,Nasdaq\ETF
GLOV,FULL,0,Nasdaq\ETF
GLOW,FULL,0,Nasdaq\ETF
GLRY,FULL,0,Nasdaq\ETF
GLTR,FULL,0,Nasdaq\ETF
GMAR,FULL,0,Nasdaq\ETF
GMAY,FULL,0,Nasdaq\ETF
GMET,FULL,0,Nasdaq\ETF
GMF,FULL,0,Nasdaq\ETF
GMNY,FULL,0,Nasdaq\ETF
GMOM,FULL,0,Nasdaq\ETF
GMUB,FULL,0,Nasdaq\ETF
GMUN,FULL,0,Nasdaq\ETF
GNMA,FULL,0,Nasdaq\ETF
GNOM,FULL,0,Nasdaq\ETF
GNOV,FULL,0,Nasdaq\ETF
GNR,FULL,0,Nasdaq\ETF
GOAU,FULL,0,Nasdaq\ETF
GOCT,FULL,0,Nasdaq\ETF
GOEX,FULL,0,Nasdaq\ETF
GOLY,FULL,0,Nasdaq\ETF
GOOP,FULL,0,Nasdaq\ETF
GOOX,FULL,0,Nasdaq\ETF
GOOY,FULL,0,Nasdaq\ETF
GOVI,FULL,0,Nasdaq\ETF
GOVT,FULL,0,Nasdaq\ETF
GOVZ,FULL,0,Nasdaq\ETF
GPIQ,FULL,0,Nasdaq\ETF
GPIX,FULL,0,Nasdaq\ETF
GPOW,FULL,0,Nasdaq\ETF
GPRF,FULL,0,Nasdaq\ETF
GQI,FULL,0,Nasdaq\ETF
GQRE,FULL,0,Nasdaq\ETF
GREI,FULL,0,Nasdaq\ETF
GREK,FULL,0,Nasdaq\ETF
GRID,FULL,0,Nasdaq\ETF
GRNB,FULL,0,Nasdaq\ETF
GRPM,FULL,0,Nasdaq\ETF
GRPZ,FULL,0,Nasdaq\ETF
GRW,FULL,0,Nasdaq\ETF
GSC,FULL,0,Nasdaq\ETF
GSEE,FULL,0,Nasdaq\ETF
GSEP,FULL,0,Nasdaq\ETF
GSEU,FULL,0,Nasdaq\ETF
GSEW,FULL,0,Nasdaq\ETF
GSFP,FULL,0,Nasdaq\ETF
GSG,FULL,0,Nasdaq\ETF
GSIB,FULL,0,Nasdaq\ETF
GSID,FULL,0,Nasdaq\ETF
GSIE,FULL,0,Nasdaq\ETF
GSIG,FULL,0,Nasdaq\ETF
GSJY,FULL,0,Nasdaq\ETF
GSLC,FULL,0,Nasdaq\ETF
GSPY,FULL,0,Nasdaq\ETF
GSSC,FULL,0,Nasdaq\ETF
GSST,FULL,0,Nasdaq\ETF
GSUS,FULL,0,Nasdaq\ETF
GSY,FULL,0,Nasdaq\ETF
GTEK,FULL,0,Nasdaq\ETF
GTIP,FULL,0,Nasdaq\ETF
GTO,FULL,0,Nasdaq\ETF
GTR,FULL,0,Nasdaq\ETF
GUMI,FULL,0,Nasdaq\ETF
GUNR,FULL,0,Nasdaq\ETF
GURU,FULL,0,Nasdaq\ETF
GUSA,FULL,0,Nasdaq\ETF
GUSH,FULL,0,Nasdaq\ETF
GVAL,FULL,0,Nasdaq\ETF
GVI,FULL,0,Nasdaq\ETF
GVIP,FULL,0,Nasdaq\ETF
GVLU,FULL,0,Nasdaq\ETF
GVUS,FULL,0,Nasdaq\ETF
GWX,FULL,0,Nasdaq\ETF
GXC,FULL,0,Nasdaq\ETF
GXG,FULL,0,Nasdaq\ETF
GXTG,FULL,0,Nasdaq\ETF
GXUS,FULL,0,Nasdaq\ETF
GYLD,FULL,0,Nasdaq\ETF
HACK,FULL,0,Nasdaq\ETF
HAIL,FULL,0,Nasdaq\ETF
HAP,FULL,0,Nasdaq\ETF
HAPI,FULL,0,Nasdaq\ETF
HAPR,FULL,0,Nasdaq\ETF
HAPS,FULL,0,Nasdaq\ETF
HAPY,FULL,0,Nasdaq\ETF
HARD,FULL,0,Nasdaq\ETF
HART,FULL,0,Nasdaq\ETF
HAUS,FULL,0,Nasdaq\ETF
HAUZ,FULL,0,Nasdaq\ETF
HAWX,FULL,0,Nasdaq\ETF
HCMT,FULL,0,Nasdaq\ETF
HCOM,FULL,0,Nasdaq\ETF
HCOW,FULL,0,Nasdaq\ETF
HCRB,FULL,0,Nasdaq\ETF
HDEF,FULL,0,Nasdaq\ETF
HDG,FULL,0,Nasdaq\ETF
HDGE,FULL,0,Nasdaq\ETF
HDLB,FULL,0,Nasdaq\ETF
HDMV,FULL,0,Nasdaq\ETF
HDRO,FULL,0,Nasdaq\ETF
HDUS,FULL,0,Nasdaq\ETF
HDV,FULL,0,Nasdaq\ETF
HEAT,FULL,0,Nasdaq\ETF
HEDJ,FULL,0,Nasdaq\ETF
HEEM,FULL,0,Nasdaq\ETF
HEFA,FULL,0,Nasdaq\ETF
HEGD,FULL,0,Nasdaq\ETF
HEJD,FULL,0,Nasdaq\ETF
HELO,FULL,0,Nasdaq\ETF
HELX,FULL,0,Nasdaq\ETF
HEQT,FULL,0,Nasdaq\ETF
HERD,FULL,0,Nasdaq\ETF
HERO,FULL,0,Nasdaq\ETF
HEWJ,FULL,0,Nasdaq\ETF
HEZU,FULL,0,Nasdaq\ETF
HF,FULL,0,Nasdaq\ETF
HFGO,FULL,0,Nasdaq\ETF
HFND,FULL,0,Nasdaq\ETF
HFXI,FULL,0,Nasdaq\ETF
HGER,FULL,0,Nasdaq\ETF
HIBL,FULL,0,Nasdaq\ETF
HIBS,FULL,0,Nasdaq\ETF
HIDE,FULL,0,Nasdaq\ETF
HIDV,FULL,0,Nasdaq\ETF
HIGH,FULL,0,Nasdaq\ETF
HIPS,FULL,0,Nasdaq\ETF
HISF,FULL,0,Nasdaq\ETF
HIYS,FULL,0,Nasdaq\ETF
HJAN,FULL,0,Nasdaq\ETF
HJUL,FULL,0,Nasdaq\ETF
HKND,FULL,0,Nasdaq\ETF
HLAL,FULL,0,Nasdaq\ETF
HLGE,FULL,0,Nasdaq\ETF
HMOP,FULL,0,Nasdaq\ETF
HNDL,FULL,0,Nasdaq\ETF
HOCT,FULL,0,Nasdaq\ETF
HODL,FULL,0,Nasdaq\ETF
HOMZ,FULL,0,Nasdaq\ETF
HQGO,FULL,0,Nasdaq\ETF
HRTS,FULL,0,Nasdaq\ETF
HSCZ,FULL,0,Nasdaq\ETF
HSMV,FULL,0,Nasdaq\ETF
HSRT,FULL,0,Nasdaq\ETF
HSUN,FULL,0,Nasdaq\ETF
HTAB,FULL,0,Nasdaq\ETF
HTEC,FULL,0,Nasdaq\ETF
HTRB,FULL,0,Nasdaq\ETF
HTUS,FULL,0,Nasdaq\ETF
HUSV,FULL,0,Nasdaq\ETF
HYBB,FULL,0,Nasdaq\ETF
HYBL,FULL,0,Nasdaq\ETF
HYD,FULL,0,Nasdaq\ETF
HYDB,FULL,0,Nasdaq\ETF
HYDR,FULL,0,Nasdaq\ETF
HYDW,FULL,0,Nasdaq\ETF
HYEM,FULL,0,Nasdaq\ETF
HYFI,FULL,0,Nasdaq\ETF
HYG,FULL,0,Nasdaq\ETF
HYGH,FULL,0,Nasdaq\ETF
HYGI,FULL,0,Nasdaq\ETF
HYGV,FULL,0,Nasdaq\ETF
HYGW,FULL,0,Nasdaq\ETF
HYHG,FULL,0,Nasdaq\ETF
HYIN,FULL,0,Nasdaq\ETF
HYKE,FULL,0,Nasdaq\ETF
HYLB,FULL,0,Nasdaq\ETF
HYLG,FULL,0,Nasdaq\ETF
HYLS,FULL,0,Nasdaq\ETF
HYMB,FULL,0,Nasdaq\ETF
HYMU,FULL,0,Nasdaq\ETF
HYRM,FULL,0,Nasdaq\ETF
HYS,FULL,0,Nasdaq\ETF
HYSA,FULL,0,Nasdaq\ETF
HYTR,FULL,0,Nasdaq\ETF
HYUP,FULL,0,Nasdaq\ETF
HYXF,FULL,0,Nasdaq\ETF
HYXU,FULL,0,Nasdaq\ETF
HYZD,FULL,0,Nasdaq\ETF
IAGG,FULL,0,Nasdaq\ETF
IAI,FULL,0,Nasdaq\ETF
IAK,FULL,0,Nasdaq\ETF
IAPR,FULL,0,Nasdaq\ETF
IAT,FULL,0,Nasdaq\ETF
IAU,FULL,0,Nasdaq\ETF
IAUG,FULL,0,Nasdaq\ETF
IAUM,FULL,0,Nasdaq\ETF
IBAT,FULL,0,Nasdaq\ETF
IBB,FULL,0,Nasdaq\ETF
IBBQ,FULL,0,Nasdaq\ETF
IBD,FULL,0,Nasdaq\ETF
IBDP,FULL,0,Nasdaq\ETF
IBDQ,FULL,0,Nasdaq\ETF
IBDR,FULL,0,Nasdaq\ETF
IBDS,FULL,0,Nasdaq\ETF
IBDT,FULL,0,Nasdaq\ETF
IBDU,FULL,0,Nasdaq\ETF
IBDV,FULL,0,Nasdaq\ETF
IBDW,FULL,0,Nasdaq\ETF
IBDX,FULL,0,Nasdaq\ETF
IBDY,FULL,0,Nasdaq\ETF
IBDZ,FULL,0,Nasdaq\ETF
IBGA,FULL,0,Nasdaq\ETF
IBGK,FULL,0,Nasdaq\ETF
IBHD,FULL,0,Nasdaq\ETF
IBHE,FULL,0,Nasdaq\ETF
IBHF,FULL,0,Nasdaq\ETF
IBHG,FULL,0,Nasdaq\ETF
IBHH,FULL,0,Nasdaq\ETF
IBHI,FULL,0,Nasdaq\ETF
IBHJ,FULL,0,Nasdaq\ETF
IBHK,FULL,0,Nasdaq\ETF
IBIA,FULL,0,Nasdaq\ETF
IBIB,FULL,0,Nasdaq\ETF
IBIC,FULL,0,Nasdaq\ETF
IBID,FULL,0,Nasdaq\ETF
IBIE,FULL,0,Nasdaq\ETF
IBIF,FULL,0,Nasdaq\ETF
IBIG,FULL,0,Nasdaq\ETF
IBIH,FULL,0,Nasdaq\ETF
IBII,FULL,0,Nasdaq\ETF
IBIJ,FULL,0,Nasdaq\ETF
IBIK,FULL,0,Nasdaq\ETF
IBIT,FULL,0,Nasdaq\ETF
IBLC,FULL,0,Nasdaq\ETF
IBMM,FULL,0,Nasdaq\ETF
IBMN,FULL,0,Nasdaq\ETF
IBMO,FULL,0,Nasdaq\ETF
IBMP,FULL,0,Nasdaq\ETF
IBMQ,FULL,0,Nasdaq\ETF
IBMR,FULL,0,Nasdaq\ETF
IBMS,FULL,0,Nasdaq\ETF
IBND,FULL,0,Nasdaq\ETF
IBOT,FULL,0,Nasdaq\ETF
IBRN,FULL,0,Nasdaq\ETF
IBTE,FULL,0,Nasdaq\ETF
IBTF,FULL,0,Nasdaq\ETF
IBTG,FULL,0,Nasdaq\ETF
IBTH,FULL,0,Nasdaq\ETF
IBTI,FULL,0,Nasdaq\ETF
IBTJ,FULL,0,Nasdaq\ETF
IBTK,FULL,0,Nasdaq\ETF
IBTL,FULL,0,Nasdaq\ETF
IBTM,FULL,0,Nasdaq\ETF
IBTO,FULL,0,Nasdaq\ETF
IBTP,FULL,0,Nasdaq\ETF
IBUF,FULL,0,Nasdaq\ETF
IBUY,FULL,0,Nasdaq\ETF
ICAP,FULL,0,Nasdaq\ETF
ICF,FULL,0,Nasdaq\ETF
ICLN,FULL,0,Nasdaq\ETF
ICLO,FULL,0,Nasdaq\ETF
ICOP,FULL,0,Nasdaq\ETF
ICOW,FULL,0,Nasdaq\ETF
ICSH,FULL,0,Nasdaq\ETF
ICVT,FULL,0,Nasdaq\ETF
IDAT,FULL,0,Nasdaq\ETF
IDEC,FULL,0,Nasdaq\ETF
IDEV,FULL,0,Nasdaq\ETF
IDGT,FULL,0,Nasdaq\ETF
IDHQ,FULL,0,Nasdaq\ETF
IDLV,FULL,0,Nasdaq\ETF
IDMO,FULL,0,Nasdaq\ETF
IDNA,FULL,0,Nasdaq\ETF
IDOG,FULL,0,Nasdaq\ETF
IDRV,FULL,0,Nasdaq\ETF
IDU,FULL,0,Nasdaq\ETF
IDUB,FULL,0,Nasdaq\ETF
IDV,FULL,0,Nasdaq\ETF
IDVO,FULL,0,Nasdaq\ETF
IDX,FULL,0,Nasdaq\ETF
IEDI,FULL,0,Nasdaq\ETF
IEF,FULL,0,Nasdaq\ETF
IEFA,FULL,0,Nasdaq\ETF
IEI,FULL,0,Nasdaq\ETF
IEMG,FULL,0,Nasdaq\ETF
IEO,FULL,0,Nasdaq\ETF
IETC,FULL,0,Nasdaq\ETF
IEUR,FULL,0,Nasdaq\ETF
IEUS,FULL,0,Nasdaq\ETF
IEV,FULL,0,Nasdaq\ETF
IEZ,FULL,0,Nasdaq\ETF
IFEB,FULL,0,Nasdaq\ETF
IFED,FULL,0,Nasdaq\ETF
IFGL,FULL,0,Nasdaq\ETF
IFRA,FULL,0,Nasdaq\ETF
IFV,FULL,0,Nasdaq\ETF
IG,FULL,0,Nasdaq\ETF
IGBH,FULL,0,Nasdaq\ETF
IGE,FULL,0,Nasdaq\ETF
IGEB,FULL,0,Nasdaq\ETF
IGF,FULL,0,Nasdaq\ETF
IGHG,FULL,0,Nasdaq\ETF
IGIB,FULL,0,Nasdaq\ETF
IGLB,FULL,0,Nasdaq\ETF
IGLD,FULL,0,Nasdaq\ETF
IGM,FULL,0,Nasdaq\ETF
IGOV,FULL,0,Nasdaq\ETF
IGPT,FULL,0,Nasdaq\ETF
IGRO,FULL,0,Nasdaq\ETF
IGSB,FULL,0,Nasdaq\ETF
IGTR,FULL,0,Nasdaq\ETF
IGV,FULL,0,Nasdaq\ETF
IHAK,FULL,0,Nasdaq\ETF
IHDG,FULL,0,Nasdaq\ETF
IHE,FULL,0,Nasdaq\ETF
IHF,FULL,0,Nasdaq\ETF
IHI,FULL,0,Nasdaq\ETF
IHY,FULL,0,Nasdaq\ETF
IHYF,FULL,0,Nasdaq\ETF
IIGD,FULL,0,Nasdaq\ETF
IJAN,FULL,0,Nasdaq\ETF
IJH,FULL,0,Nasdaq\ETF
IJJ,FULL,0,Nasdaq\ETF
IJK,FULL,0,Nasdaq\ETF
IJR,FULL,0,Nasdaq\ETF
IJS,FULL,0,Nasdaq\ETF
IJT,FULL,0,Nasdaq\ETF
IJUL,FULL,0,Nasdaq\ETF
IJUN,FULL,0,Nasdaq\ETF
ILCB,FULL,0,Nasdaq\ETF
ILCG,FULL,0,Nasdaq\ETF
ILCV,FULL,0,Nasdaq\ETF
ILDR,FULL,0,Nasdaq\ETF
ILF,FULL,0,Nasdaq\ETF
ILIT,FULL,0,Nasdaq\ETF
ILOW,FULL,0,Nasdaq\ETF
ILTB,FULL,0,Nasdaq\ETF
IMAR,FULL,0,Nasdaq\ETF
IMAY,FULL,0,Nasdaq\ETF
IMCB,FULL,0,Nasdaq\ETF
IMCG,FULL,0,Nasdaq\ETF
IMCV,FULL,0,Nasdaq\ETF
IMFL,FULL,0,Nasdaq\ETF
IMOM,FULL,0,Nasdaq\ETF
IMSI,FULL,0,Nasdaq\ETF
IMTB,FULL,0,Nasdaq\ETF
IMTM,FULL,0,Nasdaq\ETF
INAV,FULL,0,Nasdaq\ETF
INC,FULL,0,Nasdaq\ETF
INCE,FULL,0,Nasdaq\ETF
INCM,FULL,0,Nasdaq\ETF
INCO,FULL,0,Nasdaq\ETF
INDA,FULL,0,Nasdaq\ETF
INDE,FULL,0,Nasdaq\ETF
INDF,FULL,0,Nasdaq\ETF
INDH,FULL,0,Nasdaq\ETF
INDL,FULL,0,Nasdaq\ETF
INDS,FULL,0,Nasdaq\ETF
INDY,FULL,0,Nasdaq\ETF
INEQ,FULL,0,Nasdaq\ETF
INFL,FULL,0,Nasdaq\ETF
INFR,FULL,0,Nasdaq\ETF
INKM,FULL,0,Nasdaq\ETF
INMU,FULL,0,Nasdaq\ETF
INNO,FULL,0,Nasdaq\ETF
INOV,FULL,0,Nasdaq\ETF
INQQ,FULL,0,Nasdaq\ETF
INRO,FULL,0,Nasdaq\ETF
INTF,FULL,0,Nasdaq\ETF
INTL,FULL,0,Nasdaq\ETF
IOCT,FULL,0,Nasdaq\ETF
ION,FULL,0,Nasdaq\ETF
IOO,FULL,0,Nasdaq\ETF
IOPP,FULL,0,Nasdaq\ETF
IPAC,FULL,0,Nasdaq\ETF
IPAY,FULL,0,Nasdaq\ETF
IPB,FULL,0,Nasdaq\ETF
IPDP,FULL,0,Nasdaq\ETF
IPKW,FULL,0,Nasdaq\ETF
IPO,FULL,0,Nasdaq\ETF
IPOS,FULL,0,Nasdaq\ETF
IPPP,FULL,0,Nasdaq\ETF
IQDE,FULL,0,Nasdaq\ETF
IQDF,FULL,0,Nasdaq\ETF
IQDG,FULL,0,Nasdaq\ETF
IQDY,FULL,0,Nasdaq\ETF
IQHI,FULL,0,Nasdaq\ETF
IQIN,FULL,0,Nasdaq\ETF
IQLT,FULL,0,Nasdaq\ETF
IQM,FULL,0,Nasdaq\ETF
IQQQ,FULL,0,Nasdaq\ETF
IQRA,FULL,0,Nasdaq\ETF
IQSI,FULL,0,Nasdaq\ETF
IQSM,FULL,0,Nasdaq\ETF
IQSU,FULL,0,Nasdaq\ETF
IRET,FULL,0,Nasdaq\ETF
IRTR,FULL,0,Nasdaq\ETF
IRVH,FULL,0,Nasdaq\ETF
ISCB,FULL,0,Nasdaq\ETF
ISCF,FULL,0,Nasdaq\ETF
ISCG,FULL,0,Nasdaq\ETF
ISCV,FULL,0,Nasdaq\ETF
ISDB,FULL,0,Nasdaq\ETF
ISEP,FULL,0,Nasdaq\ETF
ISHG,FULL,0,Nasdaq\ETF
ISHP,FULL,0,Nasdaq\ETF
ISMD,FULL,0,Nasdaq\ETF
ISPY,FULL,0,Nasdaq\ETF
ISRA,FULL,0,Nasdaq\ETF
ISTB,FULL,0,Nasdaq\ETF
ISVL,FULL,0,Nasdaq\ETF
ISWN,FULL,0,Nasdaq\ETF
ITA,FULL,0,Nasdaq\ETF
ITAN,FULL,0,Nasdaq\ETF
ITB,FULL,0,Nasdaq\ETF
ITDA,FULL,0,Nasdaq\ETF
ITDB,FULL,0,Nasdaq\ETF
ITDC,FULL,0,Nasdaq\ETF
ITDD,FULL,0,Nasdaq\ETF
ITDE,FULL,0,Nasdaq\ETF
ITDF,FULL,0,Nasdaq\ETF
ITDG,FULL,0,Nasdaq\ETF
ITDH,FULL,0,Nasdaq\ETF
ITDI,FULL,0,Nasdaq\ETF
ITEQ,FULL,0,Nasdaq\ETF
ITM,FULL,0,Nasdaq\ETF
ITOT,FULL,0,Nasdaq\ETF
IUS,FULL,0,Nasdaq\ETF
IUSB,FULL,0,Nasdaq\ETF
IUSG,FULL,0,Nasdaq\ETF
IUSV,FULL,0,Nasdaq\ETF
IVAL,FULL,0,Nasdaq\ETF
IVEG,FULL,0,Nasdaq\ETF
IVES,FULL,0,Nasdaq\ETF
IVLU,FULL,0,Nasdaq\ETF
IVOG,FULL,0,Nasdaq\ETF
IVOL,FULL,0,Nasdaq\ETF
IVOO,FULL,0,Nasdaq\ETF
IVOV,FULL,0,Nasdaq\ETF
IVRA,FULL,0,Nasdaq\ETF
IVRS,FULL,0,Nasdaq\ETF
IVV,FULL,0,Nasdaq\ETF
IVVB,FULL,0,Nasdaq\ETF
IVVM,FULL,0,Nasdaq\ETF
IVVW,FULL,0,Nasdaq\ETF
IVW,FULL,0,Nasdaq\ETF
IWB,FULL,0,Nasdaq\ETF
IWC,FULL,0,Nasdaq\ETF
IWD,FULL,0,Nasdaq\ETF
IWDL,FULL,0,Nasdaq\ETF
IWF,FULL,0,Nasdaq\ETF
IWFG,FULL,0,Nasdaq\ETF
IWFL,FULL,0,Nasdaq\ETF
IWIN,FULL,0,Nasdaq\ETF
IWL,FULL,0,Nasdaq\ETF
IWLG,FULL,0,Nasdaq\ETF
IWM,FULL,0,Nasdaq\ETF
IWMI,FULL,0,Nasdaq\ETF
IWML,FULL,0,Nasdaq\ETF
IWMW,FULL,0,Nasdaq\ETF
IWMY,FULL,0,Nasdaq\ETF
IWN,FULL,0,Nasdaq\ETF
IWO,FULL,0,Nasdaq\ETF
IWP,FULL,0,Nasdaq\ETF
IWR,FULL,0,Nasdaq\ETF
IWS,FULL,0,Nasdaq\ETF
IWTR,FULL,0,Nasdaq\ETF
IWV,FULL,0,Nasdaq\ETF
IWX,FULL,0,Nasdaq\ETF
IWY,FULL,0,Nasdaq\ETF
IXC,FULL,0,Nasdaq\ETF
IXG,FULL,0,Nasdaq\ETF
IXJ,FULL,0,Nasdaq\ETF
IXN,FULL,0,Nasdaq\ETF
IXP,FULL,0,Nasdaq\ETF
IXUS,FULL,0,Nasdaq\ETF
IYC,FULL,0,Nasdaq\ETF
IYE,FULL,0,Nasdaq\ETF
IYF,FULL,0,Nasdaq\ETF
IYG,FULL,0,Nasdaq\ETF
IYH,FULL,0,Nasdaq\ETF
IYJ,FULL,0,Nasdaq\ETF
IYK,FULL,0,Nasdaq\ETF
IYLD,FULL,0,Nasdaq\ETF
IYM,FULL,0,Nasdaq\ETF
IYR,FULL,0,Nasdaq\ETF
IYT,FULL,0,Nasdaq\ETF
IYW,FULL,0,Nasdaq\ETF
IYY,FULL,0,Nasdaq\ETF
IYZ,FULL,0,Nasdaq\ETF
IZRL,FULL,0,Nasdaq\ETF
JAAA,FULL,0,Nasdaq\ETF
JADE,FULL,0,Nasdaq\ETF
JAJL,FULL,0,Nasdaq\ETF
JAND,FULL,0,Nasdaq\ETF
JANH,FULL,0,Nasdaq\ETF
JANJ,FULL,0,Nasdaq\ETF
JANP,FULL,0,Nasdaq\ETF
JANQ,FULL,0,Nasdaq\ETF
JANT,FULL,0,Nasdaq\ETF
JANW,FULL,0,Nasdaq\ETF
JANZ,FULL,0,Nasdaq\ETF
JAVA,FULL,0,Nasdaq\ETF
JBBB,FULL,0,Nasdaq\ETF
JBND,FULL,0,Nasdaq\ETF
JCHI,FULL,0,Nasdaq\ETF
JCPB,FULL,0,Nasdaq\ETF
JCPI,FULL,0,Nasdaq\ETF
JCTR,FULL,0,Nasdaq\ETF
JDOC,FULL,0,Nasdaq\ETF
JDST,FULL,0,Nasdaq\ETF
JDVI,FULL,0,Nasdaq\ETF
JEMA,FULL,0,Nasdaq\ETF
JEMB,FULL,0,Nasdaq\ETF
JEPI,FULL,0,Nasdaq\ETF
JEPQ,FULL,0,Nasdaq\ETF
JEPY,FULL,0,Nasdaq\ETF
JETD,FULL,0,Nasdaq\ETF
JETS,FULL,0,Nasdaq\ETF
JETU,FULL,0,Nasdaq\ETF
JFWD,FULL,0,Nasdaq\ETF
JGLO,FULL,0,Nasdaq\ETF
JGRO,FULL,0,Nasdaq\ETF
JGRW,FULL,0,Nasdaq\ETF
JHAC,FULL,0,Nasdaq\ETF
JHCB,FULL,0,Nasdaq\ETF
JHDV,FULL,0,Nasdaq\ETF
JHEM,FULL,0,Nasdaq\ETF
JHHY,FULL,0,Nasdaq\ETF
JHID,FULL,0,Nasdaq\ETF
JHMB,FULL,0,Nasdaq\ETF
JHMD,FULL,0,Nasdaq\ETF
JHML,FULL,0,Nasdaq\ETF
JHMM,FULL,0,Nasdaq\ETF
JHMU,FULL,0,Nasdaq\ETF
JHPI,FULL,0,Nasdaq\ETF
JHSC,FULL,0,Nasdaq\ETF
JIG,FULL,0,Nasdaq\ETF
JIRE,FULL,0,Nasdaq\ETF
JIVE,FULL,0,Nasdaq\ETF
JLQD,FULL,0,Nasdaq\ETF
JMBS,FULL,0,Nasdaq\ETF
JMEE,FULL,0,Nasdaq\ETF
JMHI,FULL,0,Nasdaq\ETF
JMOM,FULL,0,Nasdaq\ETF
JMSI,FULL,0,Nasdaq\ETF
JMST,FULL,0,Nasdaq\ETF
JMUB,FULL,0,Nasdaq\ETF
JNEU,FULL,0,Nasdaq\ETF
JNK,FULL,0,Nasdaq\ETF
JNUG,FULL,0,Nasdaq\ETF
JOET,FULL,0,Nasdaq\ETF
JOJO,FULL,0,Nasdaq\ETF
JPAN,FULL,0,Nasdaq\ETF
JPEF,FULL,0,Nasdaq\ETF
JPEM,FULL,0,Nasdaq\ETF
JPIB,FULL,0,Nasdaq\ETF
JPIE,FULL,0,Nasdaq\ETF
JPIN,FULL,0,Nasdaq\ETF
JPLD,FULL,0,Nasdaq\ETF
JPMB,FULL,0,Nasdaq\ETF
JPME,FULL,0,Nasdaq\ETF
JPMO,FULL,0,Nasdaq\ETF
JPRE,FULL,0,Nasdaq\ETF
JPSE,FULL,0,Nasdaq\ETF
JPST,FULL,0,Nasdaq\ETF
JPSV,FULL,0,Nasdaq\ETF
JPUS,FULL,0,Nasdaq\ETF
JPXN,FULL,0,Nasdaq\ETF
JQUA,FULL,0,Nasdaq\ETF
JRE,FULL,0,Nasdaq\ETF
JRNY,FULL,0,Nasdaq\ETF
JSCP,FULL,0,Nasdaq\ETF
JSI,FULL,0,Nasdaq\ETF
JSMD,FULL,0,Nasdaq\ETF
JSML,FULL,0,Nasdaq\ETF
JSTC,FULL,0,Nasdaq\ETF
JTEK,FULL,0,Nasdaq\ETF
JUCY,FULL,0,Nasdaq\ETF
JULD,FULL,0,Nasdaq\ETF
JULH,FULL,0,Nasdaq\ETF
JULJ,FULL,0,Nasdaq\ETF
JULM,FULL,0,Nasdaq\ETF
JULP,FULL,0,Nasdaq\ETF
JULQ,FULL,0,Nasdaq\ETF
JULT,FULL,0,Nasdaq\ETF
JULU,FULL,0,Nasdaq\ETF
JULW,FULL,0,Nasdaq\ETF
JULZ,FULL,0,Nasdaq\ETF
JUNM,FULL,0,Nasdaq\ETF
JUNP,FULL,0,Nasdaq\ETF
JUNT,FULL,0,Nasdaq\ETF
JUNW,FULL,0,Nasdaq\ETF
JUNZ,FULL,0,Nasdaq\ETF
JUST,FULL,0,Nasdaq\ETF
JVAL,FULL,0,Nasdaq\ETF
JXI,FULL,0,Nasdaq\ETF
KALL,FULL,0,Nasdaq\ETF
KAPR,FULL,0,Nasdaq\ETF
KARS,FULL,0,Nasdaq\ETF
KAUG,FULL,0,Nasdaq\ETF
KBA,FULL,0,Nasdaq\ETF
KBE,FULL,0,Nasdaq\ETF
KBUF,FULL,0,Nasdaq\ETF
KBWB,FULL,0,Nasdaq\ETF
KBWD,FULL,0,Nasdaq\ETF
KBWP,FULL,0,Nasdaq\ETF
KBWR,FULL,0,Nasdaq\ETF
KBWY,FULL,0,Nasdaq\ETF
KCCA,FULL,0,Nasdaq\ETF
KCE,FULL,0,Nasdaq\ETF
KCSH,FULL,0,Nasdaq\ETF
KDIV,FULL,0,Nasdaq\ETF
KDRN,FULL,0,Nasdaq\ETF
KEAT,FULL,0,Nasdaq\ETF
KEM,FULL,0,Nasdaq\ETF
KEMQ,FULL,0,Nasdaq\ETF
KEMX,FULL,0,Nasdaq\ETF
KEUA,FULL,0,Nasdaq\ETF
KFVG,FULL,0,Nasdaq\ETF
KGRN,FULL,0,Nasdaq\ETF
KHYB,FULL,0,Nasdaq\ETF
KIE,FULL,0,Nasdaq\ETF
KJAN,FULL,0,Nasdaq\ETF
KJUL,FULL,0,Nasdaq\ETF
KJUN,FULL,0,Nasdaq\ETF
KLIP,FULL,0,Nasdaq\ETF
KLMT,FULL,0,Nasdaq\ETF
KLXY,FULL,0,Nasdaq\ETF
KMET,FULL,0,Nasdaq\ETF
KMLM,FULL,0,Nasdaq\ETF
KNCT,FULL,0,Nasdaq\ETF
KNG,FULL,0,Nasdaq\ETF
KNGS,FULL,0,Nasdaq\ETF
KNGZ,FULL,0,Nasdaq\ETF
KNO,FULL,0,Nasdaq\ETF
KNOW,FULL,0,Nasdaq\ETF
KOCG,FULL,0,Nasdaq\ETF
KOCT,FULL,0,Nasdaq\ETF
KOKU,FULL,0,Nasdaq\ETF
KOLD,FULL,0,Nasdaq\ETF
KOMP,FULL,0,Nasdaq\ETF
KONG,FULL,0,Nasdaq\ETF
KOOL,FULL,0,Nasdaq\ETF
KORP,FULL,0,Nasdaq\ETF
KORU,FULL,0,Nasdaq\ETF
KPOP,FULL,0,Nasdaq\ETF
KPRO,FULL,0,Nasdaq\ETF
KQQQ,FULL,0,Nasdaq\ETF
KRBN,FULL,0,Nasdaq\ETF
KRE,FULL,0,Nasdaq\ETF
KRMA,FULL,0,Nasdaq\ETF
KROP,FULL,0,Nasdaq\ETF
KRUZ,FULL,0,Nasdaq\ETF
KSA,FULL,0,Nasdaq\ETF
KSEA,FULL,0,Nasdaq\ETF
KSPY,FULL,0,Nasdaq\ETF
KSTR,FULL,0,Nasdaq\ETF
KTEC,FULL,0,Nasdaq\ETF
KURE,FULL,0,Nasdaq\ETF
KVLE,FULL,0,Nasdaq\ETF
KWEB,FULL,0,Nasdaq\ETF
KWT,FULL,0,Nasdaq\ETF
KXI,FULL,0,Nasdaq\ETF
LABD,FULL,0,Nasdaq\ETF
LABU,FULL,0,Nasdaq\ETF
LALT,FULL,0,Nasdaq\ETF
LAPR,FULL,0,Nasdaq\ETF
LBAY,FULL,0,Nasdaq\ETF
LBO,FULL,0,Nasdaq\ETF
LCDS,FULL,0,Nasdaq\ETF
LCF,FULL,0,Nasdaq\ETF
LCG,FULL,0,Nasdaq\ETF
LCLG,FULL,0,Nasdaq\ETF
LCR,FULL,0,Nasdaq\ETF
LCTD,FULL,0,Nasdaq\ETF
LCTU,FULL,0,Nasdaq\ETF
LDEM,FULL,0,Nasdaq\ETF
LDSF,FULL,0,Nasdaq\ETF
LDUR,FULL,0,Nasdaq\ETF
LEAD,FULL,0,Nasdaq\ETF
LEGR,FULL,0,Nasdaq\ETF
LEMB,FULL,0,Nasdaq\ETF
LEXI,FULL,0,Nasdaq\ETF
LFEQ,FULL,0,Nasdaq\ETF
LGH,FULL,0,Nasdaq\ETF
LGHT,FULL,0,Nasdaq\ETF
LGLV,FULL,0,Nasdaq\ETF
LGOV,FULL,0,Nasdaq\ETF
LGRO,FULL,0,Nasdaq\ETF
LIT,FULL,0,Nasdaq\ETF
LITP,FULL,0,Nasdaq\ETF
LJAN,FULL,0,Nasdaq\ETF
LJUL,FULL,0,Nasdaq\ETF
LKOR,FULL,0,Nasdaq\ETF
LLYX,FULL,0,Nasdaq\ETF
LMBO,FULL,0,Nasdaq\ETF
LMBS,FULL,0,Nasdaq\ETF
LNGG,FULL,0,Nasdaq\ETF
LNGZ,FULL,0,Nasdaq\ETF
LOCT,FULL,0,Nasdaq\ETF
LONZ,FULL,0,Nasdaq\ETF
LOPP,FULL,0,Nasdaq\ETF
LOUP,FULL,0,Nasdaq\ETF
LOWV,FULL,0,Nasdaq\ETF
LQAI,FULL,0,Nasdaq\ETF
LQD,FULL,0,Nasdaq\ETF
LQDB,FULL,0,Nasdaq\ETF
LQDH,FULL,0,Nasdaq\ETF
LQDI,FULL,0,Nasdaq\ETF
LQDW,FULL,0,Nasdaq\ETF
LQIG,FULL,0,Nasdaq\ETF
LRGC,FULL,0,Nasdaq\ETF
LRGE,FULL,0,Nasdaq\ETF
LRGF,FULL,0,Nasdaq\ETF
LRGG,FULL,0,Nasdaq\ETF
LRND,FULL,0,Nasdaq\ETF
LRNZ,FULL,0,Nasdaq\ETF
LSAF,FULL,0,Nasdaq\ETF
LSAT,FULL,0,Nasdaq\ETF
LSEQ,FULL,0,Nasdaq\ETF
LSGR,FULL,0,Nasdaq\ETF
LSST,FULL,0,Nasdaq\ETF
LTL,FULL,0,Nasdaq\ETF
LTPZ,FULL,0,Nasdaq\ETF
LUX,FULL,0,Nasdaq\ETF
LUXX,FULL,0,Nasdaq\ETF
LVHD,FULL,0,Nasdaq\ETF
LVHI,FULL,0,Nasdaq\ETF
LVOL,FULL,0,Nasdaq\ETF
LYLD,FULL,0,Nasdaq\ETF
MADE,FULL,0,Nasdaq\ETF
MAGA,FULL,0,Nasdaq\ETF
MAGG,FULL,0,Nasdaq\ETF
MAGQ,FULL,0,Nasdaq\ETF
MAGS,FULL,0,Nasdaq\ETF
MAGX,FULL,0,Nasdaq\ETF
MAKX,FULL,0,Nasdaq\ETF
MAMB,FULL,0,Nasdaq\ETF
MAPP,FULL,0,Nasdaq\ETF
MARB,FULL,0,Nasdaq\ETF
MARM,FULL,0,Nasdaq\ETF
MART,FULL,0,Nasdaq\ETF
MARW,FULL,0,Nasdaq\ETF
MARZ,FULL,0,Nasdaq\ETF
MAXI,FULL,0,Nasdaq\ETF
MAXJ,FULL,0,Nasdaq\ETF
MAYP,FULL,0,Nasdaq\ETF
MAYT,FULL,0,Nasdaq\ETF
MAYU,FULL,0,Nasdaq\ETF
MAYW,FULL,0,Nasdaq\ETF
MAYZ,FULL,0,Nasdaq\ETF
MBB,FULL,0,Nasdaq\ETF
MBBB,FULL,0,Nasdaq\ETF
MBCC,FULL,0,Nasdaq\ETF
MBND,FULL,0,Nasdaq\ETF
MBNE,FULL,0,Nasdaq\ETF
MBOX,FULL,0,Nasdaq\ETF
MBS,FULL,0,Nasdaq\ETF
MBSD,FULL,0,Nasdaq\ETF
MBSF,FULL,0,Nasdaq\ETF
MCDS,FULL,0,Nasdaq\ETF
MCH,FULL,0,Nasdaq\ETF
MCHI,FULL,0,Nasdaq\ETF
MCHS,FULL,0,Nasdaq\ETF
MCSE,FULL,0,Nasdaq\ETF
MDCP,FULL,0,Nasdaq\ETF
MDEV,FULL,0,Nasdaq\ETF
MDIV,FULL,0,Nasdaq\ETF
MDLV,FULL,0,Nasdaq\ETF
MDPL,FULL,0,Nasdaq\ETF
MDST,FULL,0,Nasdaq\ETF
MDYG,FULL,0,Nasdaq\ETF
MDYV,FULL,0,Nasdaq\ETF
MEAR,FULL,0,Nasdaq\ETF
MEDI,FULL,0,Nasdaq\ETF
MEDX,FULL,0,Nasdaq\ETF
MEM,FULL,0,Nasdaq\ETF
MEMS,FULL,0,Nasdaq\ETF
MEMX,FULL,0,Nasdaq\ETF
METD,FULL,0,Nasdaq\ETF
METU,FULL,0,Nasdaq\ETF
METV,FULL,0,Nasdaq\ETF
MEXX,FULL,0,Nasdaq\ETF
MFDX,FULL,0,Nasdaq\ETF
MFEM,FULL,0,Nasdaq\ETF
MFLX,FULL,0,Nasdaq\ETF
MFUL,FULL,0,Nasdaq\ETF
MFUS,FULL,0,Nasdaq\ETF
MFUT,FULL,0,Nasdaq\ETF
MGC,FULL,0,Nasdaq\ETF
MGK,FULL,0,Nasdaq\ETF
MGMT,FULL,0,Nasdaq\ETF
MGNR,FULL,0,Nasdaq\ETF
MGOV,FULL,0,Nasdaq\ETF
MGRO,FULL,0,Nasdaq\ETF
MGV,FULL,0,Nasdaq\ETF
MID,FULL,0,Nasdaq\ETF
MIDE,FULL,0,Nasdaq\ETF
MIDU,FULL,0,Nasdaq\ETF
MIG,FULL,0,Nasdaq\ETF
MILN,FULL,0,Nasdaq\ETF
MINN,FULL,0,Nasdaq\ETF
MINO,FULL,0,Nasdaq\ETF
MINT,FULL,0,Nasdaq\ETF
MINV,FULL,0,Nasdaq\ETF
MISL,FULL,0,Nasdaq\ETF
MJ,FULL,0,Nasdaq\ETF
MJUS,FULL,0,Nasdaq\ETF
MKAM,FULL,0,Nasdaq\ETF
MKOR,FULL,0,Nasdaq\ETF
MLN,FULL,0,Nasdaq\ETF
MLPA,FULL,0,Nasdaq\ETF
MLPD,FULL,0,Nasdaq\ETF
MLPR,FULL,0,Nasdaq\ETF
MLPX,FULL,0,Nasdaq\ETF
MMCA,FULL,0,Nasdaq\ETF
MMIN,FULL,0,Nasdaq\ETF
MMIT,FULL,0,Nasdaq\ETF
MMLG,FULL,0,Nasdaq\ETF
MMSC,FULL,0,Nasdaq\ETF
MMTM,FULL,0,Nasdaq\ETF
MNA,FULL,0,Nasdaq\ETF
MNBD,FULL,0,Nasdaq\ETF
MNTL,FULL,0,Nasdaq\ETF
MOAT,FULL,0,Nasdaq\ETF
MODL,FULL,0,Nasdaq\ETF
MOHR,FULL,0,Nasdaq\ETF
MOO,FULL,0,Nasdaq\ETF
MOOD,FULL,0,Nasdaq\ETF
MORT,FULL,0,Nasdaq\ETF
MOTE,FULL,0,Nasdaq\ETF
MOTG,FULL,0,Nasdaq\ETF
MOTI,FULL,0,Nasdaq\ETF
MOTO,FULL,0,Nasdaq\ETF
MPAY,FULL,0,Nasdaq\ETF
MPRO,FULL,0,Nasdaq\ETF
MRAD,FULL,0,Nasdaq\ETF
MRCP,FULL,0,Nasdaq\ETF
MRGR,FULL,0,Nasdaq\ETF
MRNY,FULL,0,Nasdaq\ETF
MRSK,FULL,0,Nasdaq\ETF
MSFD,FULL,0,Nasdaq\ETF
MSFL,FULL,0,Nasdaq\ETF
MSFO,FULL,0,Nasdaq\ETF
MSFU,FULL,0,Nasdaq\ETF
MSFX,FULL,0,Nasdaq\ETF
MSFY,FULL,0,Nasdaq\ETF
MSMR,FULL,0,Nasdaq\ETF
MSOS,FULL,0,Nasdaq\ETF
MSOX,FULL,0,Nasdaq\ETF
MSSS,FULL,0,Nasdaq\ETF
MSTB,FULL,0,Nasdaq\ETF
MSTI,FULL,0,Nasdaq\ETF
MSTQ,FULL,0,Nasdaq\ETF
MSTX,FULL,0,Nasdaq\ETF
MSTY,FULL,0,Nasdaq\ETF
MSVX,FULL,0,Nasdaq\ETF
MTBA,FULL,0,Nasdaq\ETF
MTGP,FULL,0,Nasdaq\ETF
MTUL,FULL,0,Nasdaq\ETF
MTUM,FULL,0,Nasdaq\ETF
MUB,FULL,0,Nasdaq\ETF
MUNI,FULL,0,Nasdaq\ETF
MUSI,FULL,0,Nasdaq\ETF
MUSQ,FULL,0,Nasdaq\ETF
MUST,FULL,0,Nasdaq\ETF
MVAL,FULL,0,Nasdaq\ETF
MVFD,FULL,0,Nasdaq\ETF
MVFG,FULL,0,Nasdaq\ETF
MVPA,FULL,0,Nasdaq\ETF
MVPL,FULL,0,Nasdaq\ETF
MVPS,FULL,0,Nasdaq\ETF
MVRL,FULL,0,Nasdaq\ETF
MVV,FULL,0,Nasdaq\ETF
MXI,FULL,0,Nasdaq\ETF
MYLD,FULL,0,Nasdaq\ETF
MYY,FULL,0,Nasdaq\ETF
MZZ,FULL,0,Nasdaq\ETF
NACP,FULL,0,Nasdaq\ETF
NAIL,FULL,0,Nasdaq\ETF
NANC,FULL,0,Nasdaq\ETF
NANR,FULL,0,Nasdaq\ETF
NAPR,FULL,0,Nasdaq\ETF
NAUG,FULL,0,Nasdaq\ETF
NBCC,FULL,0,Nasdaq\ETF
NBCE,FULL,0,Nasdaq\ETF
NBCM,FULL,0,Nasdaq\ETF
NBCR,FULL,0,Nasdaq\ETF
NBCT,FULL,0,Nasdaq\ETF
NBDS,FULL,0,Nasdaq\ETF
NBFC,FULL,0,Nasdaq\ETF
NBGR,FULL,0,Nasdaq\ETF
NBOS,FULL,0,Nasdaq\ETF
NBSD,FULL,0,Nasdaq\ETF
NBSM,FULL,0,Nasdaq\ETF
NCPB,FULL,0,Nasdaq\ETF
NDIA,FULL,0,Nasdaq\ETF
NDIV,FULL,0,Nasdaq\ETF
NDOW,FULL,0,Nasdaq\ETF
NDVG,FULL,0,Nasdaq\ETF
NEAR,FULL,0,Nasdaq\ETF
NERD,FULL,0,Nasdaq\ETF
NETL,FULL,0,Nasdaq\ETF
NETZ,FULL,0,Nasdaq\ETF
NEWZ,FULL,0,Nasdaq\ETF
NFLP,FULL,0,Nasdaq\ETF
NFLT,FULL,0,Nasdaq\ETF
NFLY,FULL,0,Nasdaq\ETF
NFRA,FULL,0,Nasdaq\ETF
NFTY,FULL,0,Nasdaq\ETF
NIKL,FULL,0,Nasdaq\ETF
NITE,FULL,0,Nasdaq\ETF
NJAN,FULL,0,Nasdaq\ETF
NJUL,FULL,0,Nasdaq\ETF
NJUN,FULL,0,Nasdaq\ETF
NLR,FULL,0,Nasdaq\ETF
NOBL,FULL,0,Nasdaq\ETF
NOCT,FULL,0,Nasdaq\ETF
NORW,FULL,0,Nasdaq\ETF
NOVP,FULL,0,Nasdaq\ETF
NOVZ,FULL,0,Nasdaq\ETF
NPFI,FULL,0,Nasdaq\ETF
NRES,FULL,0,Nasdaq\ETF
NRSH,FULL,0,Nasdaq\ETF
NSCR,FULL,0,Nasdaq\ETF
NSCS,FULL,0,Nasdaq\ETF
NSI,FULL,0,Nasdaq\ETF
NTSE,FULL,0,Nasdaq\ETF
NTSI,FULL,0,Nasdaq\ETF
NTSX,FULL,0,Nasdaq\ETF
NTZG,FULL,0,Nasdaq\ETF
NUAG,FULL,0,Nasdaq\ETF
NUBD,FULL,0,Nasdaq\ETF
NUDM,FULL,0,Nasdaq\ETF
NUDV,FULL,0,Nasdaq\ETF
NUEM,FULL,0,Nasdaq\ETF
NUGO,FULL,0,Nasdaq\ETF
NUGT,FULL,0,Nasdaq\ETF
NUHY,FULL,0,Nasdaq\ETF
NUKZ,FULL,0,Nasdaq\ETF
NULC,FULL,0,Nasdaq\ETF
NULG,FULL,0,Nasdaq\ETF
NULV,FULL,0,Nasdaq\ETF
NUMG,FULL,0,Nasdaq\ETF
NUMV,FULL,0,Nasdaq\ETF
NURE,FULL,0,Nasdaq\ETF
NUSA,FULL,0,Nasdaq\ETF
NUSB,FULL,0,Nasdaq\ETF
NUSC,FULL,0,Nasdaq\ETF
NUSI,FULL,0,Nasdaq\ETF
NVBT,FULL,0,Nasdaq\ETF
NVBW,FULL,0,Nasdaq\ETF
NVD,FULL,0,Nasdaq\ETF
NVDD,FULL,0,Nasdaq\ETF
NVDL,FULL,0,Nasdaq\ETF
NVDQ,FULL,0,Nasdaq\ETF
NVDS,FULL,0,Nasdaq\ETF
NVDU,FULL,0,Nasdaq\ETF
NVDX,FULL,0,Nasdaq\ETF
NVDY,FULL,0,Nasdaq\ETF
NVIR,FULL,0,Nasdaq\ETF
NWLG,FULL,0,Nasdaq\ETF
NXTE,FULL,0,Nasdaq\ETF
NXTG,FULL,0,Nasdaq\ETF
NXTI,FULL,0,Nasdaq\ETF
NXTV,FULL,0,Nasdaq\ETF
NYF,FULL,0,Nasdaq\ETF
NZAC,FULL,0,Nasdaq\ETF
NZUS,FULL,0,Nasdaq\ETF
OACP,FULL,0,Nasdaq\ETF
OAEM,FULL,0,Nasdaq\ETF
OAIA,FULL,0,Nasdaq\ETF
OAIM,FULL,0,Nasdaq\ETF
OALC,FULL,0,Nasdaq\ETF
OARK,FULL,0,Nasdaq\ETF
OASC,FULL,0,Nasdaq\ETF
OBIL,FULL,0,Nasdaq\ETF
OBND,FULL,0,Nasdaq\ETF
OBOR,FULL,0,Nasdaq\ETF
OCEN,FULL,0,Nasdaq\ETF
OCFS,FULL,0,Nasdaq\ETF
OCIO,FULL,0,Nasdaq\ETF
OCTA,FULL,0,Nasdaq\ETF
OCTD,FULL,0,Nasdaq\ETF
OCTH,FULL,0,Nasdaq\ETF
OCTJ,FULL,0,Nasdaq\ETF
OCTP,FULL,0,Nasdaq\ETF
OCTQ,FULL,0,Nasdaq\ETF
OCTT,FULL,0,Nasdaq\ETF
OCTW,FULL,0,Nasdaq\ETF
OCTZ,FULL,0,Nasdaq\ETF
ODDS,FULL,0,Nasdaq\ETF
OEF,FULL,0,Nasdaq\ETF
OEUR,FULL,0,Nasdaq\ETF
OFOS,FULL,0,Nasdaq\ETF
OGIG,FULL,0,Nasdaq\ETF
OGSP,FULL,0,Nasdaq\ETF
OIH,FULL,0,Nasdaq\ETF
OILD,FULL,0,Nasdaq\ETF
OILK,FULL,0,Nasdaq\ETF
OILT,FULL,0,Nasdaq\ETF
OILU,FULL,0,Nasdaq\ETF
OMFL,FULL,0,Nasdaq\ETF
OMFS,FULL,0,Nasdaq\ETF
OND,FULL,0,Nasdaq\ETF
ONEO,FULL,0,Nasdaq\ETF
ONEQ,FULL,0,Nasdaq\ETF
ONEV,FULL,0,Nasdaq\ETF
ONEY,FULL,0,Nasdaq\ETF
ONLN,FULL,0,Nasdaq\ETF
ONOF,FULL,0,Nasdaq\ETF
OOSP,FULL,0,Nasdaq\ETF
OOTO,FULL,0,Nasdaq\ETF
OPER,FULL,0,Nasdaq\ETF
OPTZ,FULL,0,Nasdaq\ETF
OSCV,FULL,0,Nasdaq\ETF
OSEA,FULL,0,Nasdaq\ETF
OUNZ,FULL,0,Nasdaq\ETF
OUSA,FULL,0,Nasdaq\ETF
OUSM,FULL,0,Nasdaq\ETF
OVB,FULL,0,Nasdaq\ETF
OVF,FULL,0,Nasdaq\ETF
OVL,FULL,0,Nasdaq\ETF
OVLH,FULL,0,Nasdaq\ETF
OVM,FULL,0,Nasdaq\ETF
OVS,FULL,0,Nasdaq\ETF
OVT,FULL,0,Nasdaq\ETF
OWNS,FULL,0,Nasdaq\ETF
OZEM,FULL,0,Nasdaq\ETF
PAAA,FULL,0,Nasdaq\ETF
PAB,FULL,0,Nasdaq\ETF
PABD,FULL,0,Nasdaq\ETF
PABU,FULL,0,Nasdaq\ETF
PALC,FULL,0,Nasdaq\ETF
PALL,FULL,0,Nasdaq\ETF
PAMC,FULL,0,Nasdaq\ETF
PAPI,FULL,0,Nasdaq\ETF
PAPR,FULL,0,Nasdaq\ETF
PAUG,FULL,0,Nasdaq\ETF
PAVE,FULL,0,Nasdaq\ETF
PAWZ,FULL,0,Nasdaq\ETF
PBAP,FULL,0,Nasdaq\ETF
PBAU,FULL,0,Nasdaq\ETF
PBD,FULL,0,Nasdaq\ETF
PBDC,FULL,0,Nasdaq\ETF
PBDE,FULL,0,Nasdaq\ETF
PBE,FULL,0,Nasdaq\ETF
PBFB,FULL,0,Nasdaq\ETF
PBFR,FULL,0,Nasdaq\ETF
PBJ,FULL,0,Nasdaq\ETF
PBJA,FULL,0,Nasdaq\ETF
PBJL,FULL,0,Nasdaq\ETF
PBJN,FULL,0,Nasdaq\ETF
PBL,FULL,0,Nasdaq\ETF
PBMR,FULL,0,Nasdaq\ETF
PBMY,FULL,0,Nasdaq\ETF
PBNV,FULL,0,Nasdaq\ETF
PBOC,FULL,0,Nasdaq\ETF
PBP,FULL,0,Nasdaq\ETF
PBSE,FULL,0,Nasdaq\ETF
PBTP,FULL,0,Nasdaq\ETF
PBUS,FULL,0,Nasdaq\ETF
PBW,FULL,0,Nasdaq\ETF
PCCE,FULL,0,Nasdaq\ETF
PCEF,FULL,0,Nasdaq\ETF
PCGG,FULL,0,Nasdaq\ETF
PCIG,FULL,0,Nasdaq\ETF
PCRB,FULL,0,Nasdaq\ETF
PCY,FULL,0,Nasdaq\ETF
PDBA,FULL,0,Nasdaq\ETF
PDBC,FULL,0,Nasdaq\ETF
PDEC,FULL,0,Nasdaq\ETF
PDN,FULL,0,Nasdaq\ETF
PDP,FULL,0,Nasdaq\ETF
PEJ,FULL,0,Nasdaq\ETF
PEMX,FULL,0,Nasdaq\ETF
PEX,FULL,0,Nasdaq\ETF
PEXL,FULL,0,Nasdaq\ETF
PEY,FULL,0,Nasdaq\ETF
PEZ,FULL,0,Nasdaq\ETF
PFEB,FULL,0,Nasdaq\ETF
PFF,FULL,0,Nasdaq\ETF
PFFA,FULL,0,Nasdaq\ETF
PFFD,FULL,0,Nasdaq\ETF
PFFR,FULL,0,Nasdaq\ETF
PFFV,FULL,0,Nasdaq\ETF
PFI,FULL,0,Nasdaq\ETF
PFIG,FULL,0,Nasdaq\ETF
PFIX,FULL,0,Nasdaq\ETF
PFLD,FULL,0,Nasdaq\ETF
PFM,FULL,0,Nasdaq\ETF
PFRL,FULL,0,Nasdaq\ETF
PFUT,FULL,0,Nasdaq\ETF
PFXF,FULL,0,Nasdaq\ETF
PGF,FULL,0,Nasdaq\ETF
PGHY,FULL,0,Nasdaq\ETF
PGJ,FULL,0,Nasdaq\ETF
PGRO,FULL,0,Nasdaq\ETF
PGX,FULL,0,Nasdaq\ETF
PHB,FULL,0,Nasdaq\ETF
PHDG,FULL,0,Nasdaq\ETF
PHEQ,FULL,0,Nasdaq\ETF
PHO,FULL,0,Nasdaq\ETF
PHYD,FULL,0,Nasdaq\ETF
PHYL,FULL,0,Nasdaq\ETF
PHYS,FULL,0,Nasdaq\ETF
PICB,FULL,0,Nasdaq\ETF
PICK,FULL,0,Nasdaq\ETF
PID,FULL,0,Nasdaq\ETF
PIE,FULL,0,Nasdaq\ETF
PIFI,FULL,0,Nasdaq\ETF
PILL,FULL,0,Nasdaq\ETF
PIN,FULL,0,Nasdaq\ETF
PINK,FULL,0,Nasdaq\ETF
PIO,FULL,0,Nasdaq\ETF
PIT,FULL,0,Nasdaq\ETF
A,FULL,0,Nasdaq\Stock
AA,FULL,0,Nasdaq\Stock
AACG,FULL,0,Nasdaq\Stock
AACT,FULL,0,Nasdaq\Stock
AADI,FULL,0,Nasdaq\Stock
AAGR,FULL,0,Nasdaq\Stock
AAL,FULL,0,Nasdaq\Stock
AAMC,FULL,0,Nasdaq\Stock
AAME,FULL,0,Nasdaq\Stock
AAN,FULL,0,Nasdaq\Stock
AAOI,FULL,0,Nasdaq\Stock
AAON,FULL,0,Nasdaq\Stock
AAP,FULL,0,Nasdaq\Stock
AAPL,FULL,0,Nasdaq\Stock
AAT,FULL,0,Nasdaq\Stock
ABAT,FULL,0,Nasdaq\Stock
ABBV,FULL,0,Nasdaq\Stock
ABCB,FULL,0,Nasdaq\Stock
ABCL,FULL,0,Nasdaq\Stock
ABEO,FULL,0,Nasdaq\Stock
ABEV,FULL,0,Nasdaq\Stock
ABG,FULL,0,Nasdaq\Stock
ABIO,FULL,0,Nasdaq\Stock
ABL,FULL,0,Nasdaq\Stock
ABLV,FULL,0,Nasdaq\Stock
ABM,FULL,0,Nasdaq\Stock
ABNB,FULL,0,Nasdaq\Stock
ABOS,FULL,0,Nasdaq\Stock
ABR,FULL,0,Nasdaq\Stock
ABR-PD,FULL,0,Nasdaq\Stock
ABR-PE,FULL,0,Nasdaq\Stock
ABR-PF,FULL,0,Nasdaq\Stock
ABSI,FULL,0,Nasdaq\Stock
ABT,FULL,0,Nasdaq\Stock
ABTS,FULL,0,Nasdaq\Stock
ABUS,FULL,0,Nasdaq\Stock
ABVC,FULL,0,Nasdaq\Stock
ABVE,FULL,0,Nasdaq\Stock
ABVX,FULL,0,Nasdaq\Stock
AC,FULL,0,Nasdaq\Stock
ACA,FULL,0,Nasdaq\Stock
ACAB,FULL,0,Nasdaq\Stock
ACAC,FULL,0,Nasdaq\Stock
ACAD,FULL,0,Nasdaq\Stock
ACB,FULL,0,Nasdaq\Stock
ACCD,FULL,0,Nasdaq\Stock
ACCO,FULL,0,Nasdaq\Stock
ACDC,FULL,0,Nasdaq\Stock
ACEL,FULL,0,Nasdaq\Stock
ACET,FULL,0,Nasdaq\Stock
ACGL,FULL,0,Nasdaq\Stock
ACGLN,FULL,0,Nasdaq\Stock
ACGLO,FULL,0,Nasdaq\Stock
ACHC,FULL,0,Nasdaq\Stock
ACHL,FULL,0,Nasdaq\Stock
ACHR,FULL,0,Nasdaq\Stock
ACHV,FULL,0,Nasdaq\Stock
ACI,FULL,0,Nasdaq\Stock
ACIC,FULL,0,Nasdaq\Stock
ACIU,FULL,0,Nasdaq\Stock
ACIW,FULL,0,Nasdaq\Stock
ACLS,FULL,0,Nasdaq\Stock
ACLX,FULL,0,Nasdaq\Stock
ACM,FULL,0,Nasdaq\Stock
ACMR,FULL,0,Nasdaq\Stock
ACN,FULL,0,Nasdaq\Stock
ACNB,FULL,0,Nasdaq\Stock
ACNT,FULL,0,Nasdaq\Stock
ACON,FULL,0,Nasdaq\Stock
ACP,FULL,0,Nasdaq\Stock
ACP-PA,FULL,0,Nasdaq\Stock
ACR,FULL,0,Nasdaq\Stock
ACR-PC,FULL,0,Nasdaq\Stock
ACR-PD,FULL,0,Nasdaq\Stock
ACRE,FULL,0,Nasdaq\Stock
ACRS,FULL,0,Nasdaq\Stock
ACRV,FULL,0,Nasdaq\Stock
ACST,FULL,0,Nasdaq\Stock
ACT,FULL,0,Nasdaq\Stock
ACTG,FULL,0,Nasdaq\Stock
ACTU,FULL,0,Nasdaq\Stock
ACU,FULL,0,Nasdaq\Stock
ACV,FULL,0,Nasdaq\Stock
ACVA,FULL,0,Nasdaq\Stock
ACXP,FULL,0,Nasdaq\Stock
ADAG,FULL,0,Nasdaq\Stock
ADAP,FULL,0,Nasdaq\Stock
ADBE,FULL,0,Nasdaq\Stock
ADC,FULL,0,Nasdaq\Stock
ADC-PA,FULL,0,Nasdaq\Stock
ADCT,FULL,0,Nasdaq\Stock
ADD,FULL,0,Nasdaq\Stock
ADEA,FULL,0,Nasdaq\Stock
ADGM,FULL,0,Nasdaq\Stock
ADI,FULL,0,Nasdaq\Stock
ADIL,FULL,0,Nasdaq\Stock
ADM,FULL,0,Nasdaq\Stock
ADMA,FULL,0,Nasdaq\Stock
ADN,FULL,0,Nasdaq\Stock
ADNT,FULL,0,Nasdaq\Stock
ADP,FULL,0,Nasdaq\Stock
ADPT,FULL,0,Nasdaq\Stock
ADRT,FULL,0,Nasdaq\Stock
ADSE,FULL,0,Nasdaq\Stock
ADSK,FULL,0,Nasdaq\Stock
ADT,FULL,0,Nasdaq\Stock
ADTN,FULL,0,Nasdaq\Stock
ADTX,FULL,0,Nasdaq\Stock
ADUS,FULL,0,Nasdaq\Stock
ADV,FULL,0,Nasdaq\Stock
ADVM,FULL,0,Nasdaq\Stock
ADX,FULL,0,Nasdaq\Stock
ADXN,FULL,0,Nasdaq\Stock
AE,FULL,0,Nasdaq\Stock
AEAE,FULL,0,Nasdaq\Stock
AEE,FULL,0,Nasdaq\Stock
AEF,FULL,0,Nasdaq\Stock
AEG,FULL,0,Nasdaq\Stock
AEHL,FULL,0,Nasdaq\Stock
AEHR,FULL,0,Nasdaq\Stock
AEI,FULL,0,Nasdaq\Stock
AEIS,FULL,0,Nasdaq\Stock
AEM,FULL,0,Nasdaq\Stock
AEMD,FULL,0,Nasdaq\Stock
AENT,FULL,0,Nasdaq\Stock
AEO,FULL,0,Nasdaq\Stock
AEON,FULL,0,Nasdaq\Stock
AEP,FULL,0,Nasdaq\Stock
AER,FULL,0,Nasdaq\Stock
AERT,FULL,0,Nasdaq\Stock
AES,FULL,0,Nasdaq\Stock
AESI,FULL,0,Nasdaq\Stock
AEVA,FULL,0,Nasdaq\Stock
AEYE,FULL,0,Nasdaq\Stock
AFAR,FULL,0,Nasdaq\Stock
AFB,FULL,0,Nasdaq\Stock
AFBI,FULL,0,Nasdaq\Stock
AFCG,FULL,0,Nasdaq\Stock
AFG,FULL,0,Nasdaq\Stock
AFJK,FULL,0,Nasdaq\Stock
AFL,FULL,0,Nasdaq\Stock
AFMD,FULL,0,Nasdaq\Stock
AFRI,FULL,0,Nasdaq\Stock
AFRM,FULL,0,Nasdaq\Stock
AFYA,FULL,0,Nasdaq\Stock
AG,FULL,0,Nasdaq\Stock
AGAE,FULL,0,Nasdaq\Stock
AGBA,FULL,0,Nasdaq\Stock
AGCO,FULL,0,Nasdaq\Stock
AGD,FULL,0,Nasdaq\Stock
AGEN,FULL,0,Nasdaq\Stock
AGFY,FULL,0,Nasdaq\Stock
AGI,FULL,0,Nasdaq\Stock
AGIO,FULL,0,Nasdaq\Stock
AGL,FULL,0,Nasdaq\Stock
AGM,FULL,0,Nasdaq\Stock
AGM-A,FULL,0,Nasdaq\Stock
AGM-PD,FULL,0,Nasdaq\Stock
AGM-PE,FULL,0,Nasdaq\Stock
AGM-PF,FULL,0,Nasdaq\Stock
AGM-PG,FULL,0,Nasdaq\Stock
AGMH,FULL,0,Nasdaq\Stock
AGNC,FULL,0,Nasdaq\Stock
AGNCL,FULL,0,Nasdaq\Stock
AGNCM,FULL,0,Nasdaq\Stock
AGNCN,FULL,0,Nasdaq\Stock
AGNCO,FULL,0,Nasdaq\Stock
AGNCP,FULL,0,Nasdaq\Stock
AGO,FULL,0,Nasdaq\Stock
AGR,FULL,0,Nasdaq\Stock
AGRI,FULL,0,Nasdaq\Stock
AGRO,FULL,0,Nasdaq\Stock
AGS,FULL,0,Nasdaq\Stock
AGX,FULL,0,Nasdaq\Stock
AGYS,FULL,0,Nasdaq\Stock
AHCO,FULL,0,Nasdaq\Stock
AHG,FULL,0,Nasdaq\Stock
AHH,FULL,0,Nasdaq\Stock
AHH-PA,FULL,0,Nasdaq\Stock
AHL-PC,FULL,0,Nasdaq\Stock
AHL-PD,FULL,0,Nasdaq\Stock
AHL-PE,FULL,0,Nasdaq\Stock
AHR,FULL,0,Nasdaq\Stock
AHT,FULL,0,Nasdaq\Stock
AHT-PD,FULL,0,Nasdaq\Stock
AHT-PF,FULL,0,Nasdaq\Stock
AHT-PG,FULL,0,Nasdaq\Stock
AHT-PH,FULL,0,Nasdaq\Stock
AHT-PI,FULL,0,Nasdaq\Stock
AI,FULL,0,Nasdaq\Stock
AIEV,FULL,0,Nasdaq\Stock
AIFF,FULL,0,Nasdaq\Stock
AIG,FULL,0,Nasdaq\Stock
AIHS,FULL,0,Nasdaq\Stock
AILE,FULL,0,Nasdaq\Stock
AIM,FULL,0,Nasdaq\Stock
AIMD,FULL,0,Nasdaq\Stock
AIN,FULL,0,Nasdaq\Stock
AIO,FULL,0,Nasdaq\Stock
AIOT,FULL,0,Nasdaq\Stock
AIP,FULL,0,Nasdaq\Stock
AIR,FULL,0,Nasdaq\Stock
AIRE,FULL,0,Nasdaq\Stock
AIRG,FULL,0,Nasdaq\Stock
AIRI,FULL,0,Nasdaq\Stock
AIRJ,FULL,0,Nasdaq\Stock
AIRS,FULL,0,Nasdaq\Stock
AIRT,FULL,0,Nasdaq\Stock
AISP,FULL,0,Nasdaq\Stock
AIT,FULL,0,Nasdaq\Stock
AITR,FULL,0,Nasdaq\Stock
AIU,FULL,0,Nasdaq\Stock
AIV,FULL,0,Nasdaq\Stock
AIXI,FULL,0,Nasdaq\Stock
AIZ,FULL,0,Nasdaq\Stock
AJG,FULL,0,Nasdaq\Stock
AJX,FULL,0,Nasdaq\Stock
AKA,FULL,0,Nasdaq\Stock
AKAM,FULL,0,Nasdaq\Stock
AKAN,FULL,0,Nasdaq\Stock
AKBA,FULL,0,Nasdaq\Stock
AKO-A,FULL,0,Nasdaq\Stock
AKO-B,FULL,0,Nasdaq\Stock
AKR,FULL,0,Nasdaq\Stock
AKRO,FULL,0,Nasdaq\Stock
AKTS,FULL,0,Nasdaq\Stock
AKTX,FULL,0,Nasdaq\Stock
AKYA,FULL,0,Nasdaq\Stock
AL,FULL,0,Nasdaq\Stock
AL-PA,FULL,0,Nasdaq\Stock
ALAB,FULL,0,Nasdaq\Stock
ALAR,FULL,0,Nasdaq\Stock
ALB,FULL,0,Nasdaq\Stock
ALB-PA,FULL,0,Nasdaq\Stock
ALBT,FULL,0,Nasdaq\Stock
ALC,FULL,0,Nasdaq\Stock
ALCE,FULL,0,Nasdaq\Stock
ALCO,FULL,0,Nasdaq\Stock
ALCY,FULL,0,Nasdaq\Stock
ALDX,FULL,0,Nasdaq\Stock
ALE,FULL,0,Nasdaq\Stock
ALEC,FULL,0,Nasdaq\Stock
ALEX,FULL,0,Nasdaq\Stock
ALF,FULL,0,Nasdaq\Stock
ALG,FULL,0,Nasdaq\Stock
ALGM,FULL,0,Nasdaq\Stock
ALGN,FULL,0,Nasdaq\Stock
ALGS,FULL,0,Nasdaq\Stock
ALGT,FULL,0,Nasdaq\Stock
ALHC,FULL,0,Nasdaq\Stock
ALIM,FULL,0,Nasdaq\Stock
ALIT,FULL,0,Nasdaq\Stock
ALK,FULL,0,Nasdaq\Stock
ALKS,FULL,0,Nasdaq\Stock
ALKT,FULL,0,Nasdaq\Stock
ALL,FULL,0,Nasdaq\Stock
ALL-PH,FULL,0,Nasdaq\Stock
ALL-PI,FULL,0,Nasdaq\Stock
ALL-PJ,FULL,0,Nasdaq\Stock
ALLE,FULL,0,Nasdaq\Stock
ALLG,FULL,0,Nasdaq\Stock
ALLK,FULL,0,Nasdaq\Stock
ALLO,FULL,0,Nasdaq\Stock
ALLR,FULL,0,Nasdaq\Stock
ALLT,FULL,0,Nasdaq\Stock
ALLY,FULL,0,Nasdaq\Stock
ALMS,FULL,0,Nasdaq\Stock
ALNT,FULL,0,Nasdaq\Stock
ALNY,FULL,0,Nasdaq\Stock
ALOT,FULL,0,Nasdaq\Stock
ALPP,FULL,0,Nasdaq\Stock
ALRM,FULL,0,Nasdaq\Stock
ALRN,FULL,0,Nasdaq\Stock
ALRS,FULL,0,Nasdaq\Stock
ALSA,FULL,0,Nasdaq\Stock
ALSN,FULL,0,Nasdaq\Stock
ALT,FULL,0,Nasdaq\Stock
ALTG,FULL,0,Nasdaq\Stock
ALTG-PA,FULL,0,Nasdaq\Stock
ALTI,FULL,0,Nasdaq\Stock
ALTM,FULL,0,Nasdaq\Stock
ALTO,FULL,0,Nasdaq\Stock
ALTR,FULL,0,Nasdaq\Stock
ALTS,FULL,0,Nasdaq\Stock
ALUR,FULL,0,Nasdaq\Stock
ALV,FULL,0,Nasdaq\Stock
ALVO,FULL,0,Nasdaq\Stock
ALVR,FULL,0,Nasdaq\Stock
ALX,FULL,0,Nasdaq\Stock
ALXO,FULL,0,Nasdaq\Stock
ALZN,FULL,0,Nasdaq\Stock
AM,FULL,0,Nasdaq\Stock
AMAL,FULL,0,Nasdaq\Stock
AMAT,FULL,0,Nasdaq\Stock
AMBA,FULL,0,Nasdaq\Stock
AMBC,FULL,0,Nasdaq\Stock
AMBI,FULL,0,Nasdaq\Stock
AMBO,FULL,0,Nasdaq\Stock
AMBP,FULL,0,Nasdaq\Stock
AMC,FULL,0,Nasdaq\Stock
AMCR,FULL,0,Nasdaq\Stock
AMCX,FULL,0,Nasdaq\Stock
AMD,FULL,1,Nasdaq\Stock
AME,FULL,0,Nasdaq\Stock
AMED,FULL,0,Nasdaq\Stock
AMG,FULL,0,Nasdaq\Stock
AMGN,FULL,0,Nasdaq\Stock
AMH,FULL,0,Nasdaq\Stock
AMH-PG,FULL,0,Nasdaq\Stock
AMH-PH,FULL,0,Nasdaq\Stock
AMIX,FULL,0,Nasdaq\Stock
AMK,FULL,0,Nasdaq\Stock
AMKR,FULL,0,Nasdaq\Stock
AMLI,FULL,0,Nasdaq\Stock
AMLX,FULL,0,Nasdaq\Stock
AMN,FULL,0,Nasdaq\Stock
AMP,FULL,0,Nasdaq\Stock
AMPG,FULL,0,Nasdaq\Stock
AMPH,FULL,0,Nasdaq\Stock
AMPL,FULL,0,Nasdaq\Stock
AMPS,FULL,0,Nasdaq\Stock
AMPX,FULL,0,Nasdaq\Stock
AMPY,FULL,0,Nasdaq\Stock
AMR,FULL,0,Nasdaq\Stock
AMRC,FULL,0,Nasdaq\Stock
AMRK,FULL,0,Nasdaq\Stock
AMRN,FULL,0,Nasdaq\Stock
AMRX,FULL,0,Nasdaq\Stock
AMS,FULL,0,Nasdaq\Stock
AMSC,FULL,0,Nasdaq\Stock
AMSF,FULL,0,Nasdaq\Stock
AMST,FULL,0,Nasdaq\Stock
AMSWA,FULL,0,Nasdaq\Stock
AMT,FULL,0,Nasdaq\Stock
AMTB,FULL,0,Nasdaq\Stock
AMTD,FULL,0,Nasdaq\Stock
AMTX,FULL,0,Nasdaq\Stock
AMWD,FULL,0,Nasdaq\Stock
AMWL,FULL,0,Nasdaq\Stock
AMX,FULL,0,Nasdaq\Stock
AMZN,FULL,0,Nasdaq\Stock
AN,FULL,0,Nasdaq\Stock
ANAB,FULL,0,Nasdaq\Stock
ANDE,FULL,0,Nasdaq\Stock
ANEB,FULL,0,Nasdaq\Stock
ANET,FULL,0,Nasdaq\Stock
ANF,FULL,0,Nasdaq\Stock
ANG-PA,FULL,0,Nasdaq\Stock
ANG-PB,FULL,0,Nasdaq\Stock
ANGH,FULL,0,Nasdaq\Stock
ANGI,FULL,0,Nasdaq\Stock
ANGO,FULL,0,Nasdaq\Stock
ANIK,FULL,0,Nasdaq\Stock
ANIP,FULL,0,Nasdaq\Stock
ANIX,FULL,0,Nasdaq\Stock
ANL,FULL,0,Nasdaq\Stock
ANNX,FULL,0,Nasdaq\Stock
ANRO,FULL,0,Nasdaq\Stock
ANSC,FULL,0,Nasdaq\Stock
ANSS,FULL,0,Nasdaq\Stock
ANTE,FULL,0,Nasdaq\Stock
ANTX,FULL,0,Nasdaq\Stock
ANVS,FULL,0,Nasdaq\Stock
ANY,FULL,0,Nasdaq\Stock
AOD,FULL,0,Nasdaq\Stock
AOGO,FULL,0,Nasdaq\Stock
AOMR,FULL,0,Nasdaq\Stock
AON,FULL,0,Nasdaq\Stock
AORT,FULL,0,Nasdaq\Stock
AOS,FULL,0,Nasdaq\Stock
AOSL,FULL,0,Nasdaq\Stock
AOUT,FULL,0,Nasdaq\Stock
AP,FULL,0,Nasdaq\Stock
APA,FULL,0,Nasdaq\Stock
APAM,FULL,0,Nasdaq\Stock
APCX,FULL,0,Nasdaq\Stock
APD,FULL,0,Nasdaq\Stock
APDN,FULL,0,Nasdaq\Stock
APEI,FULL,0,Nasdaq\Stock
APG,FULL,0,Nasdaq\Stock
APGE,FULL,0,Nasdaq\Stock
APH,FULL,0,Nasdaq\Stock
API,FULL,0,Nasdaq\Stock
APLD,FULL,0,Nasdaq\Stock
APLE,FULL,0,Nasdaq\Stock
APLM,FULL,0,Nasdaq\Stock
APLS,FULL,0,Nasdaq\Stock
APLT,FULL,0,Nasdaq\Stock
APM,FULL,0,Nasdaq\Stock
APO,FULL,0,Nasdaq\Stock
APO-PA,FULL,0,Nasdaq\Stock
APOG,FULL,0,Nasdaq\Stock
APP,FULL,0,Nasdaq\Stock
APPF,FULL,0,Nasdaq\Stock
APPN,FULL,0,Nasdaq\Stock
APPS,FULL,0,Nasdaq\Stock
APRE,FULL,0,Nasdaq\Stock
APT,FULL,0,Nasdaq\Stock
APTO,FULL,0,Nasdaq\Stock
APTV,FULL,0,Nasdaq\Stock
APVO,FULL,0,Nasdaq\Stock
APWC,FULL,0,Nasdaq\Stock
APXI,FULL,0,Nasdaq\Stock
APYX,FULL,0,Nasdaq\Stock
AQB,FULL,0,Nasdaq\Stock
AQMS,FULL,0,Nasdaq\Stock
AQN,FULL,0,Nasdaq\Stock
AQST,FULL,0,Nasdaq\Stock
AQU,FULL,0,Nasdaq\Stock
AR,FULL,0,Nasdaq\Stock
ARAY,FULL,0,Nasdaq\Stock
ARBB,FULL,0,Nasdaq\Stock
ARBE,FULL,0,Nasdaq\Stock
ARBK,FULL,0,Nasdaq\Stock
ARC,FULL,0,Nasdaq\Stock
ARCB,FULL,0,Nasdaq\Stock
ARCC,FULL,0,Nasdaq\Stock
ARCH,FULL,0,Nasdaq\Stock
ARCO,FULL,0,Nasdaq\Stock
ARCT,FULL,0,Nasdaq\Stock
ARDC,FULL,0,Nasdaq\Stock
ARDT,FULL,0,Nasdaq\Stock
ARDX,FULL,0,Nasdaq\Stock
ARE,FULL,0,Nasdaq\Stock
AREB,FULL,0,Nasdaq\Stock
AREC,FULL,0,Nasdaq\Stock
AREN,FULL,0,Nasdaq\Stock
ARES,FULL,0,Nasdaq\Stock
ARGO-PA,FULL,0,Nasdaq\Stock
ARGX,FULL,0,Nasdaq\Stock
ARHS,FULL,0,Nasdaq\Stock
ARI,FULL,0,Nasdaq\Stock
ARIS,FULL,0,Nasdaq\Stock
ARKO,FULL,0,Nasdaq\Stock
ARKR,FULL,0,Nasdaq\Stock
ARL,FULL,0,Nasdaq\Stock
ARLO,FULL,0,Nasdaq\Stock
ARM,FULL,0,Nasdaq\Stock
ARMK,FULL,0,Nasdaq\Stock
ARMN,FULL,0,Nasdaq\Stock
ARMP,FULL,0,Nasdaq\Stock
AROC,FULL,0,Nasdaq\Stock
AROW,FULL,0,Nasdaq\Stock
ARQ,FULL,0,Nasdaq\Stock
ARQQ,FULL,0,Nasdaq\Stock
ARQT,FULL,0,Nasdaq\Stock
ARR,FULL,0,Nasdaq\Stock
ARR-PC,FULL,0,Nasdaq\Stock
ARRY,FULL,0,Nasdaq\Stock
ARTL,FULL,0,Nasdaq\Stock
ARTNA,FULL,0,Nasdaq\Stock
ARTV,FULL,0,Nasdaq\Stock
ARTW,FULL,0,Nasdaq\Stock
ARVN,FULL,0,Nasdaq\Stock
ARW,FULL,0,Nasdaq\Stock
ARWR,FULL,0,Nasdaq\Stock
AS,FULL,0,Nasdaq\Stock
ASA,FULL,0,Nasdaq\Stock
ASAI,FULL,0,Nasdaq\Stock
ASAN,FULL,0,Nasdaq\Stock
ASB,FULL,0,Nasdaq\Stock
ASB-PE,FULL,0,Nasdaq\Stock
ASB-PF,FULL,0,Nasdaq\Stock
ASC,FULL,0,Nasdaq\Stock
ASCB,FULL,0,Nasdaq\Stock
ASG,FULL,0,Nasdaq\Stock
ASGI,FULL,0,Nasdaq\Stock
ASGN,FULL,0,Nasdaq\Stock
ASH,FULL,0,Nasdaq\Stock
ASIX,FULL,0,Nasdaq\Stock
ASLE,FULL,0,Nasdaq\Stock
ASM,FULL,0,Nasdaq\Stock
ASMB,FULL,0,Nasdaq\Stock
ASML,FULL,0,Nasdaq\Stock
ASND,FULL,0,Nasdaq\Stock
ASNS,FULL,0,Nasdaq\Stock
ASO,FULL,0,Nasdaq\Stock
ASPI,FULL,0,Nasdaq\Stock
ASPN,FULL,0,Nasdaq\Stock
ASPS,FULL,0,Nasdaq\Stock
ASR,FULL,0,Nasdaq\Stock
ASRT,FULL,0,Nasdaq\Stock
ASRV,FULL,0,Nasdaq\Stock
ASST,FULL,0,Nasdaq\Stock
ASTC,FULL,0,Nasdaq\Stock
ASTE,FULL,0,Nasdaq\Stock
ASTH,FULL,0,Nasdaq\Stock
ASTI,FULL,0,Nasdaq\Stock
ASTL,FULL,0,Nasdaq\Stock
ASTS,FULL,0,Nasdaq\Stock
ASUR,FULL,0,Nasdaq\Stock
ASX,FULL,0,Nasdaq\Stock
ASXC,FULL,0,Nasdaq\Stock
ASYS,FULL,0,Nasdaq\Stock
ATAI,FULL,0,Nasdaq\Stock
ATAT,FULL,0,Nasdaq\Stock
ATCH,FULL,0,Nasdaq\Stock
ATCO-PD,FULL,0,Nasdaq\Stock
ATCO-PH,FULL,0,Nasdaq\Stock
ATEC,FULL,0,Nasdaq\Stock
ATEK,FULL,0,Nasdaq\Stock
ATEN,FULL,0,Nasdaq\Stock
ATER,FULL,0,Nasdaq\Stock
ATEX,FULL,0,Nasdaq\Stock
ATGE,FULL,0,Nasdaq\Stock
ATGL,FULL,0,Nasdaq\Stock
ATH-PA,FULL,0,Nasdaq\Stock
ATH-PB,FULL,0,Nasdaq\Stock
ATH-PC,FULL,0,Nasdaq\Stock
ATH-PD,FULL,0,Nasdaq\Stock
ATH-PE,FULL,0,Nasdaq\Stock
ATHA,FULL,0,Nasdaq\Stock
ATHE,FULL,0,Nasdaq\Stock
ATHM,FULL,0,Nasdaq\Stock
ATI,FULL,0,Nasdaq\Stock
ATIF,FULL,0,Nasdaq\Stock
ATIP,FULL,0,Nasdaq\Stock
ATKR,FULL,0,Nasdaq\Stock
ATLC,FULL,0,Nasdaq\Stock
ATLCP,FULL,0,Nasdaq\Stock
ATLO,FULL,0,Nasdaq\Stock
ATLX,FULL,0,Nasdaq\Stock
ATMC,FULL,0,Nasdaq\Stock
ATMU,FULL,0,Nasdaq\Stock
ATMV,FULL,0,Nasdaq\Stock
ATNF,FULL,0,Nasdaq\Stock
ATNI,FULL,0,Nasdaq\Stock
ATNM,FULL,0,Nasdaq\Stock
ATO,FULL,0,Nasdaq\Stock
ATOM,FULL,0,Nasdaq\Stock
ATOS,FULL,0,Nasdaq\Stock
ATPC,FULL,0,Nasdaq\Stock
ATR,FULL,0,Nasdaq\Stock
ATRA,FULL,0,Nasdaq\Stock
ATRC,FULL,0,Nasdaq\Stock
ATRI,FULL,0,Nasdaq\Stock
ATRO,FULL,0,Nasdaq\Stock
ATS,FULL,0,Nasdaq\Stock
ATSG,FULL,0,Nasdaq\Stock
ATUS,FULL,0,Nasdaq\Stock
ATXG,FULL,0,Nasdaq\Stock
ATXI,FULL,0,Nasdaq\Stock
ATXS,FULL,0,Nasdaq\Stock
ATYR,FULL,0,Nasdaq\Stock
AU,FULL,0,Nasdaq\Stock
AUB,FULL,0,Nasdaq\Stock
AUB-PA,FULL,0,Nasdaq\Stock
AUBN,FULL,0,Nasdaq\Stock
AUDC,FULL,0,Nasdaq\Stock
AUGX,FULL,0,Nasdaq\Stock
AUID,FULL,0,Nasdaq\Stock
AULT,FULL,0,Nasdaq\Stock
AULT-PD,FULL,0,Nasdaq\Stock
AUMN,FULL,0,Nasdaq\Stock
AUNA,FULL,0,Nasdaq\Stock
AUPH,FULL,0,Nasdaq\Stock
AUR,FULL,0,Nasdaq\Stock
AURA,FULL,0,Nasdaq\Stock
AUST,FULL,0,Nasdaq\Stock
AUTL,FULL,0,Nasdaq\Stock
AUUD,FULL,0,Nasdaq\Stock
AVA,FULL,0,Nasdaq\Stock
AVAH,FULL,0,Nasdaq\Stock
AVAL,FULL,0,Nasdaq\Stock
AVAV,FULL,0,Nasdaq\Stock
AVB,FULL,0,Nasdaq\Stock
AVBP,FULL,0,Nasdaq\Stock
AVD,FULL,0,Nasdaq\Stock
AVDL,FULL,0,Nasdaq\Stock
AVDX,FULL,0,Nasdaq\Stock
AVGO,FULL,0,Nasdaq\Stock
AVGR,FULL,0,Nasdaq\Stock
AVIR,FULL,0,Nasdaq\Stock
AVK,FULL,0,Nasdaq\Stock
AVNS,FULL,0,Nasdaq\Stock
AVNT,FULL,0,Nasdaq\Stock
AVNW,FULL,0,Nasdaq\Stock
AVO,FULL,0,Nasdaq\Stock
AVPT,FULL,0,Nasdaq\Stock
AVT,FULL,0,Nasdaq\Stock
AVTE,FULL,0,Nasdaq\Stock
AVTR,FULL,0,Nasdaq\Stock
AVTX,FULL,0,Nasdaq\Stock
AVXL,FULL,0,Nasdaq\Stock
AVY,FULL,0,Nasdaq\Stock
AWF,FULL,0,Nasdaq\Stock
AWH,FULL,0,Nasdaq\Stock
AWI,FULL,0,Nasdaq\Stock
AWK,FULL,0,Nasdaq\Stock
AWP,FULL,0,Nasdaq\Stock
AWR,FULL,0,Nasdaq\Stock
AWRE,FULL,0,Nasdaq\Stock
AWX,FULL,0,Nasdaq\Stock
AX,FULL,0,Nasdaq\Stock
AXDX,FULL,0,Nasdaq\Stock
AXGN,FULL,0,Nasdaq\Stock
AXIL,FULL,0,Nasdaq\Stock
AXL,FULL,0,Nasdaq\Stock
AXNX,FULL,0,Nasdaq\Stock
AXON,FULL,0,Nasdaq\Stock
AXP,FULL,0,Nasdaq\Stock
AXR,FULL,0,Nasdaq\Stock
AXS,FULL,0,Nasdaq\Stock
AXS-PE,FULL,0,Nasdaq\Stock
AXSM,FULL,0,Nasdaq\Stock
AXTA,FULL,0,Nasdaq\Stock
AXTI,FULL,0,Nasdaq\Stock
AY,FULL,0,Nasdaq\Stock
AYI,FULL,0,Nasdaq\Stock
AYRO,FULL,0,Nasdaq\Stock
AYTU,FULL,0,Nasdaq\Stock
AZ,FULL,0,Nasdaq\Stock
AZEK,FULL,0,Nasdaq\Stock
AZN,FULL,0,Nasdaq\Stock
AZO,FULL,0,Nasdaq\Stock
AZPN,FULL,0,Nasdaq\Stock
AZTA,FULL,0,Nasdaq\Stock
AZTR,FULL,0,Nasdaq\Stock
AZUL,FULL,0,Nasdaq\Stock
AZZ,FULL,0,Nasdaq\Stock
B,FULL,0,Nasdaq\Stock
BA,FULL,0,Nasdaq\Stock
BABA,FULL,0,Nasdaq\Stock
BAC,FULL,0,Nasdaq\Stock
BAC-PB,FULL,0,Nasdaq\Stock
BAC-PE,FULL,0,Nasdaq\Stock
BAC-PK,FULL,0,Nasdaq\Stock
BAC-PL,FULL,0,Nasdaq\Stock
BAC-PM,FULL,0,Nasdaq\Stock
BAC-PN,FULL,0,Nasdaq\Stock
BAC-PO,FULL,0,Nasdaq\Stock
BAC-PP,FULL,0,Nasdaq\Stock
BAC-PQ,FULL,0,Nasdaq\Stock
BAC-PS,FULL,0,Nasdaq\Stock
BACA,FULL,0,Nasdaq\Stock
BACK,FULL,0,Nasdaq\Stock
BAER,FULL,0,Nasdaq\Stock
BAFN,FULL,0,Nasdaq\Stock
BAH,FULL,0,Nasdaq\Stock
BAK,FULL,0,Nasdaq\Stock
BALL,FULL,0,Nasdaq\Stock
BALY,FULL,0,Nasdaq\Stock
BAM,FULL,0,Nasdaq\Stock
BANC,FULL,0,Nasdaq\Stock
BANC-PF,FULL,0,Nasdaq\Stock
BAND,FULL,0,Nasdaq\Stock
BANF,FULL,0,Nasdaq\Stock
BANL,FULL,0,Nasdaq\Stock
BANR,FULL,0,Nasdaq\Stock
BANX,FULL,0,Nasdaq\Stock
BAOS,FULL,0,Nasdaq\Stock
BAP,FULL,0,Nasdaq\Stock
BAR,FULL,0,Nasdaq\Stock
BARK,FULL,0,Nasdaq\Stock
BASE,FULL,0,Nasdaq\Stock
BATL,FULL,0,Nasdaq\Stock
BATRA,FULL,0,Nasdaq\Stock
BATRK,FULL,0,Nasdaq\Stock
BAX,FULL,0,Nasdaq\Stock
BAYA,FULL,0,Nasdaq\Stock
BB,FULL,0,Nasdaq\Stock
BBAI,FULL,0,Nasdaq\Stock
BBAR,FULL,0,Nasdaq\Stock
BBCP,FULL,0,Nasdaq\Stock
BBD,FULL,0,Nasdaq\Stock
BBDC,FULL,0,Nasdaq\Stock
BBDO,FULL,0,Nasdaq\Stock
BBGI,FULL,0,Nasdaq\Stock
BBIO,FULL,0,Nasdaq\Stock
BBLG,FULL,0,Nasdaq\Stock
BBN,FULL,0,Nasdaq\Stock
BBSI,FULL,0,Nasdaq\Stock
BBUC,FULL,0,Nasdaq\Stock
BBVA,FULL,0,Nasdaq\Stock
BBW,FULL,0,Nasdaq\Stock
BBWI,FULL,0,Nasdaq\Stock
BBY,FULL,0,Nasdaq\Stock
BC,FULL,0,Nasdaq\Stock
BCAB,FULL,0,Nasdaq\Stock
BCAL,FULL,0,Nasdaq\Stock
BCAN,FULL,0,Nasdaq\Stock
BCAT,FULL,0,Nasdaq\Stock
BCBP,FULL,0,Nasdaq\Stock
BCC,FULL,0,Nasdaq\Stock
BCDA,FULL,0,Nasdaq\Stock
BCE,FULL,0,Nasdaq\Stock
BCG,FULL,0,Nasdaq\Stock
BCH,FULL,0,Nasdaq\Stock
BCLI,FULL,0,Nasdaq\Stock
BCML,FULL,0,Nasdaq\Stock
BCO,FULL,0,Nasdaq\Stock
BCOV,FULL,0,Nasdaq\Stock
BCOW,FULL,0,Nasdaq\Stock
BCPC,FULL,0,Nasdaq\Stock
BCRX,FULL,0,Nasdaq\Stock
BCS,FULL,0,Nasdaq\Stock
BCSA,FULL,0,Nasdaq\Stock
BCSF,FULL,0,Nasdaq\Stock
BCTX,FULL,0,Nasdaq\Stock
BCV,FULL,0,Nasdaq\Stock
BCV-PA,FULL,0,Nasdaq\Stock
BCX,FULL,0,Nasdaq\Stock
BCYC,FULL,0,Nasdaq\Stock
BDC,FULL,0,Nasdaq\Stock
BDJ,FULL,0,Nasdaq\Stock
BDL,FULL,0,Nasdaq\Stock
BDN,FULL,0,Nasdaq\Stock
BDRX,FULL,0,Nasdaq\Stock
BDSX,FULL,0,Nasdaq\Stock
BDTX,FULL,0,Nasdaq\Stock
BDX,FULL,0,Nasdaq\Stock
BE,FULL,0,Nasdaq\Stock
BEAM,FULL,0,Nasdaq\Stock
BEAT,FULL,0,Nasdaq\Stock
BECN,FULL,0,Nasdaq\Stock
BEDU,FULL,0,Nasdaq\Stock
BEEM,FULL,0,Nasdaq\Stock
BEEP,FULL,0,Nasdaq\Stock
BEKE,FULL,0,Nasdaq\Stock
BELFA,FULL,0,Nasdaq\Stock
BELFB,FULL,0,Nasdaq\Stock
BEN,FULL,0,Nasdaq\Stock
BENF,FULL,0,Nasdaq\Stock
BEP,FULL,0,Nasdaq\Stock
BEP-PA,FULL,0,Nasdaq\Stock
BEPC,FULL,0,Nasdaq\Stock
BERY,FULL,0,Nasdaq\Stock
BEST,FULL,0,Nasdaq\Stock
BETR,FULL,0,Nasdaq\Stock
BF-A,FULL,0,Nasdaq\Stock
BF-B,FULL,0,Nasdaq\Stock
BFAC,FULL,0,Nasdaq\Stock
BFAM,FULL,0,Nasdaq\Stock
BFC,FULL,0,Nasdaq\Stock
BFH,FULL,0,Nasdaq\Stock
BFI,FULL,0,Nasdaq\Stock
BFIN,FULL,0,Nasdaq\Stock
BFK,FULL,0,Nasdaq\Stock
BFLY,FULL,0,Nasdaq\Stock
BFRG,FULL,0,Nasdaq\Stock
BFRI,FULL,0,Nasdaq\Stock
BFS,FULL,0,Nasdaq\Stock
BFS-PD,FULL,0,Nasdaq\Stock
BFS-PE,FULL,0,Nasdaq\Stock
BFST,FULL,0,Nasdaq\Stock
BFZ,FULL,0,Nasdaq\Stock
BG,FULL,0,Nasdaq\Stock
BGB,FULL,0,Nasdaq\Stock
BGC,FULL,0,Nasdaq\Stock
BGFV,FULL,0,Nasdaq\Stock
BGH,FULL,0,Nasdaq\Stock
BGI,FULL,0,Nasdaq\Stock
BGLC,FULL,0,Nasdaq\Stock
BGM,FULL,0,Nasdaq\Stock
BGNE,FULL,0,Nasdaq\Stock
BGR,FULL,0,Nasdaq\Stock
BGS,FULL,0,Nasdaq\Stock
BGSF,FULL,0,Nasdaq\Stock
BGT,FULL,0,Nasdaq\Stock
BGX,FULL,0,Nasdaq\Stock
BGXX,FULL,0,Nasdaq\Stock
BGY,FULL,0,Nasdaq\Stock
BH,FULL,0,Nasdaq\Stock
BH-A,FULL,0,Nasdaq\Stock
BHAC,FULL,0,Nasdaq\Stock
BHAT,FULL,0,Nasdaq\Stock
BHB,FULL,0,Nasdaq\Stock
BHC,FULL,0,Nasdaq\Stock
BHE,FULL,0,Nasdaq\Stock
BHF,FULL,0,Nasdaq\Stock
BHFAM,FULL,0,Nasdaq\Stock
BHFAN,FULL,0,Nasdaq\Stock
BHFAO,FULL,0,Nasdaq\Stock
BHFAP,FULL,0,Nasdaq\Stock
BHIL,FULL,0,Nasdaq\Stock
BHK,FULL,0,Nasdaq\Stock
BHLB,FULL,0,Nasdaq\Stock
BHM,FULL,0,Nasdaq\Stock
BHP,FULL,0,Nasdaq\Stock
BHR,FULL,0,Nasdaq\Stock
BHR-PB,FULL,0,Nasdaq\Stock
BHR-PD,FULL,0,Nasdaq\Stock
BHRB,FULL,0,Nasdaq\Stock
BHV,FULL,0,Nasdaq\Stock
BHVN,FULL,0,Nasdaq\Stock
BIAF,FULL,0,Nasdaq\Stock
BIDU,FULL,0,Nasdaq\Stock
BIG,FULL,0,Nasdaq\Stock
BIGC,FULL,0,Nasdaq\Stock
BIGZ,FULL,0,Nasdaq\Stock
BIIB,FULL,0,Nasdaq\Stock
BILI,FULL,0,Nasdaq\Stock
BILL,FULL,0,Nasdaq\Stock
BIMI,FULL,0,Nasdaq\Stock
BIO,FULL,0,Nasdaq\Stock
BIO-B,FULL,0,Nasdaq\Stock
BIOR,FULL,0,Nasdaq\Stock
BIOX,FULL,0,Nasdaq\Stock
BIP-PA,FULL,0,Nasdaq\Stock
BIP-PB,FULL,0,Nasdaq\Stock
BIPC,FULL,0,Nasdaq\Stock
BIRD,FULL,0,Nasdaq\Stock
BIRK,FULL,0,Nasdaq\Stock
BIT,FULL,0,Nasdaq\Stock
BITF,FULL,0,Nasdaq\Stock
BIVI,FULL,0,Nasdaq\Stock
BJ,FULL,0,Nasdaq\Stock
BJDX,FULL,0,Nasdaq\Stock
BJRI,FULL,0,Nasdaq\Stock
BK,FULL,0,Nasdaq\Stock
BKD,FULL,0,Nasdaq\Stock
BKE,FULL,0,Nasdaq\Stock
BKH,FULL,0,Nasdaq\Stock
BKHA,FULL,0,Nasdaq\Stock
BKKT,FULL,0,Nasdaq\Stock
BKN,FULL,0,Nasdaq\Stock
BKNG,FULL,0,Nasdaq\Stock
BKR,FULL,0,Nasdaq\Stock
BKSY,FULL,0,Nasdaq\Stock
BKT,FULL,0,Nasdaq\Stock
BKTI,FULL,0,Nasdaq\Stock
BKU,FULL,0,Nasdaq\Stock
BKYI,FULL,0,Nasdaq\Stock
BL,FULL,0,Nasdaq\Stock
BLAC,FULL,0,Nasdaq\Stock
BLBD,FULL,0,Nasdaq\Stock
BLBX,FULL,0,Nasdaq\Stock
BLCO,FULL,0,Nasdaq\Stock
BLD,FULL,0,Nasdaq\Stock
BLDE,FULL,0,Nasdaq\Stock
BLDP,FULL,0,Nasdaq\Stock
BLDR,FULL,0,Nasdaq\Stock
BLE,FULL,0,Nasdaq\Stock
BLEU,FULL,0,Nasdaq\Stock
BLFS,FULL,0,Nasdaq\Stock
BLFY,FULL,0,Nasdaq\Stock
BLIN,FULL,0,Nasdaq\Stock
BLK,FULL,0,Nasdaq\Stock
BLKB,FULL,0,Nasdaq\Stock
BLMN,FULL,0,Nasdaq\Stock
BLMZ,FULL,0,Nasdaq\Stock
BLND,FULL,0,Nasdaq\Stock
BLNK,FULL,0,Nasdaq\Stock
BLRX,FULL,0,Nasdaq\Stock
BLTE,FULL,0,Nasdaq\Stock
BLUE,FULL,0,Nasdaq\Stock
BLW,FULL,0,Nasdaq\Stock
BLX,FULL,0,Nasdaq\Stock
BLZE,FULL,0,Nasdaq\Stock
BMA,FULL,0,Nasdaq\Stock
BMBL,FULL,0,Nasdaq\Stock
BME,FULL,0,Nasdaq\Stock
BMEA,FULL,0,Nasdaq\Stock
BMEZ,FULL,0,Nasdaq\Stock
BMI,FULL,0,Nasdaq\Stock
BML-PG,FULL,0,Nasdaq\Stock
BML-PH,FULL,0,Nasdaq\Stock
BML-PJ,FULL,0,Nasdaq\Stock
BML-PL,FULL,0,Nasdaq\Stock
BMN,FULL,0,Nasdaq\Stock
BMO,FULL,0,Nasdaq\Stock
BMR,FULL,0,Nasdaq\Stock
BMRA,FULL,0,Nasdaq\Stock
BMRC,FULL,0,Nasdaq\Stock
BMRN,FULL,0,Nasdaq\Stock
BMTX,FULL,0,Nasdaq\Stock
BMY,FULL,0,Nasdaq\Stock
BN,FULL,0,Nasdaq\Stock
BNAI,FULL,0,Nasdaq\Stock
BNED,FULL,0,Nasdaq\Stock
BNGO,FULL,0,Nasdaq\Stock
BNIX,FULL,0,Nasdaq\Stock
BNL,FULL,0,Nasdaq\Stock
BNOX,FULL,0,Nasdaq\Stock
BNR,FULL,0,Nasdaq\Stock
BNRE,FULL,0,Nasdaq\Stock
BNRE-A,FULL,0,Nasdaq\Stock
BNRG,FULL,0,Nasdaq\Stock
BNS,FULL,0,Nasdaq\Stock
BNTC,FULL,0,Nasdaq\Stock
BNTX,FULL,0,Nasdaq\Stock
BNY,FULL,0,Nasdaq\Stock
BNZI,FULL,0,Nasdaq\Stock
BOC,FULL,0,Nasdaq\Stock
BOCN,FULL,0,Nasdaq\Stock
BODI,FULL,0,Nasdaq\Stock
BOE,FULL,0,Nasdaq\Stock
BOF,FULL,0,Nasdaq\Stock
BOH,FULL,0,Nasdaq\Stock
BOH-PA,FULL,0,Nasdaq\Stock
BOH-PB,FULL,0,Nasdaq\Stock
BOKF,FULL,0,Nasdaq\Stock
BOLD,FULL,0,Nasdaq\Stock
BOLT,FULL,0,Nasdaq\Stock
BON,FULL,0,Nasdaq\Stock
BOOM,FULL,0,Nasdaq\Stock
BOOT,FULL,0,Nasdaq\Stock
BORR,FULL,0,Nasdaq\Stock
BOSC,FULL,0,Nasdaq\Stock
BOTJ,FULL,0,Nasdaq\Stock
BOW,FULL,0,Nasdaq\Stock
BOWL,FULL,0,Nasdaq\Stock
BOWN,FULL,0,Nasdaq\Stock
BOX,FULL,0,Nasdaq\Stock
BOXL,FULL,0,Nasdaq\Stock
BP,FULL,0,Nasdaq\Stock
BPMC,FULL,0,Nasdaq\Stock
BPOP,FULL,0,Nasdaq\Stock
BPRN,FULL,0,Nasdaq\Stock
BPTH,FULL,0,Nasdaq\Stock
BPYPM,FULL,0,Nasdaq\Stock
BPYPN,FULL,0,Nasdaq\Stock
BPYPO,FULL,0,Nasdaq\Stock
BPYPP,FULL,0,Nasdaq\Stock
BQ,FULL,0,Nasdaq\Stock
BR,FULL,0,Nasdaq\Stock
BRAC,FULL,0,Nasdaq\Stock
BRAG,FULL,0,Nasdaq\Stock
BRBR,FULL,0,Nasdaq\Stock
BRBS,FULL,0,Nasdaq\Stock
BRC,FULL,0,Nasdaq\Stock
BRCC,FULL,0,Nasdaq\Stock
BRDG,FULL,0,Nasdaq\Stock
BREA,FULL,0,Nasdaq\Stock
BRFH,FULL,0,Nasdaq\Stock
BRFS,FULL,0,Nasdaq\Stock
BRID,FULL,0,Nasdaq\Stock
BRK-A,FULL,0,Nasdaq\Stock
BRK-B,FULL,0,Nasdaq\Stock
BRKH,FULL,0,Nasdaq\Stock
BRKL,FULL,0,Nasdaq\Stock
BRKR,FULL,0,Nasdaq\Stock
BRLS,FULL,0,Nasdaq\Stock
BRLT,FULL,0,Nasdaq\Stock
BRN,FULL,0,Nasdaq\Stock
BRNS,FULL,0,Nasdaq\Stock
BRO,FULL,0,Nasdaq\Stock
BROG,FULL,0,Nasdaq\Stock
BROS,FULL,0,Nasdaq\Stock
BRSP,FULL,0,Nasdaq\Stock
BRT,FULL,0,Nasdaq\Stock
BRTX,FULL,0,Nasdaq\Stock
BRW,FULL,0,Nasdaq\Stock
BRX,FULL,0,Nasdaq\Stock
BRY,FULL,0,Nasdaq\Stock
BRZE,FULL,0,Nasdaq\Stock
BSAC,FULL,0,Nasdaq\Stock
BSBK,FULL,0,Nasdaq\Stock
BSBR,FULL,0,Nasdaq\Stock
BSET,FULL,0,Nasdaq\Stock
BSFC,FULL,0,Nasdaq\Stock
BSIG,FULL,0,Nasdaq\Stock
BSL,FULL,0,Nasdaq\Stock
BSLK,FULL,0,Nasdaq\Stock
BSRR,FULL,0,Nasdaq\Stock
BST,FULL,0,Nasdaq\Stock
BSTZ,FULL,0,Nasdaq\Stock
BSVN,FULL,0,Nasdaq\Stock
BSX,FULL,0,Nasdaq\Stock
BSY,FULL,0,Nasdaq\Stock
BTA,FULL,0,Nasdaq\Stock
BTAI,FULL,0,Nasdaq\Stock
BTBD,FULL,0,Nasdaq\Stock
BTBT,FULL,0,Nasdaq\Stock
BTCM,FULL,0,Nasdaq\Stock
BTCS,FULL,0,Nasdaq\Stock
BTCT,FULL,0,Nasdaq\Stock
BTDR,FULL,0,Nasdaq\Stock
BTE,FULL,0,Nasdaq\Stock
BTG,FULL,0,Nasdaq\Stock
BTI,FULL,0,Nasdaq\Stock
BTM,FULL,0,Nasdaq\Stock
BTMD,FULL,0,Nasdaq\Stock
BTO,FULL,0,Nasdaq\Stock
BTOC,FULL,0,Nasdaq\Stock
BTOG,FULL,0,Nasdaq\Stock
BTSG,FULL,0,Nasdaq\Stock
BTT,FULL,0,Nasdaq\Stock
BTTR,FULL,0,Nasdaq\Stock
BTU,FULL,0,Nasdaq\Stock
BTZ,FULL,0,Nasdaq\Stock
BUD,FULL,0,Nasdaq\Stock
BUI,FULL,0,Nasdaq\Stock
BUJA,FULL,0,Nasdaq\Stock
BUR,FULL,0,Nasdaq\Stock
BURL,FULL,0,Nasdaq\Stock
BURU,FULL,0,Nasdaq\Stock
BUSE,FULL,0,Nasdaq\Stock
BV,FULL,0,Nasdaq\Stock
BVFL,FULL,0,Nasdaq\Stock
BVN,FULL,0,Nasdaq\Stock
BVS,FULL,0,Nasdaq\Stock
BW,FULL,0,Nasdaq\Stock
BW-PA,FULL,0,Nasdaq\Stock
BWA,FULL,0,Nasdaq\Stock
BWAY,FULL,0,Nasdaq\Stock
BWB,FULL,0,Nasdaq\Stock
BWBBP,FULL,0,Nasdaq\Stock
BWEN,FULL,0,Nasdaq\Stock
BWFG,FULL,0,Nasdaq\Stock
BWG,FULL,0,Nasdaq\Stock
BWIN,FULL,0,Nasdaq\Stock
BWLP,FULL,0,Nasdaq\Stock
BWMN,FULL,0,Nasdaq\Stock
BWMX,FULL,0,Nasdaq\Stock
BWXT,FULL,0,Nasdaq\Stock
BX,FULL,0,Nasdaq\Stock
BXC,FULL,0,Nasdaq\Stock
BXMT,FULL,0,Nasdaq\Stock
BXMX,FULL,0,Nasdaq\Stock
BXP,FULL,0,Nasdaq\Stock
BXSL,FULL,0,Nasdaq\Stock
BY,FULL,0,Nasdaq\Stock
BYD,FULL,0,Nasdaq\Stock
BYFC,FULL,0,Nasdaq\Stock
BYM,FULL,0,Nasdaq\Stock
BYND,FULL,0,Nasdaq\Stock
BYNO,FULL,0,Nasdaq\Stock
BYON,FULL,0,Nasdaq\Stock
BYRN,FULL,0,Nasdaq\Stock
BYSI,FULL,0,Nasdaq\Stock
BYU,FULL,0,Nasdaq\Stock
BZ,FULL,0,Nasdaq\Stock
BZFD,FULL,0,Nasdaq\Stock
BZH,FULL,0,Nasdaq\Stock
BZUN,FULL,0,Nasdaq\Stock
C,FULL,0,Nasdaq\Stock
CAAP,FULL,0,Nasdaq\Stock
CAAS,FULL,0,Nasdaq\Stock
CABA,FULL,0,Nasdaq\Stock
CABO,FULL,0,Nasdaq\Stock
CAC,FULL,0,Nasdaq\Stock
CACC,FULL,0,Nasdaq\Stock
CACI,FULL,0,Nasdaq\Stock
CACO,FULL,0,Nasdaq\Stock
CADE,FULL,0,Nasdaq\Stock
CADE-PA,FULL,0,Nasdaq\Stock
CADL,FULL,0,Nasdaq\Stock
CAE,FULL,0,Nasdaq\Stock
CAF,FULL,0,Nasdaq\Stock
CAG,FULL,0,Nasdaq\Stock
CAH,FULL,0,Nasdaq\Stock
CAKE,FULL,0,Nasdaq\Stock
CAL,FULL,0,Nasdaq\Stock
CALC,FULL,0,Nasdaq\Stock
CALM,FULL,0,Nasdaq\Stock
CALT,FULL,0,Nasdaq\Stock
CALX,FULL,0,Nasdaq\Stock
CAMT,FULL,0,Nasdaq\Stock
CAN,FULL,0,Nasdaq\Stock
CANF,FULL,0,Nasdaq\Stock
CANG,FULL,0,Nasdaq\Stock
CAPR,FULL,0,Nasdaq\Stock
CAPT,FULL,0,Nasdaq\Stock
CAR,FULL,0,Nasdaq\Stock
CARA,FULL,0,Nasdaq\Stock
CARE,FULL,0,Nasdaq\Stock
CARG,FULL,0,Nasdaq\Stock
CARM,FULL,0,Nasdaq\Stock
CARR,FULL,0,Nasdaq\Stock
CARS,FULL,0,Nasdaq\Stock
CART,FULL,0,Nasdaq\Stock
CARV,FULL,0,Nasdaq\Stock
CASH,FULL,0,Nasdaq\Stock
CASI,FULL,0,Nasdaq\Stock
CASS,FULL,0,Nasdaq\Stock
CASY,FULL,0,Nasdaq\Stock
CAT,FULL,0,Nasdaq\Stock
CATO,FULL,0,Nasdaq\Stock
CATX,FULL,0,Nasdaq\Stock
CATY,FULL,0,Nasdaq\Stock
CAVA,FULL,0,Nasdaq\Stock
CB,FULL,0,Nasdaq\Stock
CBAN,FULL,0,Nasdaq\Stock
CBAT,FULL,0,Nasdaq\Stock
CBFV,FULL,0,Nasdaq\Stock
CBH,FULL,0,Nasdaq\Stock
CBL,FULL,0,Nasdaq\Stock
CBNK,FULL,0,Nasdaq\Stock
CBOE,FULL,0,Nasdaq\Stock
CBRE,FULL,0,Nasdaq\Stock
CBRG,FULL,0,Nasdaq\Stock
CBRL,FULL,0,Nasdaq\Stock
CBSH,FULL,0,Nasdaq\Stock
CBT,FULL,0,Nasdaq\Stock
CBU,FULL,0,Nasdaq\Stock
CBUS,FULL,0,Nasdaq\Stock
CBZ,FULL,0,Nasdaq\Stock
CC,FULL,0,Nasdaq\Stock
CCAP,FULL,0,Nasdaq\Stock
CCB,FULL,0,Nasdaq\Stock
CCBG,FULL,0,Nasdaq\Stock
CCCC,FULL,0,Nasdaq\Stock
CCCS,FULL,0,Nasdaq\Stock
CCD,FULL,0,Nasdaq\Stock
CCEC,FULL,0,Nasdaq\Stock
CCEL,FULL,0,Nasdaq\Stock
CCEP,FULL,0,Nasdaq\Stock
CCG,FULL,0,Nasdaq\Stock
CCI,FULL,0,Nasdaq\Stock
CCIA,FULL,0,Nasdaq\Stock
CCIF,FULL,0,Nasdaq\Stock
CCIX,FULL,0,Nasdaq\Stock
CCJ,FULL,0,Nasdaq\Stock
CCK,FULL,0,Nasdaq\Stock
CCL,FULL,0,Nasdaq\Stock
CCLD,FULL,0,Nasdaq\Stock
CCLDO,FULL,0,Nasdaq\Stock
CCLDP,FULL,0,Nasdaq\Stock
CCM,FULL,0,Nasdaq\Stock
CCNE,FULL,0,Nasdaq\Stock
CCNEP,FULL,0,Nasdaq\Stock
CCO,FULL,0,Nasdaq\Stock
CCOI,FULL,0,Nasdaq\Stock
CCRD,FULL,0,Nasdaq\Stock
CCRN,FULL,0,Nasdaq\Stock
CCS,FULL,0,Nasdaq\Stock
CCSI,FULL,0,Nasdaq\Stock
CCTG,FULL,0,Nasdaq\Stock
CCTS,FULL,0,Nasdaq\Stock
CCU,FULL,0,Nasdaq\Stock
CDAQ,FULL,0,Nasdaq\Stock
CDE,FULL,0,Nasdaq\Stock
CDIO,FULL,0,Nasdaq\Stock
CDLR,FULL,0,Nasdaq\Stock
CDLX,FULL,0,Nasdaq\Stock
CDMO,FULL,0,Nasdaq\Stock
CDNA,FULL,0,Nasdaq\Stock
CDNS,FULL,0,Nasdaq\Stock
CDP,FULL,0,Nasdaq\Stock
CDR-PB,FULL,0,Nasdaq\Stock
CDR-PC,FULL,0,Nasdaq\Stock
CDRE,FULL,0,Nasdaq\Stock
CDRO,FULL,0,Nasdaq\Stock
CDT,FULL,0,Nasdaq\Stock
CDTG,FULL,0,Nasdaq\Stock
CDTX,FULL,0,Nasdaq\Stock
CDW,FULL,0,Nasdaq\Stock
CDXC,FULL,0,Nasdaq\Stock
CDXS,FULL,0,Nasdaq\Stock
CDZI,FULL,0,Nasdaq\Stock
CDZIP,FULL,0,Nasdaq\Stock
CE,FULL,0,Nasdaq\Stock
CEAD,FULL,0,Nasdaq\Stock
CECO,FULL,0,Nasdaq\Stock
CEE,FULL,0,Nasdaq\Stock
CEG,FULL,0,Nasdaq\Stock
CEIX,FULL,0,Nasdaq\Stock
CELC,FULL,0,Nasdaq\Stock
CELH,FULL,0,Nasdaq\Stock
CELU,FULL,0,Nasdaq\Stock
CELZ,FULL,0,Nasdaq\Stock
CEM,FULL,0,Nasdaq\Stock
CENN,FULL,0,Nasdaq\Stock
CENT,FULL,0,Nasdaq\Stock
CENTA,FULL,0,Nasdaq\Stock
CENX,FULL,0,Nasdaq\Stock
CEP,FULL,0,Nasdaq\Stock
CEPU,FULL,0,Nasdaq\Stock
CERO,FULL,0,Nasdaq\Stock
CERS,FULL,0,Nasdaq\Stock
CERT,FULL,0,Nasdaq\Stock
CET,FULL,0,Nasdaq\Stock
CETX,FULL,0,Nasdaq\Stock
CETY,FULL,0,Nasdaq\Stock
CEV,FULL,0,Nasdaq\Stock
CEVA,FULL,0,Nasdaq\Stock
CF,FULL,0,Nasdaq\Stock
CFB,FULL,0,Nasdaq\Stock
CFBK,FULL,0,Nasdaq\Stock
CFFI,FULL,0,Nasdaq\Stock
CFFN,FULL,0,Nasdaq\Stock
CFFS,FULL,0,Nasdaq\Stock
CFG,FULL,0,Nasdaq\Stock
CFG-PE,FULL,0,Nasdaq\Stock
CFG-PH,FULL,0,Nasdaq\Stock
CFLT,FULL,0,Nasdaq\Stock
CFR,FULL,0,Nasdaq\Stock
CFR-PB,FULL,0,Nasdaq\Stock
CFSB,FULL,0,Nasdaq\Stock
CG,FULL,0,Nasdaq\Stock
CGA,FULL,0,Nasdaq\Stock
CGAU,FULL,0,Nasdaq\Stock
CGBD,FULL,0,Nasdaq\Stock
CGBS,FULL,0,Nasdaq\Stock
CGC,FULL,0,Nasdaq\Stock
CGEM,FULL,0,Nasdaq\Stock
CGEN,FULL,0,Nasdaq\Stock
CGNT,FULL,0,Nasdaq\Stock
CGNX,FULL,0,Nasdaq\Stock
CGO,FULL,0,Nasdaq\Stock
CGON,FULL,0,Nasdaq\Stock
CGTX,FULL,0,Nasdaq\Stock
CHCI,FULL,0,Nasdaq\Stock
CHCO,FULL,0,Nasdaq\Stock
CHCT,FULL,0,Nasdaq\Stock
CHD,FULL,0,Nasdaq\Stock
CHDN,FULL,0,Nasdaq\Stock
CHE,FULL,0,Nasdaq\Stock
CHEB,FULL,0,Nasdaq\Stock
CHEF,FULL,0,Nasdaq\Stock
CHEK,FULL,0,Nasdaq\Stock
CHGG,FULL,0,Nasdaq\Stock
CHH,FULL,0,Nasdaq\Stock
CHI,FULL,0,Nasdaq\Stock
CHK,FULL,0,Nasdaq\Stock
CHKP,FULL,0,Nasdaq\Stock
CHMG,FULL,0,Nasdaq\Stock
CHMI,FULL,0,Nasdaq\Stock
CHMI-PA,FULL,0,Nasdaq\Stock
CHMI-PB,FULL,0,Nasdaq\Stock
CHN,FULL,0,Nasdaq\Stock
CHNR,FULL,0,Nasdaq\Stock
CHPT,FULL,0,Nasdaq\Stock
CHR,FULL,0,Nasdaq\Stock
CHRD,FULL,0,Nasdaq\Stock
CHRO,FULL,0,Nasdaq\Stock
CHRS,FULL,0,Nasdaq\Stock
CHRW,FULL,0,Nasdaq\Stock
CHSCL,FULL,0,Nasdaq\Stock
CHSCM,FULL,0,Nasdaq\Stock
CHSCN,FULL,0,Nasdaq\Stock
CHSCO,FULL,0,Nasdaq\Stock
CHSCP,FULL,0,Nasdaq\Stock
CHSN,FULL,0,Nasdaq\Stock
CHT,FULL,0,Nasdaq\Stock
CHTR,FULL,0,Nasdaq\Stock
CHUY,FULL,0,Nasdaq\Stock
CHW,FULL,0,Nasdaq\Stock
CHWY,FULL,0,Nasdaq\Stock
CHX,FULL,0,Nasdaq\Stock
CHY,FULL,0,Nasdaq\Stock
CI,FULL,0,Nasdaq\Stock
CIA,FULL,0,Nasdaq\Stock
CIB,FULL,0,Nasdaq\Stock
CIEN,FULL,0,Nasdaq\Stock
CIF,FULL,0,Nasdaq\Stock
CIFR,FULL,0,Nasdaq\Stock
CIG,FULL,0,Nasdaq\Stock
CIG-C,FULL,0,Nasdaq\Stock
CIGI,FULL,0,Nasdaq\Stock
CII,FULL,0,Nasdaq\Stock
CIK,FULL,0,Nasdaq\Stock
CIM,FULL,0,Nasdaq\Stock
CIM-PA,FULL,0,Nasdaq\Stock
CIM-PB,FULL,0,Nasdaq\Stock
CIM-PC,FULL,0,Nasdaq\Stock
CIM-PD,FULL,0,Nasdaq\Stock
CINF,FULL,0,Nasdaq\Stock
CING,FULL,0,Nasdaq\Stock
CINT,FULL,0,Nasdaq\Stock
CIO,FULL,0,Nasdaq\Stock
CIO-PA,FULL,0,Nasdaq\Stock
CION,FULL,0,Nasdaq\Stock
CISO,FULL,0,Nasdaq\Stock
CISS,FULL,0,Nasdaq\Stock
CITE,FULL,0,Nasdaq\Stock
CIVB,FULL,0,Nasdaq\Stock
CIVI,FULL,0,Nasdaq\Stock
CIX,FULL,0,Nasdaq\Stock
CJET,FULL,0,Nasdaq\Stock
CJJD,FULL,0,Nasdaq\Stock
CKPT,FULL,0,Nasdaq\Stock
CKX,FULL,0,Nasdaq\Stock
CL,FULL,0,Nasdaq\Stock
CLAR,FULL,0,Nasdaq\Stock
CLB,FULL,0,Nasdaq\Stock
CLBK,FULL,0,Nasdaq\Stock
CLBR,FULL,0,Nasdaq\Stock
CLBT,FULL,0,Nasdaq\Stock
CLCO,FULL,0,Nasdaq\Stock
CLDI,FULL,0,Nasdaq\Stock
CLDT,FULL,0,Nasdaq\Stock
CLDT-PA,FULL,0,Nasdaq\Stock
CLDX,FULL,0,Nasdaq\Stock
CLEU,FULL,0,Nasdaq\Stock
CLF,FULL,0,Nasdaq\Stock
CLFD,FULL,0,Nasdaq\Stock
CLGN,FULL,0,Nasdaq\Stock
CLH,FULL,0,Nasdaq\Stock
CLIR,FULL,0,Nasdaq\Stock
CLLS,FULL,0,Nasdaq\Stock
CLM,FULL,0,Nasdaq\Stock
CLMB,FULL,0,Nasdaq\Stock
CLMT,FULL,0,Nasdaq\Stock
CLNE,FULL,0,Nasdaq\Stock
CLNN,FULL,0,Nasdaq\Stock
CLOE,FULL,0,Nasdaq\Stock
CLOV,FULL,0,Nasdaq\Stock
CLPR,FULL,0,Nasdaq\Stock
CLPS,FULL,0,Nasdaq\Stock
CLPT,FULL,0,Nasdaq\Stock
CLRB,FULL,0,Nasdaq\Stock
CLRC,FULL,0,Nasdaq\Stock
CLRO,FULL,0,Nasdaq\Stock
CLS,FULL,0,Nasdaq\Stock
CLSD,FULL,0,Nasdaq\Stock
CLSK,FULL,0,Nasdaq\Stock
CLST,FULL,0,Nasdaq\Stock
CLVT,FULL,0,Nasdaq\Stock
CLW,FULL,0,Nasdaq\Stock
CLWT,FULL,0,Nasdaq\Stock
CLX,FULL,0,Nasdaq\Stock
CM,FULL,0,Nasdaq\Stock
CMA,FULL,0,Nasdaq\Stock
CMAX,FULL,0,Nasdaq\Stock
CMBM,FULL,0,Nasdaq\Stock
CMBT,FULL,0,Nasdaq\Stock
CMC,FULL,0,Nasdaq\Stock
CMCL,FULL,0,Nasdaq\Stock
CMCM,FULL,0,Nasdaq\Stock
CMCO,FULL,0,Nasdaq\Stock
CMCSA,FULL,0,Nasdaq\Stock
CMCT,FULL,0,Nasdaq\Stock
CME,FULL,0,Nasdaq\Stock
CMG,FULL,0,Nasdaq\Stock
CMI,FULL,0,Nasdaq\Stock
CMLS,FULL,0,Nasdaq\Stock
CMMB,FULL,0,Nasdaq\Stock
CMND,FULL,0,Nasdaq\Stock
CMP,FULL,0,Nasdaq\Stock
CMPO,FULL,0,Nasdaq\Stock
CMPR,FULL,0,Nasdaq\Stock
CMPS,FULL,0,Nasdaq\Stock
CMPX,FULL,0,Nasdaq\Stock
CMRE,FULL,0,Nasdaq\Stock
CMRE-PB,FULL,0,Nasdaq\Stock
CMRE-PC,FULL,0,Nasdaq\Stock
CMRE-PD,FULL,0,Nasdaq\Stock
CMRX,FULL,0,Nasdaq\Stock
CMS,FULL,0,Nasdaq\Stock
CMS-PB,FULL,0,Nasdaq\Stock
CMS-PC,FULL,0,Nasdaq\Stock
CMT,FULL,0,Nasdaq\Stock
CMTG,FULL,0,Nasdaq\Stock
CMTL,FULL,0,Nasdaq\Stock
CMU,FULL,0,Nasdaq\Stock
CNA,FULL,0,Nasdaq\Stock
CNC,FULL,0,Nasdaq\Stock
CNDA,FULL,0,Nasdaq\Stock
CNDT,FULL,0,Nasdaq\Stock
CNET,FULL,0,Nasdaq\Stock
CNEY,FULL,0,Nasdaq\Stock
CNF,FULL,0,Nasdaq\Stock
CNFR,FULL,0,Nasdaq\Stock
CNH,FULL,0,Nasdaq\Stock
CNI,FULL,0,Nasdaq\Stock
CNK,FULL,0,Nasdaq\Stock
CNL,FULL,0,Nasdaq\Stock
CNM,FULL,0,Nasdaq\Stock
CNMD,FULL,0,Nasdaq\Stock
CNNE,FULL,0,Nasdaq\Stock
CNO,FULL,0,Nasdaq\Stock
CNOB,FULL,0,Nasdaq\Stock
CNOBP,FULL,0,Nasdaq\Stock
CNP,FULL,0,Nasdaq\Stock
CNQ,FULL,0,Nasdaq\Stock
CNS,FULL,0,Nasdaq\Stock
CNSL,FULL,0,Nasdaq\Stock
CNSP,FULL,0,Nasdaq\Stock
CNTA,FULL,0,Nasdaq\Stock
CNTB,FULL,0,Nasdaq\Stock
CNTM,FULL,0,Nasdaq\Stock
CNTX,FULL,0,Nasdaq\Stock
CNTY,FULL,0,Nasdaq\Stock
CNVS,FULL,0,Nasdaq\Stock
CNX,FULL,0,Nasdaq\Stock
CNXC,FULL,0,Nasdaq\Stock
CNXN,FULL,0,Nasdaq\Stock
COCH,FULL,0,Nasdaq\Stock
COCO,FULL,0,Nasdaq\Stock
COCP,FULL,0,Nasdaq\Stock
CODA,FULL,0,Nasdaq\Stock
CODI,FULL,0,Nasdaq\Stock
CODI-PA,FULL,0,Nasdaq\Stock
CODI-PB,FULL,0,Nasdaq\Stock
CODI-PC,FULL,0,Nasdaq\Stock
CODX,FULL,0,Nasdaq\Stock
COE,FULL,0,Nasdaq\Stock
COEP,FULL,0,Nasdaq\Stock
COF,FULL,0,Nasdaq\Stock
COF-PI,FULL,0,Nasdaq\Stock
COF-PJ,FULL,0,Nasdaq\Stock
COF-PK,FULL,0,Nasdaq\Stock
COF-PL,FULL,0,Nasdaq\Stock
COF-PN,FULL,0,Nasdaq\Stock
COFS,FULL,0,Nasdaq\Stock
COGT,FULL,0,Nasdaq\Stock
COHN,FULL,0,Nasdaq\Stock
COHR,FULL,0,Nasdaq\Stock
COHU,FULL,0,Nasdaq\Stock
COIN,FULL,0,Nasdaq\Stock
COKE,FULL,0,Nasdaq\Stock
COLB,FULL,0,Nasdaq\Stock
COLD,FULL,0,Nasdaq\Stock
COLL,FULL,0,Nasdaq\Stock
COLM,FULL,0,Nasdaq\Stock
COMM,FULL,0,Nasdaq\Stock
COMP,FULL,0,Nasdaq\Stock
CON,FULL,0,Nasdaq\Stock
COO,FULL,0,Nasdaq\Stock
COOK,FULL,0,Nasdaq\Stock
COOP,FULL,0,Nasdaq\Stock
COOT,FULL,0,Nasdaq\Stock
COP,FULL,0,Nasdaq\Stock
COR,FULL,0,Nasdaq\Stock
CORT,FULL,0,Nasdaq\Stock
CORZ,FULL,0,Nasdaq\Stock
COSM,FULL,0,Nasdaq\Stock
COST,FULL,0,Nasdaq\Stock
COTY,FULL,0,Nasdaq\Stock
COUR,FULL,0,Nasdaq\Stock
COYA,FULL,0,Nasdaq\Stock
CP,FULL,0,Nasdaq\Stock
CPA,FULL,0,Nasdaq\Stock
CPAC,FULL,0,Nasdaq\Stock
CPAY,FULL,0,Nasdaq\Stock
CPB,FULL,0,Nasdaq\Stock
CPBI,FULL,0,Nasdaq\Stock
CPF,FULL,0,Nasdaq\Stock
CPHC,FULL,0,Nasdaq\Stock
CPHI,FULL,0,Nasdaq\Stock
CPIX,FULL,0,Nasdaq\Stock
CPK,FULL,0,Nasdaq\Stock
CPNG,FULL,0,Nasdaq\Stock
CPOP,FULL,0,Nasdaq\Stock
CPRI,FULL,0,Nasdaq\Stock
CPRT,FULL,0,Nasdaq\Stock
CPRX,FULL,0,Nasdaq\Stock
CPS,FULL,0,Nasdaq\Stock
CPSH,FULL,0,Nasdaq\Stock
CPSS,FULL,0,Nasdaq\Stock
CPT,FULL,0,Nasdaq\Stock
CPTN,FULL,0,Nasdaq\Stock
CPZ,FULL,0,Nasdaq\Stock
CR,FULL,0,Nasdaq\Stock
CRAI,FULL,0,Nasdaq\Stock
CRBG,FULL,0,Nasdaq\Stock
CRBP,FULL,0,Nasdaq\Stock
CRBU,FULL,0,Nasdaq\Stock
CRC,FULL,0,Nasdaq\Stock
CRCT,FULL,0,Nasdaq\Stock
CRD-A,FULL,0,Nasdaq\Stock
CRD-B,FULL,0,Nasdaq\Stock
CRDF,FULL,0,Nasdaq\Stock
CRDL,FULL,0,Nasdaq\Stock
CRDO,FULL,0,Nasdaq\Stock
CREG,FULL,0,Nasdaq\Stock
CRESY,FULL,0,Nasdaq\Stock
CREV,FULL,0,Nasdaq\Stock
CREX,FULL,0,Nasdaq\Stock
CRF,FULL,0,Nasdaq\Stock
CRGO,FULL,0,Nasdaq\Stock
CRGX,FULL,0,Nasdaq\Stock
CRGY,FULL,0,Nasdaq\Stock
CRH,FULL,0,Nasdaq\Stock
CRI,FULL,0,Nasdaq\Stock
CRIS,FULL,0,Nasdaq\Stock
CRK,FULL,0,Nasdaq\Stock
CRKN,FULL,0,Nasdaq\Stock
CRL,FULL,0,Nasdaq\Stock
CRM,FULL,0,Nasdaq\Stock
CRMD,FULL,0,Nasdaq\Stock
CRML,FULL,0,Nasdaq\Stock
CRMT,FULL,0,Nasdaq\Stock
CRNC,FULL,0,Nasdaq\Stock
CRNT,FULL,0,Nasdaq\Stock
CRNX,FULL,0,Nasdaq\Stock
CRON,FULL,0,Nasdaq\Stock
CROX,FULL,0,Nasdaq\Stock
CRS,FULL,0,Nasdaq\Stock
CRSP,FULL,0,Nasdaq\Stock
CRSR,FULL,0,Nasdaq\Stock
CRTO,FULL,0,Nasdaq\Stock
CRUS,FULL,0,Nasdaq\Stock
CRVL,FULL,0,Nasdaq\Stock
CRVO,FULL,0,Nasdaq\Stock
CRVS,FULL,0,Nasdaq\Stock
CRWD,FULL,0,Nasdaq\Stock
CRWS,FULL,0,Nasdaq\Stock
CSAN,FULL,0,Nasdaq\Stock
CSBR,FULL,0,Nasdaq\Stock
CSCI,FULL,0,Nasdaq\Stock
CSCO,FULL,0,Nasdaq\Stock
CSGP,FULL,0,Nasdaq\Stock
CSGS,FULL,0,Nasdaq\Stock
CSIQ,FULL,0,Nasdaq\Stock
CSL,FULL,0,Nasdaq\Stock
CSLM,FULL,0,Nasdaq\Stock
CSLR,FULL,0,Nasdaq\Stock
CSPI,FULL,0,Nasdaq\Stock
CSQ,FULL,0,Nasdaq\Stock
CSR,FULL,0,Nasdaq\Stock
CSR-PC,FULL,0,Nasdaq\Stock
CSTE,FULL,0,Nasdaq\Stock
CSTL,FULL,0,Nasdaq\Stock
CSTM,FULL,0,Nasdaq\Stock
CSV,FULL,0,Nasdaq\Stock
CSWC,FULL,0,Nasdaq\Stock
CSWI,FULL,0,Nasdaq\Stock
CSX,FULL,0,Nasdaq\Stock
CTA-PA,FULL,0,Nasdaq\Stock
CTA-PB,FULL,0,Nasdaq\Stock
CTAS,FULL,0,Nasdaq\Stock
CTBI,FULL,0,Nasdaq\Stock
CTCX,FULL,0,Nasdaq\Stock
CTGO,FULL,0,Nasdaq\Stock
CTHR,FULL,0,Nasdaq\Stock
CTKB,FULL,0,Nasdaq\Stock
CTLP,FULL,0,Nasdaq\Stock
CTLT,FULL,0,Nasdaq\Stock
CTM,FULL,0,Nasdaq\Stock
CTMX,FULL,0,Nasdaq\Stock
CTNM,FULL,0,Nasdaq\Stock
CTNT,FULL,0,Nasdaq\Stock
CTO,FULL,0,Nasdaq\Stock
CTO-PA,FULL,0,Nasdaq\Stock
CTOR,FULL,0,Nasdaq\Stock
CTOS,FULL,0,Nasdaq\Stock
CTR,FULL,0,Nasdaq\Stock
CTRA,FULL,0,Nasdaq\Stock
CTRE,FULL,0,Nasdaq\Stock
CTRI,FULL,0,Nasdaq\Stock
CTRM,FULL,0,Nasdaq\Stock
CTRN,FULL,0,Nasdaq\Stock
CTS,FULL,0,Nasdaq\Stock
CTSH,FULL,0,Nasdaq\Stock
CTSO,FULL,0,Nasdaq\Stock
CTV,FULL,0,Nasdaq\Stock
CTVA,FULL,0,Nasdaq\Stock
CTXR,FULL,0,Nasdaq\Stock
CUB,FULL,0,Nasdaq\Stock
CUBA,FULL,0,Nasdaq\Stock
CUBE,FULL,0,Nasdaq\Stock
CUBI,FULL,0,Nasdaq\Stock
CUBI-PE,FULL,0,Nasdaq\Stock
CUBI-PF,FULL,0,Nasdaq\Stock
CUE,FULL,0,Nasdaq\Stock
CUK,FULL,0,Nasdaq\Stock
CULP,FULL,0,Nasdaq\Stock
CURI,FULL,0,Nasdaq\Stock
CURV,FULL,0,Nasdaq\Stock
CUTR,FULL,0,Nasdaq\Stock
CUZ,FULL,0,Nasdaq\Stock
CVAC,FULL,0,Nasdaq\Stock
CVBF,FULL,0,Nasdaq\Stock
CVCO,FULL,0,Nasdaq\Stock
CVE,FULL,0,Nasdaq\Stock
CVEO,FULL,0,Nasdaq\Stock
CVGI,FULL,0,Nasdaq\Stock
CVGW,FULL,0,Nasdaq\Stock
CVI,FULL,0,Nasdaq\Stock
CVII,FULL,0,Nasdaq\Stock
CVIIU,FULL,0,Nasdaq\Stock
CVIIW,FULL,0,Nasdaq\Stock
CVKD,FULL,0,Nasdaq\Stock
CVLG,FULL,0,Nasdaq\Stock
CVLT,FULL,0,Nasdaq\Stock
CVM,FULL,0,Nasdaq\Stock
CVNA,FULL,0,Nasdaq\Stock
CVR,FULL,0,Nasdaq\Stock
CVRX,FULL,0,Nasdaq\Stock
CVS,FULL,0,Nasdaq\Stock
CVU,FULL,0,Nasdaq\Stock
CVV,FULL,0,Nasdaq\Stock
CVX,FULL,0,Nasdaq\Stock
CW,FULL,0,Nasdaq\Stock
CWAN,FULL,0,Nasdaq\Stock
CWBC,FULL,0,Nasdaq\Stock
CWCO,FULL,0,Nasdaq\Stock
CWD,FULL,0,Nasdaq\Stock
CWEN,FULL,0,Nasdaq\Stock
CWEN-A,FULL,0,Nasdaq\Stock
CWH,FULL,0,Nasdaq\Stock
CWK,FULL,0,Nasdaq\Stock
CWST,FULL,0,Nasdaq\Stock
CWT,FULL,0,Nasdaq\Stock
CX,FULL,0,Nasdaq\Stock
CXAI,FULL,0,Nasdaq\Stock
CXDO,FULL,0,Nasdaq\Stock
CXE,FULL,0,Nasdaq\Stock
CXH,FULL,0,Nasdaq\Stock
CXM,FULL,0,Nasdaq\Stock
CXT,FULL,0,Nasdaq\Stock
CXW,FULL,0,Nasdaq\Stock
CYBN,FULL,0,Nasdaq\Stock
CYBR,FULL,0,Nasdaq\Stock
CYCC,FULL,0,Nasdaq\Stock
CYCCP,FULL,0,Nasdaq\Stock
CYCN,FULL,0,Nasdaq\Stock
CYD,FULL,0,Nasdaq\Stock
CYH,FULL,0,Nasdaq\Stock
CYN,FULL,0,Nasdaq\Stock
CYRX,FULL,0,Nasdaq\Stock
CYTH,FULL,0,Nasdaq\Stock
CYTK,FULL,0,Nasdaq\Stock
CYTO,FULL,0,Nasdaq\Stock
CZFS,FULL,0,Nasdaq\Stock
CZNC,FULL,0,Nasdaq\Stock
CZR,FULL,0,Nasdaq\Stock
CZWI,FULL,0,Nasdaq\Stock
D,FULL,0,Nasdaq\Stock
DAC,FULL,0,Nasdaq\Stock
DADA,FULL,0,Nasdaq\Stock
DAIO,FULL,0,Nasdaq\Stock
DAKT,FULL,0,Nasdaq\Stock
DAL,FULL,0,Nasdaq\Stock
DALN,FULL,0,Nasdaq\Stock
DAN,FULL,0,Nasdaq\Stock
DAO,FULL,0,Nasdaq\Stock
DAR,FULL,0,Nasdaq\Stock
DARE,FULL,0,Nasdaq\Stock
DASH,FULL,0,Nasdaq\Stock
DATS,FULL,0,Nasdaq\Stock
DAVA,FULL,0,Nasdaq\Stock
DAVE,FULL,0,Nasdaq\Stock
DAWN,FULL,0,Nasdaq\Stock
DAY,FULL,0,Nasdaq\Stock
DB,FULL,0,Nasdaq\Stock
DBD,FULL,0,Nasdaq\Stock
DBGI,FULL,0,Nasdaq\Stock
DBI,FULL,0,Nasdaq\Stock
DBL,FULL,0,Nasdaq\Stock
DBRG,FULL,0,Nasdaq\Stock
DBRG-PH,FULL,0,Nasdaq\Stock
DBRG-PI,FULL,0,Nasdaq\Stock
DBRG-PJ,FULL,0,Nasdaq\Stock
DBVT,FULL,0,Nasdaq\Stock
DBX,FULL,0,Nasdaq\Stock
DC,FULL,0,Nasdaq\Stock
DCBO,FULL,0,Nasdaq\Stock
DCF,FULL,0,Nasdaq\Stock
DCGO,FULL,0,Nasdaq\Stock
DCI,FULL,0,Nasdaq\Stock
DCO,FULL,0,Nasdaq\Stock
DCOM,FULL,0,Nasdaq\Stock
DCOMP,FULL,0,Nasdaq\Stock
DCTH,FULL,0,Nasdaq\Stock
DD,FULL,0,Nasdaq\Stock
DDC,FULL,0,Nasdaq\Stock
DDD,FULL,0,Nasdaq\Stock
DDI,FULL,0,Nasdaq\Stock
DDL,FULL,0,Nasdaq\Stock
DDOG,FULL,0,Nasdaq\Stock
DDS,FULL,0,Nasdaq\Stock
DE,FULL,0,Nasdaq\Stock
DEA,FULL,0,Nasdaq\Stock
DEC,FULL,0,Nasdaq\Stock
DECA,FULL,0,Nasdaq\Stock
DECK,FULL,0,Nasdaq\Stock
DEI,FULL,0,Nasdaq\Stock
DELL,FULL,0,Nasdaq\Stock
DENN,FULL,0,Nasdaq\Stock
DEO,FULL,0,Nasdaq\Stock
DERM,FULL,0,Nasdaq\Stock
DESP,FULL,0,Nasdaq\Stock
DFH,FULL,0,Nasdaq\Stock
DFIN,FULL,0,Nasdaq\Stock
DFLI,FULL,0,Nasdaq\Stock
DFP,FULL,0,Nasdaq\Stock
DFS,FULL,0,Nasdaq\Stock
DG,FULL,0,Nasdaq\Stock
DGHI,FULL,0,Nasdaq\Stock
DGICA,FULL,0,Nasdaq\Stock
DGICB,FULL,0,Nasdaq\Stock
DGII,FULL,0,Nasdaq\Stock
DGLY,FULL,0,Nasdaq\Stock
DGX,FULL,0,Nasdaq\Stock
DH,FULL,0,Nasdaq\Stock
DHAI,FULL,0,Nasdaq\Stock
DHC,FULL,0,Nasdaq\Stock
DHF,FULL,0,Nasdaq\Stock
DHI,FULL,0,Nasdaq\Stock
DHIL,FULL,0,Nasdaq\Stock
DHR,FULL,0,Nasdaq\Stock
DHT,FULL,0,Nasdaq\Stock
DHX,FULL,0,Nasdaq\Stock
DHY,FULL,0,Nasdaq\Stock
DIAX,FULL,0,Nasdaq\Stock
DIBS,FULL,0,Nasdaq\Stock
DIN,FULL,0,Nasdaq\Stock
DINO,FULL,0,Nasdaq\Stock
DIOD,FULL,0,Nasdaq\Stock
DIS,FULL,0,Nasdaq\Stock
DIST,FULL,0,Nasdaq\Stock
DIT,FULL,0,Nasdaq\Stock
DJCO,FULL,0,Nasdaq\Stock
DJT,FULL,0,Nasdaq\Stock
DK,FULL,0,Nasdaq\Stock
DKNG,FULL,0,Nasdaq\Stock
DKS,FULL,0,Nasdaq\Stock
DLB,FULL,0,Nasdaq\Stock
DLHC,FULL,0,Nasdaq\Stock
DLNG-PA,FULL,0,Nasdaq\Stock
DLNG-PB,FULL,0,Nasdaq\Stock
DLO,FULL,0,Nasdaq\Stock
DLPN,FULL,0,Nasdaq\Stock
DLR,FULL,0,Nasdaq\Stock
DLR-PJ,FULL,0,Nasdaq\Stock
DLR-PK,FULL,0,Nasdaq\Stock
DLR-PL,FULL,0,Nasdaq\Stock
DLTH,FULL,0,Nasdaq\Stock
DLTR,FULL,0,Nasdaq\Stock
DLX,FULL,0,Nasdaq\Stock
DLY,FULL,0,Nasdaq\Stock
DM,FULL,0,Nasdaq\Stock
DMA,FULL,0,Nasdaq\Stock
DMAC,FULL,0,Nasdaq\Stock
DMB,FULL,0,Nasdaq\Stock
DMF,FULL,0,Nasdaq\Stock
DMO,FULL,0,Nasdaq\Stock
DMRC,FULL,0,Nasdaq\Stock
DMYY,FULL,0,Nasdaq\Stock
DNA,FULL,0,Nasdaq\Stock
DNB,FULL,0,Nasdaq\Stock
DNLI,FULL,0,Nasdaq\Stock
DNMR,FULL,0,Nasdaq\Stock
DNN,FULL,0,Nasdaq\Stock
DNOW,FULL,0,Nasdaq\Stock
DNP,FULL,0,Nasdaq\Stock
DNTH,FULL,0,Nasdaq\Stock
DNUT,FULL,0,Nasdaq\Stock
DO,FULL,0,Nasdaq\Stock
DOC,FULL,0,Nasdaq\Stock
DOCN,FULL,0,Nasdaq\Stock
DOCS,FULL,0,Nasdaq\Stock
DOCU,FULL,0,Nasdaq\Stock
DOGZ,FULL,0,Nasdaq\Stock
DOLE,FULL,0,Nasdaq\Stock
DOMA,FULL,0,Nasdaq\Stock
DOMH,FULL,0,Nasdaq\Stock
DOMO,FULL,0,Nasdaq\Stock
DOOO,FULL,0,Nasdaq\Stock
DORM,FULL,0,Nasdaq\Stock
DOUG,FULL,0,Nasdaq\Stock
DOV,FULL,0,Nasdaq\Stock
DOW,FULL,0,Nasdaq\Stock
DOX,FULL,0,Nasdaq\Stock
DOYU,FULL,0,Nasdaq\Stock
DPCS,FULL,0,Nasdaq\Stock
DPG,FULL,0,Nasdaq\Stock
DPRO,FULL,0,Nasdaq\Stock
DPZ,FULL,0,Nasdaq\Stock
DQ,FULL,0,Nasdaq\Stock
DRCT,FULL,0,Nasdaq\Stock
DRD,FULL,0,Nasdaq\Stock
DRH,FULL,0,Nasdaq\Stock
DRH-PA,FULL,0,Nasdaq\Stock
DRI,FULL,0,Nasdaq\Stock
DRIO,FULL,0,Nasdaq\Stock
DRMA,FULL,0,Nasdaq\Stock
DRQ,FULL,0,Nasdaq\Stock
DRRX,FULL,0,Nasdaq\Stock
DRS,FULL,0,Nasdaq\Stock
DRTS,FULL,0,Nasdaq\Stock
DRUG,FULL,0,Nasdaq\Stock
DRVN,FULL,0,Nasdaq\Stock
DSGN,FULL,0,Nasdaq\Stock
DSGR,FULL,0,Nasdaq\Stock
DSGX,FULL,0,Nasdaq\Stock
DSL,FULL,0,Nasdaq\Stock
DSM,FULL,0,Nasdaq\Stock
DSP,FULL,0,Nasdaq\Stock
DSS,FULL,0,Nasdaq\Stock
DSU,FULL,0,Nasdaq\Stock
DSWL,FULL,0,Nasdaq\Stock
DSX,FULL,0,Nasdaq\Stock
DSX-PB,FULL,0,Nasdaq\Stock
DSY,FULL,0,Nasdaq\Stock
DT,FULL,0,Nasdaq\Stock
DTC,FULL,0,Nasdaq\Stock
DTCK,FULL,0,Nasdaq\Stock
DTE,FULL,0,Nasdaq\Stock
DTF,FULL,0,Nasdaq\Stock
DTI,FULL,0,Nasdaq\Stock
DTIL,FULL,0,Nasdaq\Stock
DTM,FULL,0,Nasdaq\Stock
DTSS,FULL,0,Nasdaq\Stock
DTST,FULL,0,Nasdaq\Stock
DUET,FULL,0,Nasdaq\Stock
DUK,FULL,0,Nasdaq\Stock
DUK-PA,FULL,0,Nasdaq\Stock
DUO,FULL,0,Nasdaq\Stock
DUOL,FULL,0,Nasdaq\Stock
DUOT,FULL,0,Nasdaq\Stock
DV,FULL,0,Nasdaq\Stock
DVA,FULL,0,Nasdaq\Stock
DVAX,FULL,0,Nasdaq\Stock
DVN,FULL,0,Nasdaq\Stock
DWSN,FULL,0,Nasdaq\Stock
DX,FULL,0,Nasdaq\Stock
DX-PC,FULL,0,Nasdaq\Stock
DXC,FULL,0,Nasdaq\Stock
DXCM,FULL,0,Nasdaq\Stock
DXF,FULL,0,Nasdaq\Stock
DXLG,FULL,0,Nasdaq\Stock
DXPE,FULL,0,Nasdaq\Stock
DXR,FULL,0,Nasdaq\Stock
DXYN,FULL,0,Nasdaq\Stock
DXYZ,FULL,0,Nasdaq\Stock
DY,FULL,0,Nasdaq\Stock
DYAI,FULL,0,Nasdaq\Stock
DYCQ,FULL,0,Nasdaq\Stock
DYN,FULL,0,Nasdaq\Stock
E,FULL,0,Nasdaq\Stock
EA,FULL,0,Nasdaq\Stock
EAD,FULL,0,Nasdaq\Stock
EAF,FULL,0,Nasdaq\Stock
EARN,FULL,0,Nasdaq\Stock
EAST,FULL,0,Nasdaq\Stock
EAT,FULL,0,Nasdaq\Stock
EB,FULL,0,Nasdaq\Stock
EBAY,FULL,0,Nasdaq\Stock
EBC,FULL,0,Nasdaq\Stock
EBF,FULL,0,Nasdaq\Stock
EBMT,FULL,0,Nasdaq\Stock
EBON,FULL,0,Nasdaq\Stock
EBR,FULL,0,Nasdaq\Stock
EBR-B,FULL,0,Nasdaq\Stock
EBS,FULL,0,Nasdaq\Stock
EBTC,FULL,0,Nasdaq\Stock
EC,FULL,0,Nasdaq\Stock
ECAT,FULL,0,Nasdaq\Stock
ECBK,FULL,0,Nasdaq\Stock
ECC,FULL,0,Nasdaq\Stock
ECC-PD,FULL,0,Nasdaq\Stock
ECCC,FULL,0,Nasdaq\Stock
ECCF,FULL,0,Nasdaq\Stock
ECDA,FULL,0,Nasdaq\Stock
ECF,FULL,0,Nasdaq\Stock
ECF-PA,FULL,0,Nasdaq\Stock
ECL,FULL,0,Nasdaq\Stock
ECO,FULL,0,Nasdaq\Stock
ECOR,FULL,0,Nasdaq\Stock
ECPG,FULL,0,Nasdaq\Stock
ECVT,FULL,0,Nasdaq\Stock
ECX,FULL,0,Nasdaq\Stock
ED,FULL,0,Nasdaq\Stock
EDAP,FULL,0,Nasdaq\Stock
EDBL,FULL,0,Nasdaq\Stock
EDD,FULL,0,Nasdaq\Stock
EDF,FULL,0,Nasdaq\Stock
EDIT,FULL,0,Nasdaq\Stock
EDN,FULL,0,Nasdaq\Stock
EDR,FULL,0,Nasdaq\Stock
EDRY,FULL,0,Nasdaq\Stock
EDSA,FULL,0,Nasdaq\Stock
EDTK,FULL,0,Nasdaq\Stock
EDU,FULL,0,Nasdaq\Stock
EDUC,FULL,0,Nasdaq\Stock
EE,FULL,0,Nasdaq\Stock
EEA,FULL,0,Nasdaq\Stock
EEFT,FULL,0,Nasdaq\Stock
EEIQ,FULL,0,Nasdaq\Stock
EEX,FULL,0,Nasdaq\Stock
EFC,FULL,0,Nasdaq\Stock
EFC-PA,FULL,0,Nasdaq\Stock
EFC-PB,FULL,0,Nasdaq\Stock
EFC-PC,FULL,0,Nasdaq\Stock
EFC-PD,FULL,0,Nasdaq\Stock
EFC-PE,FULL,0,Nasdaq\Stock
EFOI,FULL,0,Nasdaq\Stock
EFR,FULL,0,Nasdaq\Stock
EFSC,FULL,0,Nasdaq\Stock
EFSCP,FULL,0,Nasdaq\Stock
EFSH,FULL,0,Nasdaq\Stock
EFT,FULL,0,Nasdaq\Stock
EFX,FULL,0,Nasdaq\Stock
EFXT,FULL,0,Nasdaq\Stock
EG,FULL,0,Nasdaq\Stock
EGAN,FULL,0,Nasdaq\Stock
EGBN,FULL,0,Nasdaq\Stock
EGF,FULL,0,Nasdaq\Stock
EGHT,FULL,0,Nasdaq\Stock
EGIO,FULL,0,Nasdaq\Stock
EGO,FULL,0,Nasdaq\Stock
EGP,FULL,0,Nasdaq\Stock
EGRX,FULL,0,Nasdaq\Stock
EGY,FULL,0,Nasdaq\Stock
EH,FULL,0,Nasdaq\Stock
EHAB,FULL,0,Nasdaq\Stock
EHC,FULL,0,Nasdaq\Stock
EHGO,FULL,0,Nasdaq\Stock
EHI,FULL,0,Nasdaq\Stock
EHTH,FULL,0,Nasdaq\Stock
EIC,FULL,0,Nasdaq\Stock
EICA,FULL,0,Nasdaq\Stock
EICB,FULL,0,Nasdaq\Stock
EICC,FULL,0,Nasdaq\Stock
EIG,FULL,0,Nasdaq\Stock
EIM,FULL,0,Nasdaq\Stock
EIX,FULL,0,Nasdaq\Stock
EJH,FULL,0,Nasdaq\Stock
EKSO,FULL,0,Nasdaq\Stock
EL,FULL,0,Nasdaq\Stock
ELA,FULL,0,Nasdaq\Stock
ELAB,FULL,0,Nasdaq\Stock
ELAN,FULL,0,Nasdaq\Stock
ELBM,FULL,0,Nasdaq\Stock
ELDN,FULL,0,Nasdaq\Stock
ELEV,FULL,0,Nasdaq\Stock
ELF,FULL,0,Nasdaq\Stock
ELLO,FULL,0,Nasdaq\Stock
ELMD,FULL,0,Nasdaq\Stock
ELME,FULL,0,Nasdaq\Stock
ELP,FULL,0,Nasdaq\Stock
ELPC,FULL,0,Nasdaq\Stock
ELS,FULL,0,Nasdaq\Stock
ELSE,FULL,0,Nasdaq\Stock
ELTK,FULL,0,Nasdaq\Stock
ELTX,FULL,0,Nasdaq\Stock
ELUT,FULL,0,Nasdaq\Stock
ELV,FULL,0,Nasdaq\Stock
ELVA,FULL,0,Nasdaq\Stock
ELVN,FULL,0,Nasdaq\Stock
ELWS,FULL,0,Nasdaq\Stock
ELYM,FULL,0,Nasdaq\Stock
EM,FULL,0,Nasdaq\Stock
EMBC,FULL,0,Nasdaq\Stock
EMCG,FULL,0,Nasdaq\Stock
EMD,FULL,0,Nasdaq\Stock
EME,FULL,0,Nasdaq\Stock
EMF,FULL,0,Nasdaq\Stock
EMKR,FULL,0,Nasdaq\Stock
EML,FULL,0,Nasdaq\Stock
EMN,FULL,0,Nasdaq\Stock
EMO,FULL,0,Nasdaq\Stock
EMR,FULL,0,Nasdaq\Stock
EMX,FULL,0,Nasdaq\Stock
ENB,FULL,0,Nasdaq\Stock
ENFN,FULL,0,Nasdaq\Stock
ENG,FULL,0,Nasdaq\Stock
ENGN,FULL,0,Nasdaq\Stock
ENIC,FULL,0,Nasdaq\Stock
ENLT,FULL,0,Nasdaq\Stock
ENLV,FULL,0,Nasdaq\Stock
ENOV,FULL,0,Nasdaq\Stock
ENPH,FULL,0,Nasdaq\Stock
ENR,FULL,0,Nasdaq\Stock
ENS,FULL,0,Nasdaq\Stock
ENSC,FULL,0,Nasdaq\Stock
ENSG,FULL,0,Nasdaq\Stock
ENSV,FULL,0,Nasdaq\Stock
ENTA,FULL,0,Nasdaq\Stock
ENTG,FULL,0,Nasdaq\Stock
ENTO,FULL,0,Nasdaq\Stock
ENTX,FULL,0,Nasdaq\Stock
ENV,FULL,0,Nasdaq\Stock
ENVA,FULL,0,Nasdaq\Stock
ENVB,FULL,0,Nasdaq\Stock
ENVX,FULL,0,Nasdaq\Stock
ENX,FULL,0,Nasdaq\Stock
ENZ,FULL,0,Nasdaq\Stock
EOD,FULL,0,Nasdaq\Stock
EOG,FULL,0,Nasdaq\Stock
EOI,FULL,0,Nasdaq\Stock
EOLS,FULL,0,Nasdaq\Stock
EOS,FULL,0,Nasdaq\Stock
EOSE,FULL,0,Nasdaq\Stock
EOT,FULL,0,Nasdaq\Stock
EP,FULL,0,Nasdaq\Stock
EPAC,FULL,0,Nasdaq\Stock
EPAM,FULL,0,Nasdaq\Stock
EPC,FULL,0,Nasdaq\Stock
EPIX,FULL,0,Nasdaq\Stock
EPM,FULL,0,Nasdaq\Stock
EPOW,FULL,0,Nasdaq\Stock
EPR,FULL,0,Nasdaq\Stock
EPR-PC,FULL,0,Nasdaq\Stock
EPR-PE,FULL,0,Nasdaq\Stock
EPR-PG,FULL,0,Nasdaq\Stock
EPRT,FULL,0,Nasdaq\Stock
EPRX,FULL,0,Nasdaq\Stock
EPSN,FULL,0,Nasdaq\Stock
EQ,FULL,0,Nasdaq\Stock
EQBK,FULL,0,Nasdaq\Stock
EQC,FULL,0,Nasdaq\Stock
EQC-PD,FULL,0,Nasdaq\Stock
EQH,FULL,0,Nasdaq\Stock
EQH-PA,FULL,0,Nasdaq\Stock
EQH-PC,FULL,0,Nasdaq\Stock
EQIX,FULL,0,Nasdaq\Stock
EQNR,FULL,0,Nasdaq\Stock
EQR,FULL,0,Nasdaq\Stock
EQS,FULL,0,Nasdaq\Stock
EQT,FULL,0,Nasdaq\Stock
EQX,FULL,0,Nasdaq\Stock
ERAS,FULL,0,Nasdaq\Stock
ERC,FULL,0,Nasdaq\Stock
ERH,FULL,0,Nasdaq\Stock
ERIC,FULL,0,Nasdaq\Stock
ERIE,FULL,0,Nasdaq\Stock
ERII,FULL,0,Nasdaq\Stock
ERJ,FULL,0,Nasdaq\Stock
ERNA,FULL,0,Nasdaq\Stock
ERO,FULL,0,Nasdaq\Stock
ES,FULL,0,Nasdaq\Stock
ESAB,FULL,0,Nasdaq\Stock
ESCA,FULL,0,Nasdaq\Stock
ESE,FULL,0,Nasdaq\Stock
ESEA,FULL,0,Nasdaq\Stock
ESGL,FULL,0,Nasdaq\Stock
ESGR,FULL,0,Nasdaq\Stock
ESGRO,FULL,0,Nasdaq\Stock
ESGRP,FULL,0,Nasdaq\Stock
ESHA,FULL,0,Nasdaq\Stock
ESI,FULL,0,Nasdaq\Stock
ESLA,FULL,0,Nasdaq\Stock
ESLT,FULL,0,Nasdaq\Stock
ESNT,FULL,0,Nasdaq\Stock
ESOA,FULL,0,Nasdaq\Stock
ESP,FULL,0,Nasdaq\Stock
ESPR,FULL,0,Nasdaq\Stock
ESQ,FULL,0,Nasdaq\Stock
ESRT,FULL,0,Nasdaq\Stock
ESS,FULL,0,Nasdaq\Stock
ESSA,FULL,0,Nasdaq\Stock
ESTA,FULL,0,Nasdaq\Stock
ESTC,FULL,0,Nasdaq\Stock
ET-PI,FULL,0,Nasdaq\Stock
ETB,FULL,0,Nasdaq\Stock
ETD,FULL,0,Nasdaq\Stock
ETG,FULL,0,Nasdaq\Stock
ETI-P,FULL,0,Nasdaq\Stock
ETJ,FULL,0,Nasdaq\Stock
ETN,FULL,0,Nasdaq\Stock
ETNB,FULL,0,Nasdaq\Stock
ETO,FULL,0,Nasdaq\Stock
ETON,FULL,0,Nasdaq\Stock
ETR,FULL,0,Nasdaq\Stock
ETSY,FULL,0,Nasdaq\Stock
ETV,FULL,0,Nasdaq\Stock
ETW,FULL,0,Nasdaq\Stock
ETWO,FULL,0,Nasdaq\Stock
ETX,FULL,0,Nasdaq\Stock
ETY,FULL,0,Nasdaq\Stock
EU,FULL,0,Nasdaq\Stock
EUDA,FULL,0,Nasdaq\Stock
EVA,FULL,0,Nasdaq\Stock
EVAX,FULL,0,Nasdaq\Stock
EVBN,FULL,0,Nasdaq\Stock
EVC,FULL,0,Nasdaq\Stock
EVCM,FULL,0,Nasdaq\Stock
EVE,FULL,0,Nasdaq\Stock
EVER,FULL,0,Nasdaq\Stock
EVEX,FULL,0,Nasdaq\Stock
EVF,FULL,0,Nasdaq\Stock
EVG,FULL,0,Nasdaq\Stock
EVGN,FULL,0,Nasdaq\Stock
EVGO,FULL,0,Nasdaq\Stock
EVGR,FULL,0,Nasdaq\Stock
EVH,FULL,0,Nasdaq\Stock
EVI,FULL,0,Nasdaq\Stock
EVLV,FULL,0,Nasdaq\Stock
EVM,FULL,0,Nasdaq\Stock
EVN,FULL,0,Nasdaq\Stock
EVO,FULL,0,Nasdaq\Stock
EVOK,FULL,0,Nasdaq\Stock
EVR,FULL,0,Nasdaq\Stock
EVRG,FULL,0,Nasdaq\Stock
EVRI,FULL,0,Nasdaq\Stock
EVT,FULL,0,Nasdaq\Stock
EVTC,FULL,0,Nasdaq\Stock
EVTL,FULL,0,Nasdaq\Stock
EVTV,FULL,0,Nasdaq\Stock
EVV,FULL,0,Nasdaq\Stock
EW,FULL,0,Nasdaq\Stock
EWBC,FULL,0,Nasdaq\Stock
EWCZ,FULL,0,Nasdaq\Stock
EWTX,FULL,0,Nasdaq\Stock
EXAI,FULL,0,Nasdaq\Stock
EXAS,FULL,0,Nasdaq\Stock
EXC,FULL,0,Nasdaq\Stock
EXEL,FULL,0,Nasdaq\Stock
EXFY,FULL,0,Nasdaq\Stock
EXG,FULL,0,Nasdaq\Stock
EXK,FULL,0,Nasdaq\Stock
EXLS,FULL,0,Nasdaq\Stock
EXP,FULL,0,Nasdaq\Stock
EXPD,FULL,0,Nasdaq\Stock
EXPE,FULL,0,Nasdaq\Stock
EXPI,FULL,0,Nasdaq\Stock
EXPO,FULL,0,Nasdaq\Stock
EXR,FULL,0,Nasdaq\Stock
EXTO,FULL,0,Nasdaq\Stock
EXTR,FULL,0,Nasdaq\Stock
EYE,FULL,0,Nasdaq\Stock
EYEN,FULL,0,Nasdaq\Stock
EYPT,FULL,0,Nasdaq\Stock
EZFL,FULL,0,Nasdaq\Stock
EZGO,FULL,0,Nasdaq\Stock
EZPW,FULL,0,Nasdaq\Stock
F,FULL,0,Nasdaq\Stock
FA,FULL,0,Nasdaq\Stock
FAAS,FULL,0,Nasdaq\Stock
FAF,FULL,0,Nasdaq\Stock
FAM,FULL,0,Nasdaq\Stock
FAMI,FULL,0,Nasdaq\Stock
FANG,FULL,0,Nasdaq\Stock
FANH,FULL,0,Nasdaq\Stock
FARM,FULL,0,Nasdaq\Stock
FARO,FULL,0,Nasdaq\Stock
FAST,FULL,0,Nasdaq\Stock
FAT,FULL,0,Nasdaq\Stock
FATBB,FULL,0,Nasdaq\Stock
FATBP,FULL,0,Nasdaq\Stock
FATE,FULL,0,Nasdaq\Stock
FAX,FULL,0,Nasdaq\Stock
FBIN,FULL,0,Nasdaq\Stock
FBIO,FULL,0,Nasdaq\Stock
FBIOP,FULL,0,Nasdaq\Stock
FBIZ,FULL,0,Nasdaq\Stock
FBK,FULL,0,Nasdaq\Stock
FBLG,FULL,0,Nasdaq\Stock
FBMS,FULL,0,Nasdaq\Stock
FBNC,FULL,0,Nasdaq\Stock
FBP,FULL,0,Nasdaq\Stock
FBRT,FULL,0,Nasdaq\Stock
FBRT-PE,FULL,0,Nasdaq\Stock
FBRX,FULL,0,Nasdaq\Stock
FBYD,FULL,0,Nasdaq\Stock
FC,FULL,0,Nasdaq\Stock
FCAP,FULL,0,Nasdaq\Stock
FCBC,FULL,0,Nasdaq\Stock
FCCO,FULL,0,Nasdaq\Stock
FCEL,FULL,0,Nasdaq\Stock
FCF,FULL,0,Nasdaq\Stock
FCFS,FULL,0,Nasdaq\Stock
FCN,FULL,0,Nasdaq\Stock
FCNCA,FULL,0,Nasdaq\Stock
FCNCO,FULL,0,Nasdaq\Stock
FCNCP,FULL,0,Nasdaq\Stock
FCO,FULL,0,Nasdaq\Stock
FCPT,FULL,0,Nasdaq\Stock
FCT,FULL,0,Nasdaq\Stock
FCUV,FULL,0,Nasdaq\Stock
FCX,FULL,0,Nasdaq\Stock
FDBC,FULL,0,Nasdaq\Stock
FDMT,FULL,0,Nasdaq\Stock
FDP,FULL,0,Nasdaq\Stock
FDS,FULL,0,Nasdaq\Stock
FDSB,FULL,0,Nasdaq\Stock
FDUS,FULL,0,Nasdaq\Stock
FDX,FULL,0,Nasdaq\Stock
FE,FULL,0,Nasdaq\Stock
FEAM,FULL,0,Nasdaq\Stock
FEBO,FULL,0,Nasdaq\Stock
FEDU,FULL,0,Nasdaq\Stock
FEIM,FULL,0,Nasdaq\Stock
FELE,FULL,0,Nasdaq\Stock
FEMY,FULL,0,Nasdaq\Stock
FENC,FULL,0,Nasdaq\Stock
FENG,FULL,0,Nasdaq\Stock
FER,FULL,0,Nasdaq\Stock
FERG,FULL,0,Nasdaq\Stock
FET,FULL,0,Nasdaq\Stock
FEXD,FULL,0,Nasdaq\Stock
FEXDR,FULL,0,Nasdaq\Stock
FEXDU,FULL,0,Nasdaq\Stock
FEXDW,FULL,0,Nasdaq\Stock
FF,FULL,0,Nasdaq\Stock
FFA,FULL,0,Nasdaq\Stock
FFBC,FULL,0,Nasdaq\Stock
FFC,FULL,0,Nasdaq\Stock
FFIC,FULL,0,Nasdaq\Stock
FFIE,FULL,0,Nasdaq\Stock
FFIN,FULL,0,Nasdaq\Stock
FFIV,FULL,0,Nasdaq\Stock
FFNW,FULL,0,Nasdaq\Stock
FFWM,FULL,0,Nasdaq\Stock
FG,FULL,0,Nasdaq\Stock
FGB,FULL,0,Nasdaq\Stock
FGBI,FULL,0,Nasdaq\Stock
FGBIP,FULL,0,Nasdaq\Stock
FGEN,FULL,0,Nasdaq\Stock
FGF,FULL,0,Nasdaq\Stock
FGFPP,FULL,0,Nasdaq\Stock
FGI,FULL,0,Nasdaq\Stock
FHB,FULL,0,Nasdaq\Stock
FHI,FULL,0,Nasdaq\Stock
FHN,FULL,0,Nasdaq\Stock
FHN-PB,FULL,0,Nasdaq\Stock
FHN-PC,FULL,0,Nasdaq\Stock
FHN-PE,FULL,0,Nasdaq\Stock
FHN-PF,FULL,0,Nasdaq\Stock
FHTX,FULL,0,Nasdaq\Stock
FI,FULL,0,Nasdaq\Stock
FIAC,FULL,0,Nasdaq\Stock
FIBK,FULL,0,Nasdaq\Stock
FICO,FULL,0,Nasdaq\Stock
FIGS,FULL,0,Nasdaq\Stock
FIHL,FULL,0,Nasdaq\Stock
FINS,FULL,0,Nasdaq\Stock
FINV,FULL,0,Nasdaq\Stock
FINW,FULL,0,Nasdaq\Stock
FIP,FULL,0,Nasdaq\Stock
FIS,FULL,0,Nasdaq\Stock
FISI,FULL,0,Nasdaq\Stock
FITB,FULL,0,Nasdaq\Stock
FITBI,FULL,0,Nasdaq\Stock
FITBO,FULL,0,Nasdaq\Stock
FITBP,FULL,0,Nasdaq\Stock
FIVE,FULL,0,Nasdaq\Stock
FIVN,FULL,0,Nasdaq\Stock
FIX,FULL,0,Nasdaq\Stock
FIZZ,FULL,0,Nasdaq\Stock
FKWL,FULL,0,Nasdaq\Stock
FL,FULL,0,Nasdaq\Stock
FLC,FULL,0,Nasdaq\Stock
FLD,FULL,0,Nasdaq\Stock
FLEX,FULL,0,Nasdaq\Stock
FLGC,FULL,0,Nasdaq\Stock
FLGT,FULL,0,Nasdaq\Stock
FLIC,FULL,0,Nasdaq\Stock
FLL,FULL,0,Nasdaq\Stock
FLNC,FULL,0,Nasdaq\Stock
FLNG,FULL,0,Nasdaq\Stock
FLNT,FULL,0,Nasdaq\Stock
FLO,FULL,0,Nasdaq\Stock
FLR,FULL,0,Nasdaq\Stock
FLS,FULL,0,Nasdaq\Stock
FLUT,FULL,0,Nasdaq\Stock
FLUX,FULL,0,Nasdaq\Stock
FLWS,FULL,0,Nasdaq\Stock
FLXS,FULL,0,Nasdaq\Stock
FLYE,FULL,0,Nasdaq\Stock
FLYW,FULL,0,Nasdaq\Stock
FLYX,FULL,0,Nasdaq\Stock
FMAO,FULL,0,Nasdaq\Stock
FMBH,FULL,0,Nasdaq\Stock
FMC,FULL,0,Nasdaq\Stock
FMN,FULL,0,Nasdaq\Stock
FMNB,FULL,0,Nasdaq\Stock
FMS,FULL,0,Nasdaq\Stock
FMST,FULL,0,Nasdaq\Stock
FMX,FULL,0,Nasdaq\Stock
FMY,FULL,0,Nasdaq\Stock
FN,FULL,0,Nasdaq\Stock
FNA,FULL,0,Nasdaq\Stock
FNB,FULL,0,Nasdaq\Stock
FND,FULL,0,Nasdaq\Stock
FNF,FULL,0,Nasdaq\Stock
FNGR,FULL,0,Nasdaq\Stock
FNKO,FULL,0,Nasdaq\Stock
FNLC,FULL,0,Nasdaq\Stock
FNV,FULL,0,Nasdaq\Stock
FNVT,FULL,0,Nasdaq\Stock
FNWB,FULL,0,Nasdaq\Stock
FNWD,FULL,0,Nasdaq\Stock
FOA,FULL,0,Nasdaq\Stock
FOF,FULL,0,Nasdaq\Stock
FOLD,FULL,0,Nasdaq\Stock
FONR,FULL,0,Nasdaq\Stock
FOR,FULL,0,Nasdaq\Stock
FORA,FULL,0,Nasdaq\Stock
FORD,FULL,0,Nasdaq\Stock
FORL,FULL,0,Nasdaq\Stock
FORM,FULL,0,Nasdaq\Stock
FORR,FULL,0,Nasdaq\Stock
FORTY,FULL,0,Nasdaq\Stock
FOSL,FULL,0,Nasdaq\Stock
FOUR,FULL,0,Nasdaq\Stock
FOX,FULL,0,Nasdaq\Stock
FOXA,FULL,0,Nasdaq\Stock
FOXF,FULL,0,Nasdaq\Stock
FOXO,FULL,0,Nasdaq\Stock
FPAY,FULL,0,Nasdaq\Stock
FPF,FULL,0,Nasdaq\Stock
FPH,FULL,0,Nasdaq\Stock
FPI,FULL,0,Nasdaq\Stock
FR,FULL,0,Nasdaq\Stock
FRA,FULL,0,Nasdaq\Stock
FRAF,FULL,0,Nasdaq\Stock
FRBA,FULL,0,Nasdaq\Stock
FRD,FULL,0,Nasdaq\Stock
FRES,FULL,0,Nasdaq\Stock
FREY,FULL,0,Nasdaq\Stock
FRGE,FULL,0,Nasdaq\Stock
FRGT,FULL,0,Nasdaq\Stock
FRHC,FULL,0,Nasdaq\Stock
FRLA,FULL,0,Nasdaq\Stock
FRME,FULL,0,Nasdaq\Stock
FRMEP,FULL,0,Nasdaq\Stock
FRO,FULL,0,Nasdaq\Stock
FROG,FULL,0,Nasdaq\Stock
FRPH,FULL,0,Nasdaq\Stock
FRPT,FULL,0,Nasdaq\Stock
FRSH,FULL,0,Nasdaq\Stock
FRST,FULL,0,Nasdaq\Stock
FRSX,FULL,0,Nasdaq\Stock
FRT,FULL,0,Nasdaq\Stock
FRT-PC,FULL,0,Nasdaq\Stock
FRZA,FULL,0,Nasdaq\Stock
FSBC,FULL,0,Nasdaq\Stock
FSBW,FULL,0,Nasdaq\Stock
FSCO,FULL,0,Nasdaq\Stock
FSEA,FULL,0,Nasdaq\Stock
FSFG,FULL,0,Nasdaq\Stock
FSHP,FULL,0,Nasdaq\Stock
FSI,FULL,0,Nasdaq\Stock
FSK,FULL,0,Nasdaq\Stock
FSLR,FULL,0,Nasdaq\Stock
FSLY,FULL,0,Nasdaq\Stock
FSM,FULL,0,Nasdaq\Stock
FSP,FULL,0,Nasdaq\Stock
FSS,FULL,0,Nasdaq\Stock
FSTR,FULL,0,Nasdaq\Stock
FSUN,FULL,0,Nasdaq\Stock
FSV,FULL,0,Nasdaq\Stock
FT,FULL,0,Nasdaq\Stock
FTAI,FULL,0,Nasdaq\Stock
FTAIM,FULL,0,Nasdaq\Stock
FTAIN,FULL,0,Nasdaq\Stock
FTAIO,FULL,0,Nasdaq\Stock
FTAIP,FULL,0,Nasdaq\Stock
FTCI,FULL,0,Nasdaq\Stock
FTDR,FULL,0,Nasdaq\Stock
FTEK,FULL,0,Nasdaq\Stock
FTEL,FULL,0,Nasdaq\Stock
FTF,FULL,0,Nasdaq\Stock
FTFT,FULL,0,Nasdaq\Stock
FTHM,FULL,0,Nasdaq\Stock
FTHY,FULL,0,Nasdaq\Stock
FTI,FULL,0,Nasdaq\Stock
FTII,FULL,0,Nasdaq\Stock
FTK,FULL,0,Nasdaq\Stock
FTLF,FULL,0,Nasdaq\Stock
FTNT,FULL,0,Nasdaq\Stock
FTRE,FULL,0,Nasdaq\Stock
FTS,FULL,0,Nasdaq\Stock
FTV,FULL,0,Nasdaq\Stock
FUBO,FULL,0,Nasdaq\Stock
FUFU,FULL,0,Nasdaq\Stock
FUL,FULL,0,Nasdaq\Stock
FULC,FULL,0,Nasdaq\Stock
FULT,FULL,0,Nasdaq\Stock
FULTP,FULL,0,Nasdaq\Stock
FUN,FULL,0,Nasdaq\Stock
FUNC,FULL,0,Nasdaq\Stock
FUND,FULL,0,Nasdaq\Stock
FURY,FULL,0,Nasdaq\Stock
FUSB,FULL,0,Nasdaq\Stock
FUTU,FULL,0,Nasdaq\Stock
FVCB,FULL,0,Nasdaq\Stock
FVRR,FULL,0,Nasdaq\Stock
FWONA,FULL,0,Nasdaq\Stock
FWONK,FULL,0,Nasdaq\Stock
FWRD,FULL,0,Nasdaq\Stock
FWRG,FULL,0,Nasdaq\Stock
FXNC,FULL,0,Nasdaq\Stock
FYBR,FULL,0,Nasdaq\Stock
G,FULL,0,Nasdaq\Stock
GAB,FULL,0,Nasdaq\Stock
GAB-PG,FULL,0,Nasdaq\Stock
GAB-PH,FULL,0,Nasdaq\Stock
GAB-PK,FULL,0,Nasdaq\Stock
GABC,FULL,0,Nasdaq\Stock
GAIA,FULL,0,Nasdaq\Stock
GAIN,FULL,0,Nasdaq\Stock
GALT,FULL,0,Nasdaq\Stock
GAM,FULL,0,Nasdaq\Stock
GAM-PB,FULL,0,Nasdaq\Stock
GAMB,FULL,0,Nasdaq\Stock
GAME,FULL,0,Nasdaq\Stock
GAN,FULL,0,Nasdaq\Stock
GANX,FULL,0,Nasdaq\Stock
GAP,FULL,0,Nasdaq\Stock
GAQ,FULL,0,Nasdaq\Stock
GASS,FULL,0,Nasdaq\Stock
GATE,FULL,0,Nasdaq\Stock
GATO,FULL,0,Nasdaq\Stock
GATX,FULL,0,Nasdaq\Stock
GAU,FULL,0,Nasdaq\Stock
GAUZ,FULL,0,Nasdaq\Stock
GB,FULL,0,Nasdaq\Stock
GBAB,FULL,0,Nasdaq\Stock
GBBK,FULL,0,Nasdaq\Stock
GBCI,FULL,0,Nasdaq\Stock
GBDC,FULL,0,Nasdaq\Stock
GBIO,FULL,0,Nasdaq\Stock
GBLI,FULL,0,Nasdaq\Stock
GBNY,FULL,0,Nasdaq\Stock
GBR,FULL,0,Nasdaq\Stock
GBTG,FULL,0,Nasdaq\Stock
GBX,FULL,0,Nasdaq\Stock
GCBC,FULL,0,Nasdaq\Stock
GCI,FULL,0,Nasdaq\Stock
GCMG,FULL,0,Nasdaq\Stock
GCO,FULL,0,Nasdaq\Stock
GCT,FULL,0,Nasdaq\Stock
GCTK,FULL,0,Nasdaq\Stock
GCTS,FULL,0,Nasdaq\Stock
GCV,FULL,0,Nasdaq\Stock
GD,FULL,0,Nasdaq\Stock
GDC,FULL,0,Nasdaq\Stock
GDDY,FULL,0,Nasdaq\Stock
GDEN,FULL,0,Nasdaq\Stock
GDEV,FULL,0,Nasdaq\Stock
GDHG,FULL,0,Nasdaq\Stock
GDL,FULL,0,Nasdaq\Stock
GDL-PC,FULL,0,Nasdaq\Stock
GDO,FULL,0,Nasdaq\Stock
GDOT,FULL,0,Nasdaq\Stock
GDRX,FULL,0,Nasdaq\Stock
GDS,FULL,0,Nasdaq\Stock
GDST,FULL,0,Nasdaq\Stock
GDTC,FULL,0,Nasdaq\Stock
GDV,FULL,0,Nasdaq\Stock
GDV-PH,FULL,0,Nasdaq\Stock
GDV-PK,FULL,0,Nasdaq\Stock
GDYN,FULL,0,Nasdaq\Stock
GE,FULL,0,Nasdaq\Stock
GECC,FULL,0,Nasdaq\Stock
GEF,FULL,0,Nasdaq\Stock
GEF-B,FULL,0,Nasdaq\Stock
GEG,FULL,0,Nasdaq\Stock
GEHC,FULL,0,Nasdaq\Stock
GEN,FULL,0,Nasdaq\Stock
GENC,FULL,0,Nasdaq\Stock
GENE,FULL,0,Nasdaq\Stock
GENI,FULL,0,Nasdaq\Stock
GENK,FULL,0,Nasdaq\Stock
GEO,FULL,0,Nasdaq\Stock
GEOS,FULL,0,Nasdaq\Stock
GERN,FULL,0,Nasdaq\Stock
GES,FULL,0,Nasdaq\Stock
GETY,FULL,0,Nasdaq\Stock
GEV,FULL,0,Nasdaq\Stock
GEVO,FULL,0,Nasdaq\Stock
GF,FULL,0,Nasdaq\Stock
GFAI,FULL,0,Nasdaq\Stock
GFF,FULL,0,Nasdaq\Stock
GFI,FULL,0,Nasdaq\Stock
GFL,FULL,0,Nasdaq\Stock
GFR,FULL,0,Nasdaq\Stock
GFS,FULL,0,Nasdaq\Stock
GGAL,FULL,0,Nasdaq\Stock
GGB,FULL,0,Nasdaq\Stock
GGG,FULL,0,Nasdaq\Stock
GGN,FULL,0,Nasdaq\Stock
GGN-PB,FULL,0,Nasdaq\Stock
GGR,FULL,0,Nasdaq\Stock
GGT,FULL,0,Nasdaq\Stock
GGT-PE,FULL,0,Nasdaq\Stock
GGT-PG,FULL,0,Nasdaq\Stock
GGZ,FULL,0,Nasdaq\Stock
GH,FULL,0,Nasdaq\Stock
GHC,FULL,0,Nasdaq\Stock
GHG,FULL,0,Nasdaq\Stock
GHIX,FULL,0,Nasdaq\Stock
GHLD,FULL,0,Nasdaq\Stock
GHM,FULL,0,Nasdaq\Stock
GHRS,FULL,0,Nasdaq\Stock
GHSI,FULL,0,Nasdaq\Stock
GHY,FULL,0,Nasdaq\Stock
GIB,FULL,0,Nasdaq\Stock
GIC,FULL,0,Nasdaq\Stock
GIFI,FULL,0,Nasdaq\Stock
GIGM,FULL,0,Nasdaq\Stock
GIII,FULL,0,Nasdaq\Stock
GIL,FULL,0,Nasdaq\Stock
GILD,FULL,0,Nasdaq\Stock
GILT,FULL,0,Nasdaq\Stock
GIPR,FULL,0,Nasdaq\Stock
GIS,FULL,0,Nasdaq\Stock
GKOS,FULL,0,Nasdaq\Stock
GL,FULL,0,Nasdaq\Stock
GLAC,FULL,0,Nasdaq\Stock
GLAD,FULL,0,Nasdaq\Stock
GLBE,FULL,0,Nasdaq\Stock
GLBS,FULL,0,Nasdaq\Stock
GLBZ,FULL,0,Nasdaq\Stock
GLDD,FULL,0,Nasdaq\Stock
GLDG,FULL,0,Nasdaq\Stock
GLLI,FULL,0,Nasdaq\Stock
GLMD,FULL,0,Nasdaq\Stock
GLNG,FULL,0,Nasdaq\Stock
GLO,FULL,0,Nasdaq\Stock
GLOB,FULL,0,Nasdaq\Stock
GLOP-PA,FULL,0,Nasdaq\Stock
GLOP-PB,FULL,0,Nasdaq\Stock
GLOP-PC,FULL,0,Nasdaq\Stock
GLP-PB,FULL,0,Nasdaq\Stock
GLPG,FULL,0,Nasdaq\Stock
GLPI,FULL,0,Nasdaq\Stock
GLQ,FULL,0,Nasdaq\Stock
GLRE,FULL,0,Nasdaq\Stock
GLSI,FULL,0,Nasdaq\Stock
GLST,FULL,0,Nasdaq\Stock
GLT,FULL,0,Nasdaq\Stock
GLTO,FULL,0,Nasdaq\Stock
GLU,FULL,0,Nasdaq\Stock
GLU-PA,FULL,0,Nasdaq\Stock
GLU-PB,FULL,0,Nasdaq\Stock
GLUE,FULL,0,Nasdaq\Stock
GLV,FULL,0,Nasdaq\Stock
GLW,FULL,0,Nasdaq\Stock
GLYC,FULL,0,Nasdaq\Stock
GM,FULL,0,Nasdaq\Stock
GMAB,FULL,0,Nasdaq\Stock
GME,FULL,0,Nasdaq\Stock
GMED,FULL,0,Nasdaq\Stock
GMGI,FULL,0,Nasdaq\Stock
GMM,FULL,0,Nasdaq\Stock
GMRE,FULL,0,Nasdaq\Stock
GMRE-PA,FULL,0,Nasdaq\Stock
GMS,FULL,0,Nasdaq\Stock
GNE,FULL,0,Nasdaq\Stock
GNFT,FULL,0,Nasdaq\Stock
GNK,FULL,0,Nasdaq\Stock
GNL,FULL,0,Nasdaq\Stock
GNL-PA,FULL,0,Nasdaq\Stock
GNL-PB,FULL,0,Nasdaq\Stock
GNL-PD,FULL,0,Nasdaq\Stock
GNL-PE,FULL,0,Nasdaq\Stock
GNLN,FULL,0,Nasdaq\Stock
GNLX,FULL,0,Nasdaq\Stock
GNPX,FULL,0,Nasdaq\Stock
GNRC,FULL,0,Nasdaq\Stock
GNS,FULL,0,Nasdaq\Stock
GNSS,FULL,0,Nasdaq\Stock
GNT,FULL,0,Nasdaq\Stock
GNT-PA,FULL,0,Nasdaq\Stock
GNTA,FULL,0,Nasdaq\Stock
GNTX,FULL,0,Nasdaq\Stock
GNTY,FULL,0,Nasdaq\Stock
GNW,FULL,0,Nasdaq\Stock
GO,FULL,0,Nasdaq\Stock
GOCO,FULL,0,Nasdaq\Stock
GODN,FULL,0,Nasdaq\Stock
GOEV,FULL,0,Nasdaq\Stock
GOF,FULL,0,Nasdaq\Stock
GOGL,FULL,0,Nasdaq\Stock
GOGO,FULL,0,Nasdaq\Stock
GOLD,FULL,0,Nasdaq\Stock
GOLF,FULL,0,Nasdaq\Stock
GOOD,FULL,0,Nasdaq\Stock
GOODN,FULL,0,Nasdaq\Stock
GOODO,FULL,0,Nasdaq\Stock
GOOG,FULL,0,Nasdaq\Stock
GOOGL,FULL,0,Nasdaq\Stock
GOOS,FULL,0,Nasdaq\Stock
GORO,FULL,0,Nasdaq\Stock
GORV,FULL,0,Nasdaq\Stock
GOSS,FULL,0,Nasdaq\Stock
GOTU,FULL,0,Nasdaq\Stock
GOVX,FULL,0,Nasdaq\Stock
GP,FULL,0,Nasdaq\Stock
GPAT,FULL,0,Nasdaq\Stock
GPC,FULL,0,Nasdaq\Stock
GPCR,FULL,0,Nasdaq\Stock
GPI,FULL,0,Nasdaq\Stock
GPK,FULL,0,Nasdaq\Stock
GPMT,FULL,0,Nasdaq\Stock
GPMT-PA,FULL,0,Nasdaq\Stock
GPN,FULL,0,Nasdaq\Stock
GPOR,FULL,0,Nasdaq\Stock
GPRE,FULL,0,Nasdaq\Stock
GPRK,FULL,0,Nasdaq\Stock
GPRO,FULL,0,Nasdaq\Stock
GPS,FULL,0,Nasdaq\Stock
GRAB,FULL,0,Nasdaq\Stock
GRAF,FULL,0,Nasdaq\Stock
GRAL,FULL,0,Nasdaq\Stock
GRBK,FULL,0,Nasdaq\Stock
GRBK-PA,FULL,0,Nasdaq\Stock
GRC,FULL,0,Nasdaq\Stock
GRDI,FULL,0,Nasdaq\Stock
GREE,FULL,0,Nasdaq\Stock
GRF,FULL,0,Nasdaq\Stock
GRFS,FULL,0,Nasdaq\Stock
GRFX,FULL,0,Nasdaq\Stock
GRI,FULL,0,Nasdaq\Stock
GRMN,FULL,0,Nasdaq\Stock
GRND,FULL,0,Nasdaq\Stock
GRNQ,FULL,0,Nasdaq\Stock
GRNT,FULL,0,Nasdaq\Stock
GROV,FULL,0,Nasdaq\Stock
GROW,FULL,0,Nasdaq\Stock
GROY,FULL,0,Nasdaq\Stock
GRPN,FULL,0,Nasdaq\Stock
GRRR,FULL,0,Nasdaq\Stock
GRTS,FULL,0,Nasdaq\Stock
GRVY,FULL,0,Nasdaq\Stock
GRWG,FULL,0,Nasdaq\Stock
GRX,FULL,0,Nasdaq\Stock
GRYP,FULL,0,Nasdaq\Stock
GS,FULL,0,Nasdaq\Stock
GS-PA,FULL,0,Nasdaq\Stock
GS-PC,FULL,0,Nasdaq\Stock
GS-PD,FULL,0,Nasdaq\Stock
GSAT,FULL,0,Nasdaq\Stock
GSBC,FULL,0,Nasdaq\Stock
GSBD,FULL,0,Nasdaq\Stock
GSHD,FULL,0,Nasdaq\Stock
GSIT,FULL,0,Nasdaq\Stock
GSIW,FULL,0,Nasdaq\Stock
GSK,FULL,0,Nasdaq\Stock
GSL,FULL,0,Nasdaq\Stock
GSL-PB,FULL,0,Nasdaq\Stock
GSM,FULL,0,Nasdaq\Stock
GSUN,FULL,0,Nasdaq\Stock
GT,FULL,0,Nasdaq\Stock
GTAC,FULL,0,Nasdaq\Stock
GTBP,FULL,0,Nasdaq\Stock
GTE,FULL,0,Nasdaq\Stock
GTEC,FULL,0,Nasdaq\Stock
GTES,FULL,0,Nasdaq\Stock
GTHX,FULL,0,Nasdaq\Stock
GTI,FULL,0,Nasdaq\Stock
GTIM,FULL,0,Nasdaq\Stock
GTLB,FULL,0,Nasdaq\Stock
GTLS,FULL,0,Nasdaq\Stock
GTLS-PB,FULL,0,Nasdaq\Stock
GTN,FULL,0,Nasdaq\Stock
GTN-A,FULL,0,Nasdaq\Stock
GTX,FULL,0,Nasdaq\Stock
GTY,FULL,0,Nasdaq\Stock
GUG,FULL,0,Nasdaq\Stock
GURE,FULL,0,Nasdaq\Stock
GUT,FULL,0,Nasdaq\Stock
GUT-PC,FULL,0,Nasdaq\Stock
GUTS,FULL,0,Nasdaq\Stock
GV,FULL,0,Nasdaq\Stock
GVA,FULL,0,Nasdaq\Stock
GVH,FULL,0,Nasdaq\Stock
GVP,FULL,0,Nasdaq\Stock
GWAV,FULL,0,Nasdaq\Stock
GWH,FULL,0,Nasdaq\Stock
GWRE,FULL,0,Nasdaq\Stock
GWRS,FULL,0,Nasdaq\Stock
GWW,FULL,0,Nasdaq\Stock
GXAI,FULL,0,Nasdaq\Stock
GXO,FULL,0,Nasdaq\Stock
GYRE,FULL,0,Nasdaq\Stock
GYRO,FULL,0,Nasdaq\Stock
H,FULL,0,Nasdaq\Stock
HA,FULL,0,Nasdaq\Stock
HAE,FULL,0,Nasdaq\Stock
HAFC,FULL,0,Nasdaq\Stock
HAFN,FULL,0,Nasdaq\Stock
HAIA,FULL,0,Nasdaq\Stock
HAIN,FULL,0,Nasdaq\Stock
HAL,FULL,0,Nasdaq\Stock
HALO,FULL,0,Nasdaq\Stock
HAO,FULL,0,Nasdaq\Stock
HAS,FULL,0,Nasdaq\Stock
HASI,FULL,0,Nasdaq\Stock
HAYN,FULL,0,Nasdaq\Stock
HAYW,FULL,0,Nasdaq\Stock
HBAN,FULL,0,Nasdaq\Stock
HBANL,FULL,0,Nasdaq\Stock
HBANM,FULL,0,Nasdaq\Stock
HBANP,FULL,0,Nasdaq\Stock
HBB,FULL,0,Nasdaq\Stock
HBCP,FULL,0,Nasdaq\Stock
HBI,FULL,0,Nasdaq\Stock
HBIO,FULL,0,Nasdaq\Stock
HBM,FULL,0,Nasdaq\Stock
HBNC,FULL,0,Nasdaq\Stock
HBT,FULL,0,Nasdaq\Stock
HCA,FULL,0,Nasdaq\Stock
HCAT,FULL,0,Nasdaq\Stock
HCC,FULL,0,Nasdaq\Stock
HCI,FULL,0,Nasdaq\Stock
HCKT,FULL,0,Nasdaq\Stock
HCM,FULL,0,Nasdaq\Stock
HCP,FULL,0,Nasdaq\Stock
HCSG,FULL,0,Nasdaq\Stock
HCTI,FULL,0,Nasdaq\Stock
HCVI,FULL,0,Nasdaq\Stock
HCWB,FULL,0,Nasdaq\Stock
HD,FULL,0,Nasdaq\Stock
HDB,FULL,0,Nasdaq\Stock
HDL,FULL,0,Nasdaq\Stock
HDSN,FULL,0,Nasdaq\Stock
HE,FULL,0,Nasdaq\Stock
HEAR,FULL,0,Nasdaq\Stock
HEES,FULL,0,Nasdaq\Stock
HEI,FULL,0,Nasdaq\Stock
HEI-A,FULL,0,Nasdaq\Stock
HELE,FULL,0,Nasdaq\Stock
HEPA,FULL,0,Nasdaq\Stock
HEPS,FULL,0,Nasdaq\Stock
HEQ,FULL,0,Nasdaq\Stock
HES,FULL,0,Nasdaq\Stock
HESM,FULL,0,Nasdaq\Stock
HFBL,FULL,0,Nasdaq\Stock
HFFG,FULL,0,Nasdaq\Stock
HFRO,FULL,0,Nasdaq\Stock
HFRO-PA,FULL,0,Nasdaq\Stock
HFWA,FULL,0,Nasdaq\Stock
HG,FULL,0,Nasdaq\Stock
HGBL,FULL,0,Nasdaq\Stock
HGLB,FULL,0,Nasdaq\Stock
HGTY,FULL,0,Nasdaq\Stock
HGV,FULL,0,Nasdaq\Stock
HHGC,FULL,0,Nasdaq\Stock
HHH,FULL,0,Nasdaq\Stock
HHS,FULL,0,Nasdaq\Stock
HI,FULL,0,Nasdaq\Stock
HIE,FULL,0,Nasdaq\Stock
HIFS,FULL,0,Nasdaq\Stock
HIG,FULL,0,Nasdaq\Stock
HIG-PG,FULL,0,Nasdaq\Stock
HIHO,FULL,0,Nasdaq\Stock
HII,FULL,0,Nasdaq\Stock
HIMS,FULL,0,Nasdaq\Stock
HIMX,FULL,0,Nasdaq\Stock
HIO,FULL,0,Nasdaq\Stock
HIPO,FULL,0,Nasdaq\Stock
HITI,FULL,0,Nasdaq\Stock
HIVE,FULL,0,Nasdaq\Stock
HIW,FULL,0,Nasdaq\Stock
HIX,FULL,0,Nasdaq\Stock
HKD,FULL,0,Nasdaq\Stock
HKIT,FULL,0,Nasdaq\Stock
HL,FULL,0,Nasdaq\Stock
HL-PB,FULL,0,Nasdaq\Stock
HLF,FULL,0,Nasdaq\Stock
HLI,FULL,0,Nasdaq\Stock
HLIO,FULL,0,Nasdaq\Stock
HLIT,FULL,0,Nasdaq\Stock
HLLY,FULL,0,Nasdaq\Stock
HLMN,FULL,0,Nasdaq\Stock
HLN,FULL,0,Nasdaq\Stock
HLNE,FULL,0,Nasdaq\Stock
HLP,FULL,0,Nasdaq\Stock
HLT,FULL,0,Nasdaq\Stock
HLVX,FULL,0,Nasdaq\Stock
HLX,FULL,0,Nasdaq\Stock
HLXB,FULL,0,Nasdaq\Stock
HMC,FULL,0,Nasdaq\Stock
HMN,FULL,0,Nasdaq\Stock
HMNF,FULL,0,Nasdaq\Stock
HMST,FULL,0,Nasdaq\Stock
HMY,FULL,0,Nasdaq\Stock
HNI,FULL,0,Nasdaq\Stock
HNNA,FULL,0,Nasdaq\Stock
HNRA,FULL,0,Nasdaq\Stock
HNRG,FULL,0,Nasdaq\Stock
HNST,FULL,0,Nasdaq\Stock
HNVR,FULL,0,Nasdaq\Stock
HNW,FULL,0,Nasdaq\Stock
HOFT,FULL,0,Nasdaq\Stock
HOFV,FULL,0,Nasdaq\Stock
HOG,FULL,0,Nasdaq\Stock
HOLO,FULL,0,Nasdaq\Stock
HOLX,FULL,0,Nasdaq\Stock
HOMB,FULL,0,Nasdaq\Stock
HON,FULL,0,Nasdaq\Stock
HONE,FULL,0,Nasdaq\Stock
HOOD,FULL,0,Nasdaq\Stock
HOOK,FULL,0,Nasdaq\Stock
HOPE,FULL,0,Nasdaq\Stock
HOTH,FULL,0,Nasdaq\Stock
HOUR,FULL,0,Nasdaq\Stock
HOUS,FULL,0,Nasdaq\Stock
HOV,FULL,0,Nasdaq\Stock
HOVNP,FULL,0,Nasdaq\Stock
HOVR,FULL,0,Nasdaq\Stock
HOWL,FULL,0,Nasdaq\Stock
HP,FULL,0,Nasdaq\Stock
HPAI,FULL,0,Nasdaq\Stock
HPCO,FULL,0,Nasdaq\Stock
HPE,FULL,0,Nasdaq\Stock
HPF,FULL,0,Nasdaq\Stock
HPH,FULL,0,Nasdaq\Stock
HPI,FULL,0,Nasdaq\Stock
HPK,FULL,0,Nasdaq\Stock
HPP,FULL,0,Nasdaq\Stock
HPP-PC,FULL,0,Nasdaq\Stock
HPQ,FULL,0,Nasdaq\Stock
HPS,FULL,0,Nasdaq\Stock
HQH,FULL,0,Nasdaq\Stock
HQI,FULL,0,Nasdaq\Stock
HQL,FULL,0,Nasdaq\Stock
HQY,FULL,0,Nasdaq\Stock
HR,FULL,0,Nasdaq\Stock
HRB,FULL,0,Nasdaq\Stock
HRI,FULL,0,Nasdaq\Stock
HRL,FULL,0,Nasdaq\Stock
HRMY,FULL,0,Nasdaq\Stock
HROW,FULL,0,Nasdaq\Stock
HRTG,FULL,0,Nasdaq\Stock
HRTX,FULL,0,Nasdaq\Stock
HRYU,FULL,0,Nasdaq\Stock
HRZN,FULL,0,Nasdaq\Stock
HSAI,FULL,0,Nasdaq\Stock
HSBC,FULL,0,Nasdaq\Stock
HSCS,FULL,0,Nasdaq\Stock
HSDT,FULL,0,Nasdaq\Stock
HSHP,FULL,0,Nasdaq\Stock
HSIC,FULL,0,Nasdaq\Stock
HSII,FULL,0,Nasdaq\Stock
HSON,FULL,0,Nasdaq\Stock
HSPO,FULL,0,Nasdaq\Stock
HST,FULL,0,Nasdaq\Stock
HSTM,FULL,0,Nasdaq\Stock
HSY,FULL,0,Nasdaq\Stock
HTBI,FULL,0,Nasdaq\Stock
HTBK,FULL,0,Nasdaq\Stock
HTCR,FULL,0,Nasdaq\Stock
HTD,FULL,0,Nasdaq\Stock
HTGC,FULL,0,Nasdaq\Stock
HTH,FULL,0,Nasdaq\Stock
HTHT,FULL,0,Nasdaq\Stock
HTIA,FULL,0,Nasdaq\Stock
HTIBP,FULL,0,Nasdaq\Stock
HTLD,FULL,0,Nasdaq\Stock
HTLF,FULL,0,Nasdaq\Stock
HTLFP,FULL,0,Nasdaq\Stock
HTOO,FULL,0,Nasdaq\Stock
HTZ,FULL,0,Nasdaq\Stock
HUBB,FULL,0,Nasdaq\Stock
HUBC,FULL,0,Nasdaq\Stock
HUBG,FULL,0,Nasdaq\Stock
HUBS,FULL,0,Nasdaq\Stock
HUDA,FULL,0,Nasdaq\Stock
HUDI,FULL,0,Nasdaq\Stock
HUIZ,FULL,0,Nasdaq\Stock
HUM,FULL,0,Nasdaq\Stock
HUMA,FULL,0,Nasdaq\Stock
HUN,FULL,0,Nasdaq\Stock
HURC,FULL,0,Nasdaq\Stock
HURN,FULL,0,Nasdaq\Stock
HUSA,FULL,0,Nasdaq\Stock
HUT,FULL,0,Nasdaq\Stock
HUYA,FULL,0,Nasdaq\Stock
HVT,FULL,0,Nasdaq\Stock
HVT-A,FULL,0,Nasdaq\Stock
HWBK,FULL,0,Nasdaq\Stock
HWC,FULL,0,Nasdaq\Stock
HWH,FULL,0,Nasdaq\Stock
HWKN,FULL,0,Nasdaq\Stock
HWM,FULL,0,Nasdaq\Stock
HWM-P,FULL,0,Nasdaq\Stock
HXL,FULL,0,Nasdaq\Stock
HY,FULL,0,Nasdaq\Stock
HYAC,FULL,0,Nasdaq\Stock
HYB,FULL,0,Nasdaq\Stock
HYFM,FULL,0,Nasdaq\Stock
HYI,FULL,0,Nasdaq\Stock
HYLN,FULL,0,Nasdaq\Stock
HYMC,FULL,0,Nasdaq\Stock
HYPR,FULL,0,Nasdaq\Stock
HYT,FULL,0,Nasdaq\Stock
HYZN,FULL,0,Nasdaq\Stock
HZO,FULL,0,Nasdaq\Stock
IAC,FULL,0,Nasdaq\Stock
IAE,FULL,0,Nasdaq\Stock
IAF,FULL,0,Nasdaq\Stock
IAG,FULL,0,Nasdaq\Stock
IART,FULL,0,Nasdaq\Stock
IAS,FULL,0,Nasdaq\Stock
IAUX,FULL,0,Nasdaq\Stock
IBAC,FULL,0,Nasdaq\Stock
IBCP,FULL,0,Nasdaq\Stock
IBEX,FULL,0,Nasdaq\Stock
IBIO,FULL,0,Nasdaq\Stock
IBKR,FULL,0,Nasdaq\Stock
IBM,FULL,0,Nasdaq\Stock
IBN,FULL,0,Nasdaq\Stock
IBOC,FULL,0,Nasdaq\Stock
IBP,FULL,0,Nasdaq\Stock
IBRX,FULL,0,Nasdaq\Stock
IBTA,FULL,0,Nasdaq\Stock
IBTX,FULL,0,Nasdaq\Stock
ICAD,FULL,0,Nasdaq\Stock
ICCC,FULL,0,Nasdaq\Stock
ICCH,FULL,0,Nasdaq\Stock
ICCM,FULL,0,Nasdaq\Stock
ICCT,FULL,0,Nasdaq\Stock
ICD,FULL,0,Nasdaq\Stock
ICE,FULL,0,Nasdaq\Stock
ICFI,FULL,0,Nasdaq\Stock
ICG,FULL,0,Nasdaq\Stock
ICHR,FULL,0,Nasdaq\Stock
ICL,FULL,0,Nasdaq\Stock
ICLK,FULL,0,Nasdaq\Stock
ICLR,FULL,0,Nasdaq\Stock
ICMB,FULL,0,Nasdaq\Stock
ICON,FULL,0,Nasdaq\Stock
ICR-PA,FULL,0,Nasdaq\Stock
ICU,FULL,0,Nasdaq\Stock
ICUI,FULL,0,Nasdaq\Stock
IDA,FULL,0,Nasdaq\Stock
IDAI,FULL,0,Nasdaq\Stock
IDCC,FULL,0,Nasdaq\Stock
IDE,FULL,0,Nasdaq\Stock
IDN,FULL,0,Nasdaq\Stock
IDR,FULL,0,Nasdaq\Stock
IDT,FULL,0,Nasdaq\Stock
IDXX,FULL,0,Nasdaq\Stock
IDYA,FULL,0,Nasdaq\Stock
IE,FULL,0,Nasdaq\Stock
IESC,FULL,0,Nasdaq\Stock
IEX,FULL,0,Nasdaq\Stock
IFBD,FULL,0,Nasdaq\Stock
IFF,FULL,0,Nasdaq\Stock
IFIN,FULL,0,Nasdaq\Stock
IFN,FULL,0,Nasdaq\Stock
IFRX,FULL,0,Nasdaq\Stock
IFS,FULL,0,Nasdaq\Stock
IGA,FULL,0,Nasdaq\Stock
IGC,FULL,0,Nasdaq\Stock
IGD,FULL,0,Nasdaq\Stock
IGI,FULL,0,Nasdaq\Stock
IGIC,FULL,0,Nasdaq\Stock
IGMS,FULL,0,Nasdaq\Stock
IGR,FULL,0,Nasdaq\Stock
IGT,FULL,0,Nasdaq\Stock
IGTA,FULL,0,Nasdaq\Stock
IH,FULL,0,Nasdaq\Stock
IHD,FULL,0,Nasdaq\Stock
IHG,FULL,0,Nasdaq\Stock
IHRT,FULL,0,Nasdaq\Stock
IHS,FULL,0,Nasdaq\Stock
IHT,FULL,0,Nasdaq\Stock
IHTA,FULL,0,Nasdaq\Stock
IIF,FULL,0,Nasdaq\Stock
III,FULL,0,Nasdaq\Stock
IIIN,FULL,0,Nasdaq\Stock
IIIV,FULL,0,Nasdaq\Stock
IIM,FULL,0,Nasdaq\Stock
IINN,FULL,0,Nasdaq\Stock
IIPR,FULL,0,Nasdaq\Stock
IIPR-PA,FULL,0,Nasdaq\Stock
IKNA,FULL,0,Nasdaq\Stock
IKT,FULL,0,Nasdaq\Stock
ILAG,FULL,0,Nasdaq\Stock
ILMN,FULL,0,Nasdaq\Stock
ILPT,FULL,0,Nasdaq\Stock
IMAB,FULL,0,Nasdaq\Stock
IMAX,FULL,0,Nasdaq\Stock
IMCC,FULL,0,Nasdaq\Stock
IMCR,FULL,0,Nasdaq\Stock
IMKTA,FULL,0,Nasdaq\Stock
IMMP,FULL,0,Nasdaq\Stock
IMMR,FULL,0,Nasdaq\Stock
IMMX,FULL,0,Nasdaq\Stock
IMNM,FULL,0,Nasdaq\Stock
IMNN,FULL,0,Nasdaq\Stock
IMO,FULL,0,Nasdaq\Stock
IMOS,FULL,0,Nasdaq\Stock
IMPP,FULL,0,Nasdaq\Stock
IMPPP,FULL,0,Nasdaq\Stock
IMRN,FULL,0,Nasdaq\Stock
IMRX,FULL,0,Nasdaq\Stock
IMTE,FULL,0,Nasdaq\Stock
IMTX,FULL,0,Nasdaq\Stock
IMUX,FULL,0,Nasdaq\Stock
IMVT,FULL,0,Nasdaq\Stock
IMXI,FULL,0,Nasdaq\Stock
INAB,FULL,0,Nasdaq\Stock
INAQ,FULL,0,Nasdaq\Stock
INBK,FULL,0,Nasdaq\Stock
INBS,FULL,0,Nasdaq\Stock
INBX,FULL,0,Nasdaq\Stock
INCR,FULL,0,Nasdaq\Stock
INCY,FULL,0,Nasdaq\Stock
INDB,FULL,0,Nasdaq\Stock
INDI,FULL,0,Nasdaq\Stock
INDO,FULL,0,Nasdaq\Stock
INDP,FULL,0,Nasdaq\Stock
INDV,FULL,0,Nasdaq\Stock
INFA,FULL,0,Nasdaq\Stock
INFN,FULL,0,Nasdaq\Stock
INFU,FULL,0,Nasdaq\Stock
INFY,FULL,0,Nasdaq\Stock
ING,FULL,0,Nasdaq\Stock
INGN,FULL,0,Nasdaq\Stock
INGR,FULL,0,Nasdaq\Stock
INHD,FULL,0,Nasdaq\Stock
INKT,FULL,0,Nasdaq\Stock
INLX,FULL,0,Nasdaq\Stock
INM,FULL,0,Nasdaq\Stock
INMB,FULL,0,Nasdaq\Stock
INMD,FULL,0,Nasdaq\Stock
INN,FULL,0,Nasdaq\Stock
INN-PE,FULL,0,Nasdaq\Stock
INN-PF,FULL,0,Nasdaq\Stock
INNV,FULL,0,Nasdaq\Stock
INO,FULL,0,Nasdaq\Stock
INOD,FULL,0,Nasdaq\Stock
INSE,FULL,0,Nasdaq\Stock
INSG,FULL,0,Nasdaq\Stock
INSI,FULL,0,Nasdaq\Stock
INSM,FULL,0,Nasdaq\Stock
INSP,FULL,0,Nasdaq\Stock
INST,FULL,0,Nasdaq\Stock
INSW,FULL,0,Nasdaq\Stock
INTA,FULL,0,Nasdaq\Stock
INTC,FULL,1,Nasdaq\Stock
INTE,FULL,0,Nasdaq\Stock
INTG,FULL,0,Nasdaq\Stock
INTJ,FULL,0,Nasdaq\Stock
INTR,FULL,0,Nasdaq\Stock
INTS,FULL,0,Nasdaq\Stock
INTT,FULL,0,Nasdaq\Stock
INTU,FULL,0,Nasdaq\Stock
INTZ,FULL,0,Nasdaq\Stock
INUV,FULL,0,Nasdaq\Stock
INVA,FULL,0,Nasdaq\Stock
INVE,FULL,0,Nasdaq\Stock
INVH,FULL,0,Nasdaq\Stock
INVO,FULL,0,Nasdaq\Stock
INVZ,FULL,0,Nasdaq\Stock
INZY,FULL,0,Nasdaq\Stock
IOBT,FULL,0,Nasdaq\Stock
IONQ,FULL,0,Nasdaq\Stock
IONR,FULL,0,Nasdaq\Stock
IONS,FULL,0,Nasdaq\Stock
IOR,FULL,0,Nasdaq\Stock
IOSP,FULL,0,Nasdaq\Stock
IOT,FULL,0,Nasdaq\Stock
IOVA,FULL,0,Nasdaq\Stock
IP,FULL,0,Nasdaq\Stock
IPA,FULL,0,Nasdaq\Stock
IPAR,FULL,0,Nasdaq\Stock
IPDN,FULL,0,Nasdaq\Stock
IPG,FULL,0,Nasdaq\Stock
IPGP,FULL,0,Nasdaq\Stock
IPHA,FULL,0,Nasdaq\Stock
IPI,FULL,0,Nasdaq\Stock
IPSC,FULL,0,Nasdaq\Stock
IPW,FULL,0,Nasdaq\Stock
IPWR,FULL,0,Nasdaq\Stock
IPX,FULL,0,Nasdaq\Stock
IPXX,FULL,0,Nasdaq\Stock
IQ,FULL,0,Nasdaq\Stock
IQI,FULL,0,Nasdaq\Stock
IQV,FULL,0,Nasdaq\Stock
IR,FULL,0,Nasdaq\Stock
IRAA,FULL,0,Nasdaq\Stock
IRBT,FULL,0,Nasdaq\Stock
IRDM,FULL,0,Nasdaq\Stock
IREN,FULL,0,Nasdaq\Stock
IRIX,FULL,0,Nasdaq\Stock
IRM,FULL,0,Nasdaq\Stock
IRMD,FULL,0,Nasdaq\Stock
IROH,FULL,0,Nasdaq\Stock
IRON,FULL,0,Nasdaq\Stock
IROQ,FULL,0,Nasdaq\Stock
IRS,FULL,0,Nasdaq\Stock
IRT,FULL,0,Nasdaq\Stock
IRTC,FULL,0,Nasdaq\Stock
IRWD,FULL,0,Nasdaq\Stock
ISD,FULL,0,Nasdaq\Stock
ISDR,FULL,0,Nasdaq\Stock
ISPC,FULL,0,Nasdaq\Stock
ISPO,FULL,0,Nasdaq\Stock
ISPR,FULL,0,Nasdaq\Stock
ISRG,FULL,0,Nasdaq\Stock
ISRL,FULL,0,Nasdaq\Stock
ISSC,FULL,0,Nasdaq\Stock
ISTR,FULL,0,Nasdaq\Stock
IT,FULL,0,Nasdaq\Stock
ITCI,FULL,0,Nasdaq\Stock
ITGR,FULL,0,Nasdaq\Stock
ITI,FULL,0,Nasdaq\Stock
ITIC,FULL,0,Nasdaq\Stock
ITOS,FULL,0,Nasdaq\Stock
ITP,FULL,0,Nasdaq\Stock
ITRG,FULL,0,Nasdaq\Stock
ITRI,FULL,0,Nasdaq\Stock
ITRM,FULL,0,Nasdaq\Stock
ITRN,FULL,0,Nasdaq\Stock
ITT,FULL,0,Nasdaq\Stock
ITUB,FULL,0,Nasdaq\Stock
ITW,FULL,0,Nasdaq\Stock
IVA,FULL,0,Nasdaq\Stock
IVAC,FULL,0,Nasdaq\Stock
IVCA,FULL,0,Nasdaq\Stock
IVCB,FULL,0,Nasdaq\Stock
IVCP,FULL,0,Nasdaq\Stock
IVDA,FULL,0,Nasdaq\Stock
IVP,FULL,0,Nasdaq\Stock
IVR,FULL,0,Nasdaq\Stock
IVR-PB,FULL,0,Nasdaq\Stock
IVR-PC,FULL,0,Nasdaq\Stock
IVT,FULL,0,Nasdaq\Stock
IVVD,FULL,0,Nasdaq\Stock
IVZ,FULL,0,Nasdaq\Stock
IX,FULL,0,Nasdaq\Stock
IXAQ,FULL,0,Nasdaq\Stock
IXHL,FULL,0,Nasdaq\Stock
IZEA,FULL,0,Nasdaq\Stock
IZM,FULL,0,Nasdaq\Stock
J,FULL,0,Nasdaq\Stock
JACK,FULL,0,Nasdaq\Stock
JAGX,FULL,0,Nasdaq\Stock
JAKK,FULL,0,Nasdaq\Stock
JAMF,FULL,0,Nasdaq\Stock
JANX,FULL,0,Nasdaq\Stock
JAZZ,FULL,0,Nasdaq\Stock
JBGS,FULL,0,Nasdaq\Stock
JBHT,FULL,0,Nasdaq\Stock
JBI,FULL,0,Nasdaq\Stock
JBL,FULL,0,Nasdaq\Stock
JBLU,FULL,0,Nasdaq\Stock
JBSS,FULL,0,Nasdaq\Stock
JBT,FULL,0,Nasdaq\Stock
JCE,FULL,0,Nasdaq\Stock
JCI,FULL,0,Nasdaq\Stock
JCSE,FULL,0,Nasdaq\Stock
JCTCF,FULL,0,Nasdaq\Stock
JD,FULL,0,Nasdaq\Stock
JDZG,FULL,0,Nasdaq\Stock
JEF,FULL,0,Nasdaq\Stock
JELD,FULL,0,Nasdaq\Stock
JEQ,FULL,0,Nasdaq\Stock
JEWL,FULL,0,Nasdaq\Stock
JFBR,FULL,0,Nasdaq\Stock
JFIN,FULL,0,Nasdaq\Stock
JFR,FULL,0,Nasdaq\Stock
JFU,FULL,0,Nasdaq\Stock
JG,FULL,0,Nasdaq\Stock
JGH,FULL,0,Nasdaq\Stock
JHG,FULL,0,Nasdaq\Stock
JHI,FULL,0,Nasdaq\Stock
JHS,FULL,0,Nasdaq\Stock
JHX,FULL,0,Nasdaq\Stock
JILL,FULL,0,Nasdaq\Stock
JJSF,FULL,0,Nasdaq\Stock
JKHY,FULL,0,Nasdaq\Stock
JKS,FULL,0,Nasdaq\Stock
JL,FULL,0,Nasdaq\Stock
JLL,FULL,0,Nasdaq\Stock
JLS,FULL,0,Nasdaq\Stock
JMIA,FULL,0,Nasdaq\Stock
JMM,FULL,0,Nasdaq\Stock
JMSB,FULL,0,Nasdaq\Stock
JNJ,FULL,0,Nasdaq\Stock
JNPR,FULL,0,Nasdaq\Stock
JNVR,FULL,0,Nasdaq\Stock
JOB,FULL,0,Nasdaq\Stock
JOBY,FULL,0,Nasdaq\Stock
JOE,FULL,0,Nasdaq\Stock
JOF,FULL,0,Nasdaq\Stock
JOUT,FULL,0,Nasdaq\Stock
JPC,FULL,0,Nasdaq\Stock
JPI,FULL,0,Nasdaq\Stock
JPM,FULL,0,Nasdaq\Stock
JPM-PC,FULL,0,Nasdaq\Stock
JPM-PD,FULL,0,Nasdaq\Stock
JPM-PJ,FULL,0,Nasdaq\Stock
JPM-PK,FULL,0,Nasdaq\Stock
JPM-PL,FULL,0,Nasdaq\Stock
JPM-PM,FULL,0,Nasdaq\Stock
JQC,FULL,0,Nasdaq\Stock
JRI,FULL,0,Nasdaq\Stock
JRS,FULL,0,Nasdaq\Stock
JRSH,FULL,0,Nasdaq\Stock
JRVR,FULL,0,Nasdaq\Stock
JSPR,FULL,0,Nasdaq\Stock
JTAI,FULL,0,Nasdaq\Stock
JUNE,FULL,0,Nasdaq\Stock
JVA,FULL,0,Nasdaq\Stock
JVSA,FULL,0,Nasdaq\Stock
JWEL,FULL,0,Nasdaq\Stock
JWN,FULL,0,Nasdaq\Stock
JWSM,FULL,0,Nasdaq\Stock
JXJT,FULL,0,Nasdaq\Stock
JXN,FULL,0,Nasdaq\Stock
JXN-PA,FULL,0,Nasdaq\Stock
JYD,FULL,0,Nasdaq\Stock
JYNT,FULL,0,Nasdaq\Stock
JZ,FULL,0,Nasdaq\Stock
JZXN,FULL,0,Nasdaq\Stock
K,FULL,0,Nasdaq\Stock
KA,FULL,0,Nasdaq\Stock
KACL,FULL,0,Nasdaq\Stock
KAI,FULL,0,Nasdaq\Stock
KALA,FULL,0,Nasdaq\Stock
KALU,FULL,0,Nasdaq\Stock
KALV,FULL,0,Nasdaq\Stock
KAR,FULL,0,Nasdaq\Stock
KARO,FULL,0,Nasdaq\Stock
KAVL,FULL,0,Nasdaq\Stock
KB,FULL,0,Nasdaq\Stock
KBDC,FULL,0,Nasdaq\Stock
KBH,FULL,0,Nasdaq\Stock
KBR,FULL,0,Nasdaq\Stock
KC,FULL,0,Nasdaq\Stock
KD,FULL,0,Nasdaq\Stock
KDLY,FULL,0,Nasdaq\Stock
KDP,FULL,0,Nasdaq\Stock
KE,FULL,0,Nasdaq\Stock
KELYA,FULL,0,Nasdaq\Stock
KELYB,FULL,0,Nasdaq\Stock
KEN,FULL,0,Nasdaq\Stock
KEP,FULL,0,Nasdaq\Stock
KEQU,FULL,0,Nasdaq\Stock
KEX,FULL,0,Nasdaq\Stock
KEY,FULL,0,Nasdaq\Stock
KEY-PI,FULL,0,Nasdaq\Stock
KEY-PJ,FULL,0,Nasdaq\Stock
KEY-PK,FULL,0,Nasdaq\Stock
KEY-PL,FULL,0,Nasdaq\Stock
KEYS,FULL,0,Nasdaq\Stock
KF,FULL,0,Nasdaq\Stock
KFFB,FULL,0,Nasdaq\Stock
KFRC,FULL,0,Nasdaq\Stock
KFS,FULL,0,Nasdaq\Stock
KFY,FULL,0,Nasdaq\Stock
KGC,FULL,0,Nasdaq\Stock
KGEI,FULL,0,Nasdaq\Stock
KGS,FULL,0,Nasdaq\Stock
KHC,FULL,0,Nasdaq\Stock
KIDS,FULL,0,Nasdaq\Stock
KIM,FULL,0,Nasdaq\Stock
KIM-PL,FULL,0,Nasdaq\Stock
KIM-PM,FULL,0,Nasdaq\Stock
KIM-PN,FULL,0,Nasdaq\Stock
KIND,FULL,0,Nasdaq\Stock
KINS,FULL,0,Nasdaq\Stock
KIO,FULL,0,Nasdaq\Stock
KIRK,FULL,0,Nasdaq\Stock
KITT,FULL,0,Nasdaq\Stock
KKR,FULL,0,Nasdaq\Stock
KLAC,FULL,0,Nasdaq\Stock
KLG,FULL,0,Nasdaq\Stock
KLIC,FULL,0,Nasdaq\Stock
KLTR,FULL,0,Nasdaq\Stock
KLXE,FULL,0,Nasdaq\Stock
KMB,FULL,0,Nasdaq\Stock
KMDA,FULL,0,Nasdaq\Stock
KMI,FULL,0,Nasdaq\Stock
KMPR,FULL,0,Nasdaq\Stock
KMT,FULL,0,Nasdaq\Stock
KMX,FULL,0,Nasdaq\Stock
KN,FULL,0,Nasdaq\Stock
KNDI,FULL,0,Nasdaq\Stock
KNF,FULL,0,Nasdaq\Stock
KNSA,FULL,0,Nasdaq\Stock
KNSL,FULL,0,Nasdaq\Stock
KNTK,FULL,0,Nasdaq\Stock
KNW,FULL,0,Nasdaq\Stock
KNX,FULL,0,Nasdaq\Stock
KO,FULL,0,Nasdaq\Stock
KOD,FULL,0,Nasdaq\Stock
KODK,FULL,0,Nasdaq\Stock
KOF,FULL,0,Nasdaq\Stock
KOP,FULL,0,Nasdaq\Stock
KOPN,FULL,0,Nasdaq\Stock
KORE,FULL,0,Nasdaq\Stock
KOS,FULL,0,Nasdaq\Stock
KOSS,FULL,0,Nasdaq\Stock
KPLT,FULL,0,Nasdaq\Stock
KPRX,FULL,0,Nasdaq\Stock
KPTI,FULL,0,Nasdaq\Stock
KR,FULL,0,Nasdaq\Stock
KRC,FULL,0,Nasdaq\Stock
KREF,FULL,0,Nasdaq\Stock
KREF-PA,FULL,0,Nasdaq\Stock
KRG,FULL,0,Nasdaq\Stock
KRKR,FULL,0,Nasdaq\Stock
KRMD,FULL,0,Nasdaq\Stock
KRNT,FULL,0,Nasdaq\Stock
KRNY,FULL,0,Nasdaq\Stock
KRO,FULL,0,Nasdaq\Stock
KRON,FULL,0,Nasdaq\Stock
KROS,FULL,0,Nasdaq\Stock
KRRO,FULL,0,Nasdaq\Stock
KRT,FULL,0,Nasdaq\Stock
KRUS,FULL,0,Nasdaq\Stock
KRYS,FULL,0,Nasdaq\Stock
KSCP,FULL,0,Nasdaq\Stock
KSM,FULL,0,Nasdaq\Stock
KSPI,FULL,0,Nasdaq\Stock
KSS,FULL,0,Nasdaq\Stock
KT,FULL,0,Nasdaq\Stock
KTB,FULL,0,Nasdaq\Stock
KTCC,FULL,0,Nasdaq\Stock
KTF,FULL,0,Nasdaq\Stock
KTOS,FULL,0,Nasdaq\Stock
KTRA,FULL,0,Nasdaq\Stock
KTTA,FULL,0,Nasdaq\Stock
KUKE,FULL,0,Nasdaq\Stock
KULR,FULL,0,Nasdaq\Stock
KURA,FULL,0,Nasdaq\Stock
KVAC,FULL,0,Nasdaq\Stock
KVHI,FULL,0,Nasdaq\Stock
KVUE,FULL,0,Nasdaq\Stock
KVYO,FULL,0,Nasdaq\Stock
KW,FULL,0,Nasdaq\Stock
KWE,FULL,0,Nasdaq\Stock
KWR,FULL,0,Nasdaq\Stock
KXIN,FULL,0,Nasdaq\Stock
KYMR,FULL,0,Nasdaq\Stock
KYN,FULL,0,Nasdaq\Stock
KYTX,FULL,0,Nasdaq\Stock
KZIA,FULL,0,Nasdaq\Stock
KZR,FULL,0,Nasdaq\Stock
L,FULL,0,Nasdaq\Stock
LAAC,FULL,0,Nasdaq\Stock
LAB,FULL,0,Nasdaq\Stock
LAC,FULL,0,Nasdaq\Stock
LAD,FULL,0,Nasdaq\Stock
LADR,FULL,0,Nasdaq\Stock
LAES,FULL,0,Nasdaq\Stock
LAKE,FULL,0,Nasdaq\Stock
LAMR,FULL,0,Nasdaq\Stock
LANC,FULL,0,Nasdaq\Stock
LAND,FULL,0,Nasdaq\Stock
LANDM,FULL,0,Nasdaq\Stock
LANDO,FULL,0,Nasdaq\Stock
LANDP,FULL,0,Nasdaq\Stock
LANV,FULL,0,Nasdaq\Stock
LARK,FULL,0,Nasdaq\Stock
LASE,FULL,0,Nasdaq\Stock
LASR,FULL,0,Nasdaq\Stock
LATG,FULL,0,Nasdaq\Stock
LAUR,FULL,0,Nasdaq\Stock
LAW,FULL,0,Nasdaq\Stock
LAZ,FULL,0,Nasdaq\Stock
LAZR,FULL,0,Nasdaq\Stock
LB,FULL,0,Nasdaq\Stock
LBPH,FULL,0,Nasdaq\Stock
LBRDA,FULL,0,Nasdaq\Stock
LBRDK,FULL,0,Nasdaq\Stock
LBRDP,FULL,0,Nasdaq\Stock
LBRT,FULL,0,Nasdaq\Stock
LBTYA,FULL,0,Nasdaq\Stock
LBTYB,FULL,0,Nasdaq\Stock
LBTYK,FULL,0,Nasdaq\Stock
LC,FULL,0,Nasdaq\Stock
LCFY,FULL,0,Nasdaq\Stock
LCID,FULL,0,Nasdaq\Stock
LCII,FULL,0,Nasdaq\Stock
LCNB,FULL,0,Nasdaq\Stock
LCTX,FULL,0,Nasdaq\Stock
LCUT,FULL,0,Nasdaq\Stock
LCW,FULL,0,Nasdaq\Stock
LDI,FULL,0,Nasdaq\Stock
LDOS,FULL,0,Nasdaq\Stock
LDP,FULL,0,Nasdaq\Stock
LDTC,FULL,0,Nasdaq\Stock
LDWY,FULL,0,Nasdaq\Stock
LE,FULL,0,Nasdaq\Stock
LEA,FULL,0,Nasdaq\Stock
LECO,FULL,0,Nasdaq\Stock
LEDS,FULL,0,Nasdaq\Stock
LEE,FULL,0,Nasdaq\Stock
LEG,FULL,0,Nasdaq\Stock
LEGH,FULL,0,Nasdaq\Stock
LEGN,FULL,0,Nasdaq\Stock
LEGT,FULL,0,Nasdaq\Stock
LEN,FULL,0,Nasdaq\Stock
LEN-B,FULL,0,Nasdaq\Stock
LENZ,FULL,0,Nasdaq\Stock
LEO,FULL,0,Nasdaq\Stock
LESL,FULL,0,Nasdaq\Stock
LEU,FULL,0,Nasdaq\Stock
LEV,FULL,0,Nasdaq\Stock
LEVI,FULL,0,Nasdaq\Stock
LEXX,FULL,0,Nasdaq\Stock
LFCR,FULL,0,Nasdaq\Stock
LFLY,FULL,0,Nasdaq\Stock
LFMD,FULL,0,Nasdaq\Stock
LFMDP,FULL,0,Nasdaq\Stock
LFST,FULL,0,Nasdaq\Stock
LFT,FULL,0,Nasdaq\Stock
LFT-PA,FULL,0,Nasdaq\Stock
LFUS,FULL,0,Nasdaq\Stock
LFVN,FULL,0,Nasdaq\Stock
LFWD,FULL,0,Nasdaq\Stock
LGCB,FULL,0,Nasdaq\Stock
LGCL,FULL,0,Nasdaq\Stock
LGF-A,FULL,0,Nasdaq\Stock
LGF-B,FULL,0,Nasdaq\Stock
LGHL,FULL,0,Nasdaq\Stock
LGI,FULL,0,Nasdaq\Stock
LGIH,FULL,0,Nasdaq\Stock
LGL,FULL,0,Nasdaq\Stock
LGMK,FULL,0,Nasdaq\Stock
LGND,FULL,0,Nasdaq\Stock
LGO,FULL,0,Nasdaq\Stock
LGVN,FULL,0,Nasdaq\Stock
LH,FULL,0,Nasdaq\Stock
LHX,FULL,0,Nasdaq\Stock
LI,FULL,0,Nasdaq\Stock
LICN,FULL,0,Nasdaq\Stock
LICY,FULL,0,Nasdaq\Stock
LIDR,FULL,0,Nasdaq\Stock
LIF,FULL,0,Nasdaq\Stock
LIFW,FULL,0,Nasdaq\Stock
LII,FULL,0,Nasdaq\Stock
LILA,FULL,0,Nasdaq\Stock
LILAK,FULL,0,Nasdaq\Stock
LILM,FULL,0,Nasdaq\Stock
LIN,FULL,0,Nasdaq\Stock
LINC,FULL,0,Nasdaq\Stock
LIND,FULL,0,Nasdaq\Stock
LINE,FULL,0,Nasdaq\Stock
LINK,FULL,0,Nasdaq\Stock
LION,FULL,0,Nasdaq\Stock
LIPO,FULL,0,Nasdaq\Stock
LIQT,FULL,0,Nasdaq\Stock
LITB,FULL,0,Nasdaq\Stock
LITE,FULL,0,Nasdaq\Stock
LITM,FULL,0,Nasdaq\Stock
LIVE,FULL,0,Nasdaq\Stock
LIVN,FULL,0,Nasdaq\Stock
LIXT,FULL,0,Nasdaq\Stock
LKCO,FULL,0,Nasdaq\Stock
LKFN,FULL,0,Nasdaq\Stock
LKQ,FULL,0,Nasdaq\Stock
LLAP,FULL,0,Nasdaq\Stock
LLAP-WT,FULL,0,Nasdaq\Stock
LLY,FULL,0,Nasdaq\Stock
LLYVA,FULL,0,Nasdaq\Stock
LLYVK,FULL,0,Nasdaq\Stock
LMAT,FULL,0,Nasdaq\Stock
LMB,FULL,0,Nasdaq\Stock
LMFA,FULL,0,Nasdaq\Stock
LMND,FULL,0,Nasdaq\Stock
LMNR,FULL,0,Nasdaq\Stock
LMT,FULL,0,Nasdaq\Stock
LNC,FULL,0,Nasdaq\Stock
LNC-PD,FULL,0,Nasdaq\Stock
LND,FULL,0,Nasdaq\Stock
LNG,FULL,0,Nasdaq\Stock
LNKB,FULL,0,Nasdaq\Stock
LNN,FULL,0,Nasdaq\Stock
LNSR,FULL,0,Nasdaq\Stock
LNT,FULL,0,Nasdaq\Stock
LNTH,FULL,0,Nasdaq\Stock
LNW,FULL,0,Nasdaq\Stock
LNZA,FULL,0,Nasdaq\Stock
LOAN,FULL,0,Nasdaq\Stock
LOAR,FULL,0,Nasdaq\Stock
LOB,FULL,0,Nasdaq\Stock
LOBO,FULL,0,Nasdaq\Stock
LOCL,FULL,0,Nasdaq\Stock
LOCO,FULL,0,Nasdaq\Stock
LODE,FULL,0,Nasdaq\Stock
LOGC,FULL,0,Nasdaq\Stock
LOGI,FULL,0,Nasdaq\Stock
LOMA,FULL,0,Nasdaq\Stock
LOOP,FULL,0,Nasdaq\Stock
LOPE,FULL,0,Nasdaq\Stock
LOT,FULL,0,Nasdaq\Stock
LOVE,FULL,0,Nasdaq\Stock
LOW,FULL,0,Nasdaq\Stock
LPA,FULL,0,Nasdaq\Stock
LPCN,FULL,0,Nasdaq\Stock
LPG,FULL,0,Nasdaq\Stock
LPL,FULL,0,Nasdaq\Stock
LPLA,FULL,0,Nasdaq\Stock
LPRO,FULL,0,Nasdaq\Stock
LPSN,FULL,0,Nasdaq\Stock
LPTH,FULL,0,Nasdaq\Stock
LPTX,FULL,0,Nasdaq\Stock
LPX,FULL,0,Nasdaq\Stock
LQDA,FULL,0,Nasdaq\Stock
LQDT,FULL,0,Nasdaq\Stock
LQR,FULL,0,Nasdaq\Stock
LRCX,FULL,0,Nasdaq\Stock
LRE,FULL,0,Nasdaq\Stock
LRFC,FULL,0,Nasdaq\Stock
LRHC,FULL,0,Nasdaq\Stock
LRMR,FULL,0,Nasdaq\Stock
LRN,FULL,0,Nasdaq\Stock
LSAK,FULL,0,Nasdaq\Stock
LSB,FULL,0,Nasdaq\Stock
LSBK,FULL,0,Nasdaq\Stock
LSCC,FULL,0,Nasdaq\Stock
LSEA,FULL,0,Nasdaq\Stock
LSF,FULL,0,Nasdaq\Stock
LSH,FULL,0,Nasdaq\Stock
LSPD,FULL,0,Nasdaq\Stock
LSTA,FULL,0,Nasdaq\Stock
LSTR,FULL,0,Nasdaq\Stock
LSXMA,FULL,0,Nasdaq\Stock
LSXMB,FULL,0,Nasdaq\Stock
LSXMK,FULL,0,Nasdaq\Stock
LTBR,FULL,0,Nasdaq\Stock
LTC,FULL,0,Nasdaq\Stock
LTH,FULL,0,Nasdaq\Stock
LTM,FULL,0,Nasdaq\Stock
LTRN,FULL,0,Nasdaq\Stock
LTRX,FULL,0,Nasdaq\Stock
LTRY,FULL,0,Nasdaq\Stock
LU,FULL,0,Nasdaq\Stock
LUCD,FULL,0,Nasdaq\Stock
LUCY,FULL,0,Nasdaq\Stock
LULU,FULL,0,Nasdaq\Stock
LUMN,FULL,0,Nasdaq\Stock
LUMO,FULL,0,Nasdaq\Stock
LUNA,FULL,0,Nasdaq\Stock
LUNG,FULL,0,Nasdaq\Stock
LUNR,FULL,0,Nasdaq\Stock
LUV,FULL,0,Nasdaq\Stock
LUXH,FULL,0,Nasdaq\Stock
LUXHP,FULL,0,Nasdaq\Stock
LVLU,FULL,0,Nasdaq\Stock
LVO,FULL,0,Nasdaq\Stock
LVRO,FULL,0,Nasdaq\Stock
LVS,FULL,0,Nasdaq\Stock
LVTX,FULL,0,Nasdaq\Stock
LVWR,FULL,0,Nasdaq\Stock
LW,FULL,0,Nasdaq\Stock
LWAY,FULL,0,Nasdaq\Stock
LWLG,FULL,0,Nasdaq\Stock
LX,FULL,0,Nasdaq\Stock
LXEH,FULL,0,Nasdaq\Stock
LXEO,FULL,0,Nasdaq\Stock
LXFR,FULL,0,Nasdaq\Stock
LXP,FULL,0,Nasdaq\Stock
LXP-PC,FULL,0,Nasdaq\Stock
LXRX,FULL,0,Nasdaq\Stock
LXU,FULL,0,Nasdaq\Stock
LYB,FULL,0,Nasdaq\Stock
LYEL,FULL,0,Nasdaq\Stock
LYFT,FULL,0,Nasdaq\Stock
LYG,FULL,0,Nasdaq\Stock
LYRA,FULL,0,Nasdaq\Stock
LYT,FULL,0,Nasdaq\Stock
LYTS,FULL,0,Nasdaq\Stock
LYV,FULL,0,Nasdaq\Stock
LZ,FULL,0,Nasdaq\Stock
LZB,FULL,0,Nasdaq\Stock
LZM,FULL,0,Nasdaq\Stock
M,FULL,0,Nasdaq\Stock
MA,FULL,0,Nasdaq\Stock
MAA,FULL,0,Nasdaq\Stock
MAA-PI,FULL,0,Nasdaq\Stock
MAC,FULL,0,Nasdaq\Stock
MACI,FULL,0,Nasdaq\Stock
MAG,FULL,0,Nasdaq\Stock
MAIA,FULL,0,Nasdaq\Stock
MAIN,FULL,0,Nasdaq\Stock
MAMA,FULL,0,Nasdaq\Stock
MAMO,FULL,0,Nasdaq\Stock
MAN,FULL,0,Nasdaq\Stock
MANH,FULL,0,Nasdaq\Stock
MANU,FULL,0,Nasdaq\Stock
MAPS,FULL,0,Nasdaq\Stock
MAR,FULL,0,Nasdaq\Stock
MARA,FULL,0,Nasdaq\Stock
MARX,FULL,0,Nasdaq\Stock
MAS,FULL,0,Nasdaq\Stock
MASI,FULL,0,Nasdaq\Stock
MASS,FULL,0,Nasdaq\Stock
MAT,FULL,0,Nasdaq\Stock
MATH,FULL,0,Nasdaq\Stock
MATV,FULL,0,Nasdaq\Stock
MATW,FULL,0,Nasdaq\Stock
MATX,FULL,0,Nasdaq\Stock
MAV,FULL,0,Nasdaq\Stock
MAX,FULL,0,Nasdaq\Stock
MAXN,FULL,0,Nasdaq\Stock
MAYS,FULL,0,Nasdaq\Stock
MBC,FULL,0,Nasdaq\Stock
MBCN,FULL,0,Nasdaq\Stock
MBI,FULL,0,Nasdaq\Stock
MBIN,FULL,0,Nasdaq\Stock
MBINM,FULL,0,Nasdaq\Stock
MBINN,FULL,0,Nasdaq\Stock
MBINO,FULL,0,Nasdaq\Stock
MBIO,FULL,0,Nasdaq\Stock
MBLY,FULL,0,Nasdaq\Stock
MBNKP,FULL,0,Nasdaq\Stock
MBOT,FULL,0,Nasdaq\Stock
MBRX,FULL,0,Nasdaq\Stock
MBUU,FULL,0,Nasdaq\Stock
MBWM,FULL,0,Nasdaq\Stock
MC,FULL,0,Nasdaq\Stock
MCAA,FULL,0,Nasdaq\Stock
MCAG,FULL,0,Nasdaq\Stock
MCB,FULL,0,Nasdaq\Stock
MCBS,FULL,0,Nasdaq\Stock
MCD,FULL,0,Nasdaq\Stock
MCFT,FULL,0,Nasdaq\Stock
MCHP,FULL,0,Nasdaq\Stock
MCHX,FULL,0,Nasdaq\Stock
MCI,FULL,0,Nasdaq\Stock
MCK,FULL,0,Nasdaq\Stock
MCN,FULL,0,Nasdaq\Stock
MCO,FULL,0,Nasdaq\Stock
MCR,FULL,0,Nasdaq\Stock
MCRB,FULL,0,Nasdaq\Stock
MCRI,FULL,0,Nasdaq\Stock
MCS,FULL,0,Nasdaq\Stock
MCVT,FULL,0,Nasdaq\Stock
MCW,FULL,0,Nasdaq\Stock
MCY,FULL,0,Nasdaq\Stock
MD,FULL,0,Nasdaq\Stock
MDAI,FULL,0,Nasdaq\Stock
MDB,FULL,0,Nasdaq\Stock
MDBH,FULL,0,Nasdaq\Stock
MDGL,FULL,0,Nasdaq\Stock
MDIA,FULL,0,Nasdaq\Stock
MDJH,FULL,0,Nasdaq\Stock
MDLZ,FULL,0,Nasdaq\Stock
MDRR,FULL,0,Nasdaq\Stock
MDRRP,FULL,0,Nasdaq\Stock
MDT,FULL,0,Nasdaq\Stock
MDU,FULL,0,Nasdaq\Stock
MDV,FULL,0,Nasdaq\Stock
MDV-PA,FULL,0,Nasdaq\Stock
MDWD,FULL,0,Nasdaq\Stock
MDXG,FULL,0,Nasdaq\Stock
MDXH,FULL,0,Nasdaq\Stock
ME,FULL,0,Nasdaq\Stock
MEC,FULL,0,Nasdaq\Stock
MED,FULL,0,Nasdaq\Stock
MEDP,FULL,0,Nasdaq\Stock
MEDS,FULL,0,Nasdaq\Stock
MEG,FULL,0,Nasdaq\Stock
MEGI,FULL,0,Nasdaq\Stock
MEGL,FULL,0,Nasdaq\Stock
MEI,FULL,0,Nasdaq\Stock
MEIP,FULL,0,Nasdaq\Stock
MELI,FULL,0,Nasdaq\Stock
MEOH,FULL,0,Nasdaq\Stock
MERC,FULL,0,Nasdaq\Stock
MESA,FULL,0,Nasdaq\Stock
MESO,FULL,0,Nasdaq\Stock
MET,FULL,0,Nasdaq\Stock
MET-PA,FULL,0,Nasdaq\Stock
MET-PE,FULL,0,Nasdaq\Stock
MET-PF,FULL,0,Nasdaq\Stock
META,FULL,0,Nasdaq\Stock
METC,FULL,0,Nasdaq\Stock
METCB,FULL,0,Nasdaq\Stock
MFA,FULL,0,Nasdaq\Stock
MFA-PB,FULL,0,Nasdaq\Stock
MFA-PC,FULL,0,Nasdaq\Stock
MFC,FULL,0,Nasdaq\Stock
MFD,FULL,0,Nasdaq\Stock
MFG,FULL,0,Nasdaq\Stock
MFH,FULL,0,Nasdaq\Stock
MFI,FULL,0,Nasdaq\Stock
MFIC,FULL,0,Nasdaq\Stock
MFIN,FULL,0,Nasdaq\Stock
MFM,FULL,0,Nasdaq\Stock
MG,FULL,0,Nasdaq\Stock
MGA,FULL,0,Nasdaq\Stock
MGEE,FULL,0,Nasdaq\Stock
MGF,FULL,0,Nasdaq\Stock
MGIC,FULL,0,Nasdaq\Stock
MGIH,FULL,0,Nasdaq\Stock
MGLD,FULL,0,Nasdaq\Stock
MGM,FULL,0,Nasdaq\Stock
MGNI,FULL,0,Nasdaq\Stock
MGNX,FULL,0,Nasdaq\Stock
MGOL,FULL,0,Nasdaq\Stock
MGPI,FULL,0,Nasdaq\Stock
MGRC,FULL,0,Nasdaq\Stock
MGRM,FULL,0,Nasdaq\Stock
MGRX,FULL,0,Nasdaq\Stock
MGTX,FULL,0,Nasdaq\Stock
MGX,FULL,0,Nasdaq\Stock
MGY,FULL,0,Nasdaq\Stock
MGYR,FULL,0,Nasdaq\Stock
MHD,FULL,0,Nasdaq\Stock
MHF,FULL,0,Nasdaq\Stock
MHH,FULL,0,Nasdaq\Stock
MHI,FULL,0,Nasdaq\Stock
MHK,FULL,0,Nasdaq\Stock
MHLD,FULL,0,Nasdaq\Stock
MHN,FULL,0,Nasdaq\Stock
MHO,FULL,0,Nasdaq\Stock
MHUA,FULL,0,Nasdaq\Stock
MI,FULL,0,Nasdaq\Stock
MICS,FULL,0,Nasdaq\Stock
MIDD,FULL,0,Nasdaq\Stock
MIGI,FULL,0,Nasdaq\Stock
MIN,FULL,0,Nasdaq\Stock
MIND,FULL,0,Nasdaq\Stock
MINDP,FULL,0,Nasdaq\Stock
MIO,FULL,0,Nasdaq\Stock
MIR,FULL,0,Nasdaq\Stock
MIRA,FULL,0,Nasdaq\Stock
MIRM,FULL,0,Nasdaq\Stock
MIST,FULL,0,Nasdaq\Stock
MITA,FULL,0,Nasdaq\Stock
MITK,FULL,0,Nasdaq\Stock
MITQ,FULL,0,Nasdaq\Stock
MITT,FULL,0,Nasdaq\Stock
MITT-PA,FULL,0,Nasdaq\Stock
MITT-PB,FULL,0,Nasdaq\Stock
MITT-PC,FULL,0,Nasdaq\Stock
MIY,FULL,0,Nasdaq\Stock
MKC,FULL,0,Nasdaq\Stock
MKC-V,FULL,0,Nasdaq\Stock
MKDW,FULL,0,Nasdaq\Stock
MKFG,FULL,0,Nasdaq\Stock
MKL,FULL,0,Nasdaq\Stock
MKSI,FULL,0,Nasdaq\Stock
MKTW,FULL,0,Nasdaq\Stock
MKTX,FULL,0,Nasdaq\Stock
ML,FULL,0,Nasdaq\Stock
MLAB,FULL,0,Nasdaq\Stock
MLCO,FULL,0,Nasdaq\Stock
MLEC,FULL,0,Nasdaq\Stock
MLGO,FULL,0,Nasdaq\Stock
MLI,FULL,0,Nasdaq\Stock
MLKN,FULL,0,Nasdaq\Stock
MLM,FULL,0,Nasdaq\Stock
MLNK,FULL,0,Nasdaq\Stock
MLP,FULL,0,Nasdaq\Stock
MLR,FULL,0,Nasdaq\Stock
MLSS,FULL,0,Nasdaq\Stock
MLTX,FULL,0,Nasdaq\Stock
MLYS,FULL,0,Nasdaq\Stock
MMA,FULL,0,Nasdaq\Stock
MMAT,FULL,0,Nasdaq\Stock
MMC,FULL,0,Nasdaq\Stock
MMD,FULL,0,Nasdaq\Stock
MMI,FULL,0,Nasdaq\Stock
MMM,FULL,0,Nasdaq\Stock
MMS,FULL,0,Nasdaq\Stock
MMSI,FULL,0,Nasdaq\Stock
MMT,FULL,0,Nasdaq\Stock
MMU,FULL,0,Nasdaq\Stock
MMV,FULL,0,Nasdaq\Stock
MMYT,FULL,0,Nasdaq\Stock
MNDO,FULL,0,Nasdaq\Stock
MNDR,FULL,0,Nasdaq\Stock
MNDY,FULL,0,Nasdaq\Stock
MNKD,FULL,0,Nasdaq\Stock
MNMD,FULL,0,Nasdaq\Stock
MNOV,FULL,0,Nasdaq\Stock
MNPR,FULL,0,Nasdaq\Stock
MNRO,FULL,0,Nasdaq\Stock
MNSB,FULL,0,Nasdaq\Stock
MNSBP,FULL,0,Nasdaq\Stock
MNSO,FULL,0,Nasdaq\Stock
MNST,FULL,0,Nasdaq\Stock
MNTK,FULL,0,Nasdaq\Stock
MNTN,FULL,0,Nasdaq\Stock
MNTS,FULL,0,Nasdaq\Stock
MNTX,FULL,0,Nasdaq\Stock
MNY,FULL,0,Nasdaq\Stock
MO,FULL,0,Nasdaq\Stock
MOB,FULL,0,Nasdaq\Stock
MOBX,FULL,0,Nasdaq\Stock
MOD,FULL,0,Nasdaq\Stock
MODD,FULL,0,Nasdaq\Stock
MODG,FULL,0,Nasdaq\Stock
MODV,FULL,0,Nasdaq\Stock
MOFG,FULL,0,Nasdaq\Stock
MOG-A,FULL,0,Nasdaq\Stock
MOG-B,FULL,0,Nasdaq\Stock
MOGO,FULL,0,Nasdaq\Stock
MOGU,FULL,0,Nasdaq\Stock
MOH,FULL,0,Nasdaq\Stock
MOLN,FULL,0,Nasdaq\Stock
MOMO,FULL,0,Nasdaq\Stock
MOND,FULL,0,Nasdaq\Stock
MORN,FULL,0,Nasdaq\Stock
MOS,FULL,0,Nasdaq\Stock
MOV,FULL,0,Nasdaq\Stock
MOVE,FULL,0,Nasdaq\Stock
MP,FULL,0,Nasdaq\Stock
MPA,FULL,0,Nasdaq\Stock
MPAA,FULL,0,Nasdaq\Stock
MPB,FULL,0,Nasdaq\Stock
MPC,FULL,0,Nasdaq\Stock
MPLN,FULL,0,Nasdaq\Stock
MPTI,FULL,0,Nasdaq\Stock
MPU,FULL,0,Nasdaq\Stock
MPV,FULL,0,Nasdaq\Stock
MPW,FULL,0,Nasdaq\Stock
MPWR,FULL,0,Nasdaq\Stock
MPX,FULL,0,Nasdaq\Stock
MQ,FULL,0,Nasdaq\Stock
MQT,FULL,0,Nasdaq\Stock
MQY,FULL,0,Nasdaq\Stock
MRAM,FULL,0,Nasdaq\Stock
MRBK,FULL,0,Nasdaq\Stock
MRC,FULL,0,Nasdaq\Stock
MRCC,FULL,0,Nasdaq\Stock
MRCY,FULL,0,Nasdaq\Stock
MRDB,FULL,0,Nasdaq\Stock
MREO,FULL,0,Nasdaq\Stock
MRIN,FULL,0,Nasdaq\Stock
MRK,FULL,0,Nasdaq\Stock
MRKR,FULL,0,Nasdaq\Stock
MRM,FULL,0,Nasdaq\Stock
MRNA,FULL,0,Nasdaq\Stock
MRNO,FULL,0,Nasdaq\Stock
MRNS,FULL,0,Nasdaq\Stock
MRO,FULL,0,Nasdaq\Stock
MRSN,FULL,0,Nasdaq\Stock
MRT,FULL,0,Nasdaq\Stock
MRTN,FULL,0,Nasdaq\Stock
MRUS,FULL,0,Nasdaq\Stock
MRVI,FULL,0,Nasdaq\Stock
MRVL,FULL,0,Nasdaq\Stock
MRX,FULL,0,Nasdaq\Stock
MS,FULL,0,Nasdaq\Stock
MS-PA,FULL,0,Nasdaq\Stock
MS-PE,FULL,0,Nasdaq\Stock
MS-PF,FULL,0,Nasdaq\Stock
MS-PI,FULL,0,Nasdaq\Stock
MS-PK,FULL,0,Nasdaq\Stock
MS-PL,FULL,0,Nasdaq\Stock
MS-PO,FULL,0,Nasdaq\Stock
MS-PP,FULL,0,Nasdaq\Stock
MS-PQ,FULL,0,Nasdaq\Stock
MSA,FULL,0,Nasdaq\Stock
MSAI,FULL,0,Nasdaq\Stock
MSBI,FULL,0,Nasdaq\Stock
MSBIP,FULL,0,Nasdaq\Stock
MSC,FULL,0,Nasdaq\Stock
MSCI,FULL,0,Nasdaq\Stock
MSD,FULL,0,Nasdaq\Stock
MSDL,FULL,0,Nasdaq\Stock
MSEX,FULL,0,Nasdaq\Stock
MSFT,FULL,1,Nasdaq\Stock
MSGE,FULL,0,Nasdaq\Stock
MSGM,FULL,0,Nasdaq\Stock
MSGS,FULL,0,Nasdaq\Stock
MSI,FULL,0,Nasdaq\Stock
MSM,FULL,0,Nasdaq\Stock
MSN,FULL,0,Nasdaq\Stock
MSS,FULL,0,Nasdaq\Stock
MSSA,FULL,0,Nasdaq\Stock
MSTR,FULL,0,Nasdaq\Stock
MT,FULL,0,Nasdaq\Stock
MTA,FULL,0,Nasdaq\Stock
MTAL,FULL,0,Nasdaq\Stock
MTB,FULL,0,Nasdaq\Stock
MTB-PH,FULL,0,Nasdaq\Stock
MTB-PJ,FULL,0,Nasdaq\Stock
MTC,FULL,0,Nasdaq\Stock
MTCH,FULL,0,Nasdaq\Stock
MTD,FULL,0,Nasdaq\Stock
MTDR,FULL,0,Nasdaq\Stock
MTEK,FULL,0,Nasdaq\Stock
MTEM,FULL,0,Nasdaq\Stock
MTEN,FULL,0,Nasdaq\Stock
MTEX,FULL,0,Nasdaq\Stock
MTG,FULL,0,Nasdaq\Stock
MTH,FULL,0,Nasdaq\Stock
MTLS,FULL,0,Nasdaq\Stock
MTN,FULL,0,Nasdaq\Stock
MTNB,FULL,0,Nasdaq\Stock
MTRN,FULL,0,Nasdaq\Stock
MTRX,FULL,0,Nasdaq\Stock
MTSI,FULL,0,Nasdaq\Stock
MTTR,FULL,0,Nasdaq\Stock
MTUS,FULL,0,Nasdaq\Stock
MTW,FULL,0,Nasdaq\Stock
MTX,FULL,0,Nasdaq\Stock
MTZ,FULL,0,Nasdaq\Stock
MU,FULL,0,Nasdaq\Stock
MUA,FULL,0,Nasdaq\Stock
MUC,FULL,0,Nasdaq\Stock
MUE,FULL,0,Nasdaq\Stock
MUFG,FULL,0,Nasdaq\Stock
MUI,FULL,0,Nasdaq\Stock
MUJ,FULL,0,Nasdaq\Stock
MULN,FULL,0,Nasdaq\Stock
MUR,FULL,0,Nasdaq\Stock
MURA,FULL,0,Nasdaq\Stock
MUSA,FULL,0,Nasdaq\Stock
MUX,FULL,0,Nasdaq\Stock
MVBF,FULL,0,Nasdaq\Stock
MVF,FULL,0,Nasdaq\Stock
MVIS,FULL,0,Nasdaq\Stock
MVST,FULL,0,Nasdaq\Stock
MVT,FULL,0,Nasdaq\Stock
MWA,FULL,0,Nasdaq\Stock
MWG,FULL,0,Nasdaq\Stock
MX,FULL,0,Nasdaq\Stock
MXC,FULL,0,Nasdaq\Stock
MXCT,FULL,0,Nasdaq\Stock
MXE,FULL,0,Nasdaq\Stock
MXF,FULL,0,Nasdaq\Stock
MXL,FULL,0,Nasdaq\Stock
MYD,FULL,0,Nasdaq\Stock
MYE,FULL,0,Nasdaq\Stock
MYFW,FULL,0,Nasdaq\Stock
MYGN,FULL,0,Nasdaq\Stock
MYI,FULL,0,Nasdaq\Stock
MYN,FULL,0,Nasdaq\Stock
MYNA,FULL,0,Nasdaq\Stock
MYND,FULL,0,Nasdaq\Stock
MYNZ,FULL,0,Nasdaq\Stock
MYO,FULL,0,Nasdaq\Stock
MYPS,FULL,0,Nasdaq\Stock
MYRG,FULL,0,Nasdaq\Stock
MYSZ,FULL,0,Nasdaq\Stock
MYTE,FULL,0,Nasdaq\Stock
NA,FULL,0,Nasdaq\Stock
NAAS,FULL,0,Nasdaq\Stock
NABL,FULL,0,Nasdaq\Stock
NAC,FULL,0,Nasdaq\Stock
NAD,FULL,0,Nasdaq\Stock
NAII,FULL,0,Nasdaq\Stock
NAK,FULL,0,Nasdaq\Stock
NAMS,FULL,0,Nasdaq\Stock
NAN,FULL,0,Nasdaq\Stock
NAOV,FULL,0,Nasdaq\Stock
NAPA,FULL,0,Nasdaq\Stock
NARI,FULL,0,Nasdaq\Stock
NAT,FULL,0,Nasdaq\Stock
NATH,FULL,0,Nasdaq\Stock
NATL,FULL,0,Nasdaq\Stock
NATR,FULL,0,Nasdaq\Stock
NAUT,FULL,0,Nasdaq\Stock
NAVI,FULL,0,Nasdaq\Stock
NAZ,FULL,0,Nasdaq\Stock
NB,FULL,0,Nasdaq\Stock
NBB,FULL,0,Nasdaq\Stock
NBBK,FULL,0,Nasdaq\Stock
NBH,FULL,0,Nasdaq\Stock
NBHC,FULL,0,Nasdaq\Stock
NBIS,FULL,0,Nasdaq\Stock
NBIX,FULL,0,Nasdaq\Stock
NBN,FULL,0,Nasdaq\Stock
NBR,FULL,0,Nasdaq\Stock
NBST,FULL,0,Nasdaq\Stock
NBTB,FULL,0,Nasdaq\Stock
NBTX,FULL,0,Nasdaq\Stock
NBXG,FULL,0,Nasdaq\Stock
NBY,FULL,0,Nasdaq\Stock
NC,FULL,0,Nasdaq\Stock
NCA,FULL,0,Nasdaq\Stock
NCDL,FULL,0,Nasdaq\Stock
NCI,FULL,0,Nasdaq\Stock
NCL,FULL,0,Nasdaq\Stock
NCLH,FULL,0,Nasdaq\Stock
NCMI,FULL,0,Nasdaq\Stock
NCNA,FULL,0,Nasdaq\Stock
NCNC,FULL,0,Nasdaq\Stock
NCNO,FULL,0,Nasdaq\Stock
NCPL,FULL,0,Nasdaq\Stock
NCRA,FULL,0,Nasdaq\Stock
NCSM,FULL,0,Nasdaq\Stock
NCTY,FULL,0,Nasdaq\Stock
NCV,FULL,0,Nasdaq\Stock
NCV-PA,FULL,0,Nasdaq\Stock
NCZ,FULL,0,Nasdaq\Stock
NCZ-PA,FULL,0,Nasdaq\Stock
NDAQ,FULL,0,Nasdaq\Stock
NDLS,FULL,0,Nasdaq\Stock
NDMO,FULL,0,Nasdaq\Stock
NDP,FULL,0,Nasdaq\Stock
NDRA,FULL,0,Nasdaq\Stock
NDSN,FULL,0,Nasdaq\Stock
NE,FULL,0,Nasdaq\Stock
NEA,FULL,0,Nasdaq\Stock
NECB,FULL,0,Nasdaq\Stock
NEE,FULL,0,Nasdaq\Stock
NEGG,FULL,0,Nasdaq\Stock
NEM,FULL,0,Nasdaq\Stock
NEO,FULL,0,Nasdaq\Stock
NEOG,FULL,0,Nasdaq\Stock
NEON,FULL,0,Nasdaq\Stock
NEOV,FULL,0,Nasdaq\Stock
NEPH,FULL,0,Nasdaq\Stock
NERV,FULL,0,Nasdaq\Stock
NET,FULL,0,Nasdaq\Stock
NETD,FULL,0,Nasdaq\Stock
NEU,FULL,0,Nasdaq\Stock
NEUE,FULL,0,Nasdaq\Stock
NEWP,FULL,0,Nasdaq\Stock
NEWT,FULL,0,Nasdaq\Stock
NEXA,FULL,0,Nasdaq\Stock
NEXN,FULL,0,Nasdaq\Stock
NEXT,FULL,0,Nasdaq\Stock
NFBK,FULL,0,Nasdaq\Stock
NFE,FULL,0,Nasdaq\Stock
NFG,FULL,0,Nasdaq\Stock
NFGC,FULL,0,Nasdaq\Stock
NFJ,FULL,0,Nasdaq\Stock
NFLX,FULL,0,Nasdaq\Stock
NG,FULL,0,Nasdaq\Stock
NGD,FULL,0,Nasdaq\Stock
NGG,FULL,0,Nasdaq\Stock
NGL-PB,FULL,0,Nasdaq\Stock
NGL-PC,FULL,0,Nasdaq\Stock
NGNE,FULL,0,Nasdaq\Stock
NGS,FULL,0,Nasdaq\Stock
NGVC,FULL,0,Nasdaq\Stock
NGVT,FULL,0,Nasdaq\Stock
NHC,FULL,0,Nasdaq\Stock
NHI,FULL,0,Nasdaq\Stock
NHS,FULL,0,Nasdaq\Stock
NHTC,FULL,0,Nasdaq\Stock
NI,FULL,0,Nasdaq\Stock
NIC,FULL,0,Nasdaq\Stock
NICE,FULL,0,Nasdaq\Stock
NICK,FULL,0,Nasdaq\Stock
NIE,FULL,0,Nasdaq\Stock
NIM,FULL,0,Nasdaq\Stock
NINE,FULL,0,Nasdaq\Stock
NIO,FULL,0,Nasdaq\Stock
NIPG,FULL,0,Nasdaq\Stock
NISN,FULL,0,Nasdaq\Stock
NITO,FULL,0,Nasdaq\Stock
NIU,FULL,0,Nasdaq\Stock
NIVF,FULL,0,Nasdaq\Stock
NJR,FULL,0,Nasdaq\Stock
NKE,FULL,0,Nasdaq\Stock
NKGN,FULL,0,Nasdaq\Stock
NKLA,FULL,0,Nasdaq\Stock
NKSH,FULL,0,Nasdaq\Stock
NKTR,FULL,0,Nasdaq\Stock
NKTX,FULL,0,Nasdaq\Stock
NKX,FULL,0,Nasdaq\Stock
NL,FULL,0,Nasdaq\Stock
NLOP,FULL,0,Nasdaq\Stock
NLSP,FULL,0,Nasdaq\Stock
NLY,FULL,0,Nasdaq\Stock
NLY-PF,FULL,0,Nasdaq\Stock
NLY-PG,FULL,0,Nasdaq\Stock
NLY-PI,FULL,0,Nasdaq\Stock
NMAI,FULL,0,Nasdaq\Stock
NMCO,FULL,0,Nasdaq\Stock
NMFC,FULL,0,Nasdaq\Stock
NMG,FULL,0,Nasdaq\Stock
NMHI,FULL,0,Nasdaq\Stock
NMI,FULL,0,Nasdaq\Stock
NMIH,FULL,0,Nasdaq\Stock
NML,FULL,0,Nasdaq\Stock
NMR,FULL,0,Nasdaq\Stock
NMRA,FULL,0,Nasdaq\Stock
NMRK,FULL,0,Nasdaq\Stock
NMS,FULL,0,Nasdaq\Stock
NMT,FULL,0,Nasdaq\Stock
NMTC,FULL,0,Nasdaq\Stock
NMZ,FULL,0,Nasdaq\Stock
NN,FULL,0,Nasdaq\Stock
NNAG,FULL,0,Nasdaq\Stock
NNBR,FULL,0,Nasdaq\Stock
NNDM,FULL,0,Nasdaq\Stock
NNE,FULL,0,Nasdaq\Stock
NNI,FULL,0,Nasdaq\Stock
NNN,FULL,0,Nasdaq\Stock
NNOX,FULL,0,Nasdaq\Stock
NNVC,FULL,0,Nasdaq\Stock
NNY,FULL,0,Nasdaq\Stock
NOA,FULL,0,Nasdaq\Stock
NOAH,FULL,0,Nasdaq\Stock
NOC,FULL,0,Nasdaq\Stock
NODK,FULL,0,Nasdaq\Stock
NOG,FULL,0,Nasdaq\Stock
NOK,FULL,0,Nasdaq\Stock
NOM,FULL,0,Nasdaq\Stock
NOMD,FULL,0,Nasdaq\Stock
NOTE,FULL,0,Nasdaq\Stock
NOTV,FULL,0,Nasdaq\Stock
NOV,FULL,0,Nasdaq\Stock
NOVA,FULL,0,Nasdaq\Stock
NOVT,FULL,0,Nasdaq\Stock
NOVV,FULL,0,Nasdaq\Stock
NOW,FULL,0,Nasdaq\Stock
NPAB,FULL,0,Nasdaq\Stock
NPCE,FULL,0,Nasdaq\Stock
NPCT,FULL,0,Nasdaq\Stock
NPFD,FULL,0,Nasdaq\Stock
NPK,FULL,0,Nasdaq\Stock
NPO,FULL,0,Nasdaq\Stock
NPV,FULL,0,Nasdaq\Stock
NPWR,FULL,0,Nasdaq\Stock
NQP,FULL,0,Nasdaq\Stock
NR,FULL,0,Nasdaq\Stock
NRBO,FULL,0,Nasdaq\Stock
NRC,FULL,0,Nasdaq\Stock
NRDS,FULL,0,Nasdaq\Stock
NRDY,FULL,0,Nasdaq\Stock
NREF,FULL,0,Nasdaq\Stock
NREF-PA,FULL,0,Nasdaq\Stock
NRG,FULL,0,Nasdaq\Stock
NRGV,FULL,0,Nasdaq\Stock
NRIM,FULL,0,Nasdaq\Stock
NRIX,FULL,0,Nasdaq\Stock
NRK,FULL,0,Nasdaq\Stock
NRO,FULL,0,Nasdaq\Stock
NRSN,FULL,0,Nasdaq\Stock
NRXP,FULL,0,Nasdaq\Stock
NRXS,FULL,0,Nasdaq\Stock
NSA,FULL,0,Nasdaq\Stock
NSA-PA,FULL,0,Nasdaq\Stock
NSA-PB,FULL,0,Nasdaq\Stock
NSC,FULL,0,Nasdaq\Stock
NSIT,FULL,0,Nasdaq\Stock
NSP,FULL,0,Nasdaq\Stock
NSPR,FULL,0,Nasdaq\Stock
NSSC,FULL,0,Nasdaq\Stock
NSTS,FULL,0,Nasdaq\Stock
NSYS,FULL,0,Nasdaq\Stock
NTAP,FULL,0,Nasdaq\Stock
NTB,FULL,0,Nasdaq\Stock
NTBL,FULL,0,Nasdaq\Stock
NTCT,FULL,0,Nasdaq\Stock
NTES,FULL,0,Nasdaq\Stock
NTG,FULL,0,Nasdaq\Stock
NTGR,FULL,0,Nasdaq\Stock
NTIC,FULL,0,Nasdaq\Stock
NTIP,FULL,0,Nasdaq\Stock
NTLA,FULL,0,Nasdaq\Stock
NTNX,FULL,0,Nasdaq\Stock
NTR,FULL,0,Nasdaq\Stock
NTRA,FULL,0,Nasdaq\Stock
NTRB,FULL,0,Nasdaq\Stock
NTRP,FULL,0,Nasdaq\Stock
NTRS,FULL,0,Nasdaq\Stock
NTRSO,FULL,0,Nasdaq\Stock
NTST,FULL,0,Nasdaq\Stock
NTWK,FULL,0,Nasdaq\Stock
NTZ,FULL,0,Nasdaq\Stock
NU,FULL,0,Nasdaq\Stock
NUE,FULL,0,Nasdaq\Stock
NUKK,FULL,0,Nasdaq\Stock
NURO,FULL,0,Nasdaq\Stock
NUS,FULL,0,Nasdaq\Stock
NUTX,FULL,0,Nasdaq\Stock
NUV,FULL,0,Nasdaq\Stock
NUVB,FULL,0,Nasdaq\Stock
NUVL,FULL,0,Nasdaq\Stock
NUVO,FULL,0,Nasdaq\Stock
NUW,FULL,0,Nasdaq\Stock
NUWE,FULL,0,Nasdaq\Stock
NUZE,FULL,0,Nasdaq\Stock
NVA,FULL,0,Nasdaq\Stock
NVAC,FULL,0,Nasdaq\Stock
NVAX,FULL,0,Nasdaq\Stock
NVCR,FULL,0,Nasdaq\Stock
NVCT,FULL,0,Nasdaq\Stock
NVDA,FULL,1,Nasdaq\Stock
NVEC,FULL,0,Nasdaq\Stock
NVEE,FULL,0,Nasdaq\Stock
NVEI,FULL,0,Nasdaq\Stock
NVFY,FULL,0,Nasdaq\Stock
NVG,FULL,0,Nasdaq\Stock
NVGS,FULL,0,Nasdaq\Stock
NVMI,FULL,0,Nasdaq\Stock
NVNI,FULL,0,Nasdaq\Stock
NVNO,FULL,0,Nasdaq\Stock
NVO,FULL,0,Nasdaq\Stock
NVOS,FULL,0,Nasdaq\Stock
NVR,FULL,0,Nasdaq\Stock
NVRI,FULL,0,Nasdaq\Stock
NVRO,FULL,0,Nasdaq\Stock
NVS,FULL,0,Nasdaq\Stock
NVST,FULL,0,Nasdaq\Stock
NVT,FULL,0,Nasdaq\Stock
NVTS,FULL,0,Nasdaq\Stock
NVVE,FULL,0,Nasdaq\Stock
NVX,FULL,0,Nasdaq\Stock
NWBI,FULL,0,Nasdaq\Stock
NWE,FULL,0,Nasdaq\Stock
NWFL,FULL,0,Nasdaq\Stock
NWG,FULL,0,Nasdaq\Stock
NWGL,FULL,0,Nasdaq\Stock
NWL,FULL,0,Nasdaq\Stock
NWN,FULL,0,Nasdaq\Stock
NWPX,FULL,0,Nasdaq\Stock
NWS,FULL,0,Nasdaq\Stock
NWSA,FULL,0,Nasdaq\Stock
NWTN,FULL,0,Nasdaq\Stock
NX,FULL,0,Nasdaq\Stock
NXC,FULL,0,Nasdaq\Stock
NXDT,FULL,0,Nasdaq\Stock
NXDT-PA,FULL,0,Nasdaq\Stock
NXE,FULL,0,Nasdaq\Stock
NXG,FULL,0,Nasdaq\Stock
NXGL,FULL,0,Nasdaq\Stock
NXJ,FULL,0,Nasdaq\Stock
NXL,FULL,0,Nasdaq\Stock
NXN,FULL,0,Nasdaq\Stock
NXP,FULL,0,Nasdaq\Stock
NXPI,FULL,0,Nasdaq\Stock
NXPL,FULL,0,Nasdaq\Stock
NXRT,FULL,0,Nasdaq\Stock
NXST,FULL,0,Nasdaq\Stock
NXT,FULL,0,Nasdaq\Stock
NXTC,FULL,0,Nasdaq\Stock
NXTT,FULL,0,Nasdaq\Stock
NXU,FULL,0,Nasdaq\Stock
NYAX,FULL,0,Nasdaq\Stock
NYC,FULL,0,Nasdaq\Stock
NYCB,FULL,0,Nasdaq\Stock
NYCB-PA,FULL,0,Nasdaq\Stock
NYMT,FULL,0,Nasdaq\Stock
NYMTL,FULL,0,Nasdaq\Stock
NYMTM,FULL,0,Nasdaq\Stock
NYMTN,FULL,0,Nasdaq\Stock
NYMTZ,FULL,0,Nasdaq\Stock
NYT,FULL,0,Nasdaq\Stock
NYXH,FULL,0,Nasdaq\Stock
NZF,FULL,0,Nasdaq\Stock
O,FULL,0,Nasdaq\Stock
O-P,FULL,0,Nasdaq\Stock
OABI,FULL,0,Nasdaq\Stock
OAK-PA,FULL,0,Nasdaq\Stock
OAK-PB,FULL,0,Nasdaq\Stock
OAKU,FULL,0,Nasdaq\Stock
OB,FULL,0,Nasdaq\Stock
OBDC,FULL,0,Nasdaq\Stock
OBDE,FULL,0,Nasdaq\Stock
OBE,FULL,0,Nasdaq\Stock
OBIO,FULL,0,Nasdaq\Stock
OBK,FULL,0,Nasdaq\Stock
OBLG,FULL,0,Nasdaq\Stock
OBT,FULL,0,Nasdaq\Stock
OC,FULL,0,Nasdaq\Stock
OCC,FULL,0,Nasdaq\Stock
OCCI,FULL,0,Nasdaq\Stock
OCCIN,FULL,0,Nasdaq\Stock
OCCIO,FULL,0,Nasdaq\Stock
OCEA,FULL,0,Nasdaq\Stock
OCFC,FULL,0,Nasdaq\Stock
OCFCP,FULL,0,Nasdaq\Stock
OCFT,FULL,0,Nasdaq\Stock
OCG,FULL,0,Nasdaq\Stock
OCGN,FULL,0,Nasdaq\Stock
OCS,FULL,0,Nasdaq\Stock
OCSL,FULL,0,Nasdaq\Stock
OCTO,FULL,0,Nasdaq\Stock
OCUL,FULL,0,Nasdaq\Stock
OCUP,FULL,0,Nasdaq\Stock
OCX,FULL,0,Nasdaq\Stock
ODC,FULL,0,Nasdaq\Stock
ODD,FULL,0,Nasdaq\Stock
ODFL,FULL,0,Nasdaq\Stock
ODP,FULL,0,Nasdaq\Stock
ODV,FULL,0,Nasdaq\Stock
OEC,FULL,0,Nasdaq\Stock
OESX,FULL,0,Nasdaq\Stock
OFG,FULL,0,Nasdaq\Stock
OFIX,FULL,0,Nasdaq\Stock
OFLX,FULL,0,Nasdaq\Stock
OFS,FULL,0,Nasdaq\Stock
OGE,FULL,0,Nasdaq\Stock
OGEN,FULL,0,Nasdaq\Stock
OGI,FULL,0,Nasdaq\Stock
OGN,FULL,0,Nasdaq\Stock
OGS,FULL,0,Nasdaq\Stock
OHI,FULL,0,Nasdaq\Stock
OI,FULL,0,Nasdaq\Stock
OIA,FULL,0,Nasdaq\Stock
OII,FULL,0,Nasdaq\Stock
OIS,FULL,0,Nasdaq\Stock
OKE,FULL,0,Nasdaq\Stock
OKLO,FULL,0,Nasdaq\Stock
OKTA,FULL,0,Nasdaq\Stock
OKYO,FULL,0,Nasdaq\Stock
OLB,FULL,0,Nasdaq\Stock
OLED,FULL,0,Nasdaq\Stock
OLLI,FULL,0,Nasdaq\Stock
OLMA,FULL,0,Nasdaq\Stock
OLN,FULL,0,Nasdaq\Stock
OLO,FULL,0,Nasdaq\Stock
OLP,FULL,0,Nasdaq\Stock
OLPX,FULL,0,Nasdaq\Stock
OM,FULL,0,Nasdaq\Stock
OMAB,FULL,0,Nasdaq\Stock
OMC,FULL,0,Nasdaq\Stock
OMCL,FULL,0,Nasdaq\Stock
OMER,FULL,0,Nasdaq\Stock
OMEX,FULL,0,Nasdaq\Stock
OMF,FULL,0,Nasdaq\Stock
OMGA,FULL,0,Nasdaq\Stock
OMH,FULL,0,Nasdaq\Stock
OMI,FULL,0,Nasdaq\Stock
OMIC,FULL,0,Nasdaq\Stock
ON,FULL,0,Nasdaq\Stock
ONB,FULL,0,Nasdaq\Stock
ONBPO,FULL,0,Nasdaq\Stock
ONBPP,FULL,0,Nasdaq\Stock
ONCO,FULL,0,Nasdaq\Stock
ONCT,FULL,0,Nasdaq\Stock
ONCY,FULL,0,Nasdaq\Stock
ONDS,FULL,0,Nasdaq\Stock
ONEW,FULL,0,Nasdaq\Stock
ONFO,FULL,0,Nasdaq\Stock
ONIT,FULL,0,Nasdaq\Stock
ONL,FULL,0,Nasdaq\Stock
ONMD,FULL,0,Nasdaq\Stock
ONON,FULL,0,Nasdaq\Stock
ONTF,FULL,0,Nasdaq\Stock
ONTO,FULL,0,Nasdaq\Stock
ONVO,FULL,0,Nasdaq\Stock
ONYX,FULL,0,Nasdaq\Stock
OOMA,FULL,0,Nasdaq\Stock
OP,FULL,0,Nasdaq\Stock
OPAD,FULL,0,Nasdaq\Stock
OPAL,FULL,0,Nasdaq\Stock
OPBK,FULL,0,Nasdaq\Stock
OPCH,FULL,0,Nasdaq\Stock
OPEN,FULL,0,Nasdaq\Stock
OPFI,FULL,0,Nasdaq\Stock
OPGN,FULL,0,Nasdaq\Stock
OPHC,FULL,0,Nasdaq\Stock
OPI,FULL,0,Nasdaq\Stock
OPK,FULL,0,Nasdaq\Stock
OPOF,FULL,0,Nasdaq\Stock
OPP,FULL,0,Nasdaq\Stock
OPP-PA,FULL,0,Nasdaq\Stock
OPP-PB,FULL,0,Nasdaq\Stock
OPRA,FULL,0,Nasdaq\Stock
OPRT,FULL,0,Nasdaq\Stock
OPRX,FULL,0,Nasdaq\Stock
OPT,FULL,0,Nasdaq\Stock
OPTN,FULL,0,Nasdaq\Stock
OPTT,FULL,0,Nasdaq\Stock
OPTX,FULL,0,Nasdaq\Stock
OPXS,FULL,0,Nasdaq\Stock
OPY,FULL,0,Nasdaq\Stock
OR,FULL,0,Nasdaq\Stock
ORA,FULL,0,Nasdaq\Stock
ORAN,FULL,0,Nasdaq\Stock
ORC,FULL,0,Nasdaq\Stock
ORCL,FULL,0,Nasdaq\Stock
ORGN,FULL,0,Nasdaq\Stock
ORGO,FULL,0,Nasdaq\Stock
ORGS,FULL,0,Nasdaq\Stock
ORI,FULL,0,Nasdaq\Stock
ORIC,FULL,0,Nasdaq\Stock
ORKT,FULL,0,Nasdaq\Stock
ORLA,FULL,0,Nasdaq\Stock
ORLY,FULL,0,Nasdaq\Stock
ORMP,FULL,0,Nasdaq\Stock
ORN,FULL,0,Nasdaq\Stock
ORRF,FULL,0,Nasdaq\Stock
OS,FULL,0,Nasdaq\Stock
OSBC,FULL,0,Nasdaq\Stock
OSCR,FULL,0,Nasdaq\Stock
OSIS,FULL,0,Nasdaq\Stock
OSK,FULL,0,Nasdaq\Stock
OSPN,FULL,0,Nasdaq\Stock
OSS,FULL,0,Nasdaq\Stock
OST,FULL,0,Nasdaq\Stock
OSTX,FULL,0,Nasdaq\Stock
OSUR,FULL,0,Nasdaq\Stock
OSW,FULL,0,Nasdaq\Stock
OTEX,FULL,0,Nasdaq\Stock
OTIS,FULL,0,Nasdaq\Stock
OTLK,FULL,0,Nasdaq\Stock
OTLY,FULL,0,Nasdaq\Stock
OTRK,FULL,0,Nasdaq\Stock
OTTR,FULL,0,Nasdaq\Stock
OUST,FULL,0,Nasdaq\Stock
OUT,FULL,0,Nasdaq\Stock
OVBC,FULL,0,Nasdaq\Stock
OVID,FULL,0,Nasdaq\Stock
OVLY,FULL,0,Nasdaq\Stock
OVV,FULL,0,Nasdaq\Stock
OWL,FULL,0,Nasdaq\Stock
OWLT,FULL,0,Nasdaq\Stock
OXBR,FULL,0,Nasdaq\Stock
OXLC,FULL,0,Nasdaq\Stock
OXLCN,FULL,0,Nasdaq\Stock
OXLCO,FULL,0,Nasdaq\Stock
OXLCP,FULL,0,Nasdaq\Stock
OXM,FULL,0,Nasdaq\Stock
OXSQ,FULL,0,Nasdaq\Stock
OXY,FULL,0,Nasdaq\Stock
OZK,FULL,0,Nasdaq\Stock
OZKAP,FULL,0,Nasdaq\Stock
PAAS,FULL,0,Nasdaq\Stock
PAC,FULL,0,Nasdaq\Stock
PACB,FULL,0,Nasdaq\Stock
PACK,FULL,0,Nasdaq\Stock
PACS,FULL,0,Nasdaq\Stock
PAG,FULL,0,Nasdaq\Stock
PAGS,FULL,0,Nasdaq\Stock
PAHC,FULL,0,Nasdaq\Stock
PAI,FULL,0,Nasdaq\Stock
PAL,FULL,0,Nasdaq\Stock
PALI,FULL,0,Nasdaq\Stock
PALT,FULL,0,Nasdaq\Stock
PAM,FULL,0,Nasdaq\Stock
PANL,FULL,0,Nasdaq\Stock
PANW,FULL,0,Nasdaq\Stock
PAPL,FULL,0,Nasdaq\Stock
PAR,FULL,0,Nasdaq\Stock
PARA,FULL,0,Nasdaq\Stock
PARAA,FULL,0,Nasdaq\Stock
PARR,FULL,0,Nasdaq\Stock
PASG,FULL,0,Nasdaq\Stock
PATH,FULL,0,Nasdaq\Stock
PATK,FULL,0,Nasdaq\Stock
PAVM,FULL,0,Nasdaq\Stock
PAVS,FULL,0,Nasdaq\Stock
PAX,FULL,0,Nasdaq\Stock
PAXS,FULL,0,Nasdaq\Stock
PAY,FULL,0,Nasdaq\Stock
PAYC,FULL,0,Nasdaq\Stock
PAYO,FULL,0,Nasdaq\Stock
PAYS,FULL,0,Nasdaq\Stock
PAYX,FULL,0,Nasdaq\Stock
PB,FULL,0,Nasdaq\Stock
PBA,FULL,0,Nasdaq\Stock
PBBK,FULL,0,Nasdaq\Stock
PBF,FULL,0,Nasdaq\Stock
PBFS,FULL,0,Nasdaq\Stock
PBH,FULL,0,Nasdaq\Stock
PBHC,FULL,0,Nasdaq\Stock
PBI,FULL,0,Nasdaq\Stock
PBM,FULL,0,Nasdaq\Stock
PBPB,FULL,0,Nasdaq\Stock
PBR,FULL,0,Nasdaq\Stock
PBR-A,FULL,0,Nasdaq\Stock
PBYI,FULL,0,Nasdaq\Stock
PCAR,FULL,0,Nasdaq\Stock
PCB,FULL,0,Nasdaq\Stock
PCF,FULL,0,Nasdaq\Stock
PCG,FULL,0,Nasdaq\Stock
PCG-PA,FULL,0,Nasdaq\Stock
PCG-PB,FULL,0,Nasdaq\Stock
PCG-PC,FULL,0,Nasdaq\Stock
PCG-PD,FULL,0,Nasdaq\Stock
PCG-PE,FULL,0,Nasdaq\Stock
PCG-PG,FULL,0,Nasdaq\Stock
PCG-PH,FULL,0,Nasdaq\Stock
PCG-PI,FULL,0,Nasdaq\Stock
PCH,FULL,0,Nasdaq\Stock
PCK,FULL,0,Nasdaq\Stock
PCM,FULL,0,Nasdaq\Stock
PCN,FULL,0,Nasdaq\Stock
PCOR,FULL,0,Nasdaq\Stock
PCQ,FULL,0,Nasdaq\Stock
PCRX,FULL,0,Nasdaq\Stock
PCSA,FULL,0,Nasdaq\Stock
PCSC,FULL,0,Nasdaq\Stock
PCT,FULL,0,Nasdaq\Stock
PCTY,FULL,0,Nasdaq\Stock
PCVX,FULL,0,Nasdaq\Stock
PCYO,FULL,0,Nasdaq\Stock
PD,FULL,0,Nasdaq\Stock
PDCC,FULL,0,Nasdaq\Stock
PDCO,FULL,0,Nasdaq\Stock
PDD,FULL,0,Nasdaq\Stock
PDEX,FULL,0,Nasdaq\Stock
PDFS,FULL,0,Nasdaq\Stock
PDI,FULL,0,Nasdaq\Stock
PDLB,FULL,0,Nasdaq\Stock
PDM,FULL,0,Nasdaq\Stock
PDO,FULL,0,Nasdaq\Stock
PDS,FULL,0,Nasdaq\Stock
PDSB,FULL,0,Nasdaq\Stock
PDT,FULL,0,Nasdaq\Stock
PDX,FULL,0,Nasdaq\Stock
PDYN,FULL,0,Nasdaq\Stock
PEB,FULL,0,Nasdaq\Stock
PEB-PE,FULL,0,Nasdaq\Stock
PEB-PF,FULL,0,Nasdaq\Stock
PEB-PG,FULL,0,Nasdaq\Stock
PEB-PH,FULL,0,Nasdaq\Stock
PEBK,FULL,0,Nasdaq\Stock
PEBO,FULL,0,Nasdaq\Stock
PECO,FULL,0,Nasdaq\Stock
PED,FULL,0,Nasdaq\Stock
PEG,FULL,0,Nasdaq\Stock
PEGA,FULL,0,Nasdaq\Stock
PEGY,FULL,0,Nasdaq\Stock
PEN,FULL,0,Nasdaq\Stock
PENN,FULL,0,Nasdaq\Stock
PEO,FULL,0,Nasdaq\Stock
PEP,FULL,0,Nasdaq\Stock
PEPG,FULL,0,Nasdaq\Stock
PERF,FULL,0,Nasdaq\Stock
PERI,FULL,0,Nasdaq\Stock
PESI,FULL,0,Nasdaq\Stock
PET,FULL,0,Nasdaq\Stock
PETQ,FULL,0,Nasdaq\Stock
PETS,FULL,0,Nasdaq\Stock
PETZ,FULL,0,Nasdaq\Stock
PEV,FULL,0,Nasdaq\Stock
PFBC,FULL,0,Nasdaq\Stock
PFC,FULL,0,Nasdaq\Stock
PFD,FULL,0,Nasdaq\Stock
PFE,FULL,0,Nasdaq\Stock
PFG,FULL,0,Nasdaq\Stock
PFGC,FULL,0,Nasdaq\Stock
PFIE,FULL,0,Nasdaq\Stock
PFIS,FULL,0,Nasdaq\Stock
PFL,FULL,0,Nasdaq\Stock
PFLT,FULL,0,Nasdaq\Stock
PFMT,FULL,0,Nasdaq\Stock
PFN,FULL,0,Nasdaq\Stock
PFO,FULL,0,Nasdaq\Stock
PFS,FULL,0,Nasdaq\Stock
PFSI,FULL,0,Nasdaq\Stock
PFTA,FULL,0,Nasdaq\Stock
PFX,FULL,0,Nasdaq\Stock
PG,FULL,0,Nasdaq\Stock
PGC,FULL,0,Nasdaq\Stock
PGEN,FULL,0,Nasdaq\Stock
PGHL,FULL,0,Nasdaq\Stock
PGNY,FULL,0,Nasdaq\Stock
PGP,FULL,0,Nasdaq\Stock
PGR,FULL,0,Nasdaq\Stock
PGRE,FULL,0,Nasdaq\Stock
PGRU,FULL,0,Nasdaq\Stock
PGY,FULL,0,Nasdaq\Stock
PGZ,FULL,0,Nasdaq\Stock
PH,FULL,0,Nasdaq\Stock
PHAR,FULL,0,Nasdaq\Stock
PHAT,FULL,0,Nasdaq\Stock
PHD,FULL,0,Nasdaq\Stock
PHG,FULL,0,Nasdaq\Stock
PHGE,FULL,0,Nasdaq\Stock
PHI,FULL,0,Nasdaq\Stock
PHIN,FULL,0,Nasdaq\Stock
PHIO,FULL,0,Nasdaq\Stock
PHK,FULL,0,Nasdaq\Stock
PHM,FULL,0,Nasdaq\Stock
PHR,FULL,0,Nasdaq\Stock
PHT,FULL,0,Nasdaq\Stock
PHUN,FULL,0,Nasdaq\Stock
PHVS,FULL,0,Nasdaq\Stock
PHX,FULL,0,Nasdaq\Stock
PHYT,FULL,0,Nasdaq\Stock
PI,FULL,0,Nasdaq\Stock
PII,FULL,0,Nasdaq\Stock
PIII,FULL,0,Nasdaq\Stock
PIK,FULL,0,Nasdaq\Stock
PIM,FULL,0,Nasdaq\Stock
PINC,FULL,0,Nasdaq\Stock
PINE,FULL,0,Nasdaq\Stock
PINS,FULL,0,Nasdaq\Stock
PIPR,FULL,0,Nasdaq\Stock
PIRS,FULL,0,Nasdaq\Stock
PITA,FULL,0,Nasdaq\Stock
PIXY,FULL,0,Nasdaq\Stock
PJT,FULL,0,Nasdaq\Stock
PK,FULL,0,Nasdaq\Stock
PKBK,FULL,0,Nasdaq\Stock
PKE,FULL,0,Nasdaq\Stock
PKG,FULL,0,Nasdaq\Stock
PKOH,FULL,0,Nasdaq\Stock
PKST,FULL,0,Nasdaq\Stock
PKX,FULL,0,Nasdaq\Stock
PL,FULL,0,Nasdaq\Stock
PLAB,FULL,0,Nasdaq\Stock
PLAG,FULL,0,Nasdaq\Stock
PLAO,FULL,0,Nasdaq\Stock
PLAY,FULL,0,Nasdaq\Stock
PLBC,FULL,0,Nasdaq\Stock
PLBY,FULL,0,Nasdaq\Stock
PLCE,FULL,0,Nasdaq\Stock
PLD,FULL,0,Nasdaq\Stock
PLG,FULL,0,Nasdaq\Stock
PLL,FULL,0,Nasdaq\Stock
PLMI,FULL,0,Nasdaq\Stock
PLMJ,FULL,0,Nasdaq\Stock
PLMR,FULL,0,Nasdaq\Stock
PLNT,FULL,0,Nasdaq\Stock
PLOW,FULL,0,Nasdaq\Stock
PLPC,FULL,0,Nasdaq\Stock
PLRX,FULL,0,Nasdaq\Stock
PLSE,FULL,0,Nasdaq\Stock
PLTK,FULL,0,Nasdaq\Stock
PLTR,FULL,0,Nasdaq\Stock
PLUG,FULL,0,Nasdaq\Stock
PLUR,FULL,0,Nasdaq\Stock
PLUS,FULL,0,Nasdaq\Stock
PLX,FULL,0,Nasdaq\Stock
PLXS,FULL,0,Nasdaq\Stock
PLYA,FULL,0,Nasdaq\Stock
PLYM,FULL,0,Nasdaq\Stock
PM,FULL,0,Nasdaq\Stock
PMCB,FULL,0,Nasdaq\Stock
PMD,FULL,0,Nasdaq\Stock
PMEC,FULL,0,Nasdaq\Stock
PMF,FULL,0,Nasdaq\Stock
PML,FULL,0,Nasdaq\Stock
PMM,FULL,0,Nasdaq\Stock
PMN,FULL,0,Nasdaq\Stock
PMNT,FULL,0,Nasdaq\Stock
PMO,FULL,0,Nasdaq\Stock
PMT,FULL,0,Nasdaq\Stock
PMT-PA,FULL,0,Nasdaq\Stock
PMT-PB,FULL,0,Nasdaq\Stock
PMT-PC,FULL,0,Nasdaq\Stock
PMTS,FULL,0,Nasdaq\Stock
PMVP,FULL,0,Nasdaq\Stock
PMX,FULL,0,Nasdaq\Stock
PNBK,FULL,0,Nasdaq\Stock
PNC,FULL,0,Nasdaq\Stock
PNF,FULL,0,Nasdaq\Stock
PNFP,FULL,0,Nasdaq\Stock
PNFPP,FULL,0,Nasdaq\Stock
PNI,FULL,0,Nasdaq\Stock
PNNT,FULL,0,Nasdaq\Stock
PNR,FULL,0,Nasdaq\Stock
PNRG,FULL,0,Nasdaq\Stock
PNST,FULL,0,Nasdaq\Stock
PNTG,FULL,0,Nasdaq\Stock
PNW,FULL,0,Nasdaq\Stock
POAI,FULL,0,Nasdaq\Stock
POCI,FULL,0,Nasdaq\Stock
PODC,FULL,0,Nasdaq\Stock
PODD,FULL,0,Nasdaq\Stock
POET,FULL,0,Nasdaq\Stock
POLA,FULL,0,Nasdaq\Stock
POOL,FULL,0,Nasdaq\Stock
POR,FULL,0,Nasdaq\Stock
POST,FULL,0,Nasdaq\Stock
POWI,FULL,0,Nasdaq\Stock
POWL,FULL,0,Nasdaq\Stock
POWW,FULL,0,Nasdaq\Stock
POWWP,FULL,0,Nasdaq\Stock
PPBI,FULL,0,Nasdaq\Stock
PPBT,FULL,0,Nasdaq\Stock
PPC,FULL,0,Nasdaq\Stock
PPG,FULL,0,Nasdaq\Stock
PPIH,FULL,0,Nasdaq\Stock
PPL,FULL,0,Nasdaq\Stock
PPSI,FULL,0,Nasdaq\Stock
PPT,FULL,0,Nasdaq\Stock
PPTA,FULL,0,Nasdaq\Stock
PPYA,FULL,0,Nasdaq\Stock
PR,FULL,0,Nasdaq\Stock
PRA,FULL,0,Nasdaq\Stock
PRAA,FULL,0,Nasdaq\Stock
PRAX,FULL,0,Nasdaq\Stock
PRCH,FULL,0,Nasdaq\Stock
PRCT,FULL,0,Nasdaq\Stock
PRDO,FULL,0,Nasdaq\Stock
PRE,FULL,0,Nasdaq\Stock
PRFT,FULL,0,Nasdaq\Stock
PRFX,FULL,0,Nasdaq\Stock
PRG,FULL,0,Nasdaq\Stock
PRGO,FULL,0,Nasdaq\Stock
PRGS,FULL,0,Nasdaq\Stock
PRI,FULL,0,Nasdaq\Stock
PRIF-PD,FULL,0,Nasdaq\Stock
PRIF-PF,FULL,0,Nasdaq\Stock
PRIF-PG,FULL,0,Nasdaq\Stock
PRIF-PH,FULL,0,Nasdaq\Stock
PRIF-PI,FULL,0,Nasdaq\Stock
PRIF-PJ,FULL,0,Nasdaq\Stock
PRIF-PK,FULL,0,Nasdaq\Stock
PRIF-PL,FULL,0,Nasdaq\Stock
PRIM,FULL,0,Nasdaq\Stock
PRK,FULL,0,Nasdaq\Stock
PRKS,FULL,0,Nasdaq\Stock
PRLB,FULL,0,Nasdaq\Stock
PRLD,FULL,0,Nasdaq\Stock
PRLH,FULL,0,Nasdaq\Stock
PRM,FULL,0,Nasdaq\Stock
PRME,FULL,0,Nasdaq\Stock
PRMW,FULL,0,Nasdaq\Stock
PRO,FULL,0,Nasdaq\Stock
PROC,FULL,0,Nasdaq\Stock
PROF,FULL,0,Nasdaq\Stock
PROK,FULL,0,Nasdaq\Stock
PROP,FULL,0,Nasdaq\Stock
PROV,FULL,0,Nasdaq\Stock
PRPH,FULL,0,Nasdaq\Stock
PRPL,FULL,0,Nasdaq\Stock
PRPO,FULL,0,Nasdaq\Stock
PRQR,FULL,0,Nasdaq\Stock
PRSO,FULL,0,Nasdaq\Stock
PRTA,FULL,0,Nasdaq\Stock
PRTC,FULL,0,Nasdaq\Stock
PRTG,FULL,0,Nasdaq\Stock
PRTH,FULL,0,Nasdaq\Stock
PRTS,FULL,0,Nasdaq\Stock
PRU,FULL,0,Nasdaq\Stock
PRVA,FULL,0,Nasdaq\Stock
PRZO,FULL,0,Nasdaq\Stock
PSA,FULL,0,Nasdaq\Stock
PSA-PF,FULL,0,Nasdaq\Stock
PSA-PG,FULL,0,Nasdaq\Stock
PSA-PH,FULL,0,Nasdaq\Stock
PSA-PI,FULL,0,Nasdaq\Stock
PSA-PJ,FULL,0,Nasdaq\Stock
PSA-PK,FULL,0,Nasdaq\Stock
PSA-PL,FULL,0,Nasdaq\Stock
PSA-PM,FULL,0,Nasdaq\Stock
PSA-PN,FULL,0,Nasdaq\Stock
PSA-PO,FULL,0,Nasdaq\Stock
PSA-PP,FULL,0,Nasdaq\Stock
PSA-PQ,FULL,0,Nasdaq\Stock
PSA-PR,FULL,0,Nasdaq\Stock
PSA-PS,FULL,0,Nasdaq\Stock
PSBD,FULL,0,Nasdaq\Stock
PSEC,FULL,0,Nasdaq\Stock
PSEC-PA,FULL,0,Nasdaq\Stock
PSF,FULL,0,Nasdaq\Stock
PSFE,FULL,0,Nasdaq\Stock
PSHG,FULL,0,Nasdaq\Stock
PSIG,FULL,0,Nasdaq\Stock
PSMT,FULL,0,Nasdaq\Stock
PSN,FULL,0,Nasdaq\Stock
PSNL,FULL,0,Nasdaq\Stock
PSNY,FULL,0,Nasdaq\Stock
PSO,FULL,0,Nasdaq\Stock
PSQH,FULL,0,Nasdaq\Stock
PSTG,FULL,0,Nasdaq\Stock
PSTL,FULL,0,Nasdaq\Stock
PSTV,FULL,0,Nasdaq\Stock
PSTX,FULL,0,Nasdaq\Stock
PSX,FULL,0,Nasdaq\Stock
PT,FULL,0,Nasdaq\Stock
PTA,FULL,0,Nasdaq\Stock
PTC,FULL,0,Nasdaq\Stock
PTCT,FULL,0,Nasdaq\Stock
PTEN,FULL,0,Nasdaq\Stock
PTGX,FULL,0,Nasdaq\Stock
PTIX,FULL,0,Nasdaq\Stock
PTLO,FULL,0,Nasdaq\Stock
PTMN,FULL,0,Nasdaq\Stock
PTN,FULL,0,Nasdaq\Stock
PTON,FULL,0,Nasdaq\Stock
PTPI,FULL,0,Nasdaq\Stock
PTSI,FULL,0,Nasdaq\Stock
PTVE,FULL,0,Nasdaq\Stock
PTWO,FULL,0,Nasdaq\Stock
PTY,FULL,0,Nasdaq\Stock
PUBM,FULL,0,Nasdaq\Stock
PUK,FULL,0,Nasdaq\Stock
PULM,FULL,0,Nasdaq\Stock
PUMP,FULL,0,Nasdaq\Stock
PVBC,FULL,0,Nasdaq\Stock
PVH,FULL,0,Nasdaq\Stock
PW,FULL,0,Nasdaq\Stock
PW-PA,FULL,0,Nasdaq\Stock
PWM,FULL,0,Nasdaq\Stock
PWOD,FULL,0,Nasdaq\Stock
PWP,FULL,0,Nasdaq\Stock
PWR,FULL,0,Nasdaq\Stock
PWSC,FULL,0,Nasdaq\Stock
PWUP,FULL,0,Nasdaq\Stock
PX,FULL,0,Nasdaq\Stock
PXDT,FULL,0,Nasdaq\Stock
PXLW,FULL,0,Nasdaq\Stock
PXS,FULL,0,Nasdaq\Stock
PXSAP,FULL,0,Nasdaq\Stock
PYCR,FULL,0,Nasdaq\Stock
PYN,FULL,0,Nasdaq\Stock
PYPD,FULL,0,Nasdaq\Stock
PYPL,FULL,0,Nasdaq\Stock
PYXS,FULL,0,Nasdaq\Stock
PZC,FULL,0,Nasdaq\Stock
PZG,FULL,0,Nasdaq\Stock
PZZA,FULL,0,Nasdaq\Stock
QBTS,FULL,0,Nasdaq\Stock
QCOM,FULL,0,Nasdaq\Stock
QCRH,FULL,0,Nasdaq\Stock
QD,FULL,0,Nasdaq\Stock
QDEL,FULL,0,Nasdaq\Stock
QETA,FULL,0,Nasdaq\Stock
QFIN,FULL,0,Nasdaq\Stock
QGEN,FULL,0,Nasdaq\Stock
QH,FULL,0,Nasdaq\Stock
QIPT,FULL,0,Nasdaq\Stock
QLGN,FULL,0,Nasdaq\Stock
QLYS,FULL,0,Nasdaq\Stock
QMCO,FULL,0,Nasdaq\Stock
QMMM,FULL,0,Nasdaq\Stock
QNCX,FULL,0,Nasdaq\Stock
QNRX,FULL,0,Nasdaq\Stock
QNST,FULL,0,Nasdaq\Stock
QNTM,FULL,0,Nasdaq\Stock
QOMO,FULL,0,Nasdaq\Stock
QQQX,FULL,0,Nasdaq\Stock
QRHC,FULL,0,Nasdaq\Stock
QRTEA,FULL,0,Nasdaq\Stock
QRTEB,FULL,0,Nasdaq\Stock
QRTEP,FULL,0,Nasdaq\Stock
QRVO,FULL,0,Nasdaq\Stock
QS,FULL,0,Nasdaq\Stock
QSG,FULL,0,Nasdaq\Stock
QSI,FULL,0,Nasdaq\Stock
QSR,FULL,0,Nasdaq\Stock
QTI,FULL,0,Nasdaq\Stock
QTRX,FULL,0,Nasdaq\Stock
QTTB,FULL,0,Nasdaq\Stock
QTWO,FULL,0,Nasdaq\Stock
QUAD,FULL,0,Nasdaq\Stock
QUBT,FULL,0,Nasdaq\Stock
QUIK,FULL,0,Nasdaq\Stock
QURE,FULL,0,Nasdaq\Stock
QXO,FULL,0,Nasdaq\Stock
R,FULL,0,Nasdaq\Stock
RA,FULL,0,Nasdaq\Stock
RACE,FULL,0,Nasdaq\Stock
RAIL,FULL,0,Nasdaq\Stock
RAMP,FULL,0,Nasdaq\Stock
RAND,FULL,0,Nasdaq\Stock
RANI,FULL,0,Nasdaq\Stock
RAPP,FULL,0,Nasdaq\Stock
RAPT,FULL,0,Nasdaq\Stock
RARE,FULL,0,Nasdaq\Stock
RAVE,FULL,0,Nasdaq\Stock
RAY,FULL,0,Nasdaq\Stock
RAYA,FULL,0,Nasdaq\Stock
RBA,FULL,0,Nasdaq\Stock
RBB,FULL,0,Nasdaq\Stock
RBBN,FULL,0,Nasdaq\Stock
RBC,FULL,0,Nasdaq\Stock
RBCAA,FULL,0,Nasdaq\Stock
RBCP,FULL,0,Nasdaq\Stock
RBKB,FULL,0,Nasdaq\Stock
RBLX,FULL,0,Nasdaq\Stock
RBOT,FULL,0,Nasdaq\Stock
RBRK,FULL,0,Nasdaq\Stock
RC,FULL,0,Nasdaq\Stock
RC-PC,FULL,0,Nasdaq\Stock
RC-PE,FULL,0,Nasdaq\Stock
RCAT,FULL,0,Nasdaq\Stock
RCEL,FULL,0,Nasdaq\Stock
RCFA,FULL,0,Nasdaq\Stock
RCG,FULL,0,Nasdaq\Stock
RCI,FULL,0,Nasdaq\Stock
RCKT,FULL,0,Nasdaq\Stock
RCKY,FULL,0,Nasdaq\Stock
RCL,FULL,0,Nasdaq\Stock
RCM,FULL,0,Nasdaq\Stock
RCMT,FULL,0,Nasdaq\Stock
RCON,FULL,0,Nasdaq\Stock
RCRT,FULL,0,Nasdaq\Stock
RCS,FULL,0,Nasdaq\Stock
RCUS,FULL,0,Nasdaq\Stock
RDCM,FULL,0,Nasdaq\Stock
RDDT,FULL,0,Nasdaq\Stock
RDFN,FULL,0,Nasdaq\Stock
RDHL,FULL,0,Nasdaq\Stock
RDI,FULL,0,Nasdaq\Stock
RDIB,FULL,0,Nasdaq\Stock
RDN,FULL,0,Nasdaq\Stock
RDNT,FULL,0,Nasdaq\Stock
RDUS,FULL,0,Nasdaq\Stock
RDVT,FULL,0,Nasdaq\Stock
RDW,FULL,0,Nasdaq\Stock
RDWR,FULL,0,Nasdaq\Stock
RDY,FULL,0,Nasdaq\Stock
RDZN,FULL,0,Nasdaq\Stock
REAL,FULL,0,Nasdaq\Stock
REAX,FULL,0,Nasdaq\Stock
REBN,FULL,0,Nasdaq\Stock
RECT,FULL,0,Nasdaq\Stock
REE,FULL,0,Nasdaq\Stock
REFI,FULL,0,Nasdaq\Stock
REFR,FULL,0,Nasdaq\Stock
REG,FULL,0,Nasdaq\Stock
REGCO,FULL,0,Nasdaq\Stock
REGCP,FULL,0,Nasdaq\Stock
REGN,FULL,0,Nasdaq\Stock
REI,FULL,0,Nasdaq\Stock
REKR,FULL,0,Nasdaq\Stock
RELI,FULL,0,Nasdaq\Stock
RELL,FULL,0,Nasdaq\Stock
RELX,FULL,0,Nasdaq\Stock
RELY,FULL,0,Nasdaq\Stock
RENB,FULL,0,Nasdaq\Stock
RENE,FULL,0,Nasdaq\Stock
RENT,FULL,0,Nasdaq\Stock
REPL,FULL,0,Nasdaq\Stock
REPX,FULL,0,Nasdaq\Stock
RERE,FULL,0,Nasdaq\Stock
RES,FULL,0,Nasdaq\Stock
RETO,FULL,0,Nasdaq\Stock
REVB,FULL,0,Nasdaq\Stock
REVG,FULL,0,Nasdaq\Stock
REX,FULL,0,Nasdaq\Stock
REXR,FULL,0,Nasdaq\Stock
REXR-PB,FULL,0,Nasdaq\Stock
REXR-PC,FULL,0,Nasdaq\Stock
REYN,FULL,0,Nasdaq\Stock
REZI,FULL,0,Nasdaq\Stock
RF,FULL,0,Nasdaq\Stock
RF-PB,FULL,0,Nasdaq\Stock
RF-PC,FULL,0,Nasdaq\Stock
RF-PE,FULL,0,Nasdaq\Stock
RF-PF,FULL,0,Nasdaq\Stock
RFAC,FULL,0,Nasdaq\Stock
RFAI,FULL,0,Nasdaq\Stock
RFI,FULL,0,Nasdaq\Stock
RFIL,FULL,0,Nasdaq\Stock
RFL,FULL,0,Nasdaq\Stock
RFM,FULL,0,Nasdaq\Stock
RFMZ,FULL,0,Nasdaq\Stock
RGA,FULL,0,Nasdaq\Stock
RGC,FULL,0,Nasdaq\Stock
RGCO,FULL,0,Nasdaq\Stock
RGEN,FULL,0,Nasdaq\Stock
RGF,FULL,0,Nasdaq\Stock
RGLD,FULL,0,Nasdaq\Stock
RGLS,FULL,0,Nasdaq\Stock
RGNX,FULL,0,Nasdaq\Stock
RGP,FULL,0,Nasdaq\Stock
RGR,FULL,0,Nasdaq\Stock
RGS,FULL,0,Nasdaq\Stock
RGT,FULL,0,Nasdaq\Stock
RGTI,FULL,0,Nasdaq\Stock
RH,FULL,0,Nasdaq\Stock
RHE,FULL,0,Nasdaq\Stock
RHE-PA,FULL,0,Nasdaq\Stock
RHI,FULL,0,Nasdaq\Stock
RHP,FULL,0,Nasdaq\Stock
RICK,FULL,0,Nasdaq\Stock
RIG,FULL,0,Nasdaq\Stock
RIGL,FULL,0,Nasdaq\Stock
RILY,FULL,0,Nasdaq\Stock
RILYL,FULL,0,Nasdaq\Stock
RILYP,FULL,0,Nasdaq\Stock
RIO,FULL,0,Nasdaq\Stock
RIOT,FULL,0,Nasdaq\Stock
RITM,FULL,0,Nasdaq\Stock
RITM-PA,FULL,0,Nasdaq\Stock
RITM-PB,FULL,0,Nasdaq\Stock
RITM-PC,FULL,0,Nasdaq\Stock
RITM-PD,FULL,0,Nasdaq\Stock
RITR,FULL,0,Nasdaq\Stock
RIV,FULL,0,Nasdaq\Stock
RIV-PA,FULL,0,Nasdaq\Stock
RIVN,FULL,0,Nasdaq\Stock
RJF,FULL,0,Nasdaq\Stock
RJF-PB,FULL,0,Nasdaq\Stock
RKDA,FULL,0,Nasdaq\Stock
RKLB,FULL,0,Nasdaq\Stock
RKT,FULL,0,Nasdaq\Stock
RL,FULL,0,Nasdaq\Stock
RLAY,FULL,0,Nasdaq\Stock
RLGT,FULL,0,Nasdaq\Stock
RLI,FULL,0,Nasdaq\Stock
RLJ,FULL,0,Nasdaq\Stock
RLJ-PA,FULL,0,Nasdaq\Stock
RLMD,FULL,0,Nasdaq\Stock
RLTY,FULL,0,Nasdaq\Stock
RLX,FULL,0,Nasdaq\Stock
RLYB,FULL,0,Nasdaq\Stock
RM,FULL,0,Nasdaq\Stock
RMAX,FULL,0,Nasdaq\Stock
RMBI,FULL,0,Nasdaq\Stock
RMBL,FULL,0,Nasdaq\Stock
RMBS,FULL,0,Nasdaq\Stock
RMCF,FULL,0,Nasdaq\Stock
RMCO,FULL,0,Nasdaq\Stock
RMD,FULL,0,Nasdaq\Stock
RMI,FULL,0,Nasdaq\Stock
RMM,FULL,0,Nasdaq\Stock
RMMZ,FULL,0,Nasdaq\Stock
RMNI,FULL,0,Nasdaq\Stock
RMPL-P,FULL,0,Nasdaq\Stock
RMR,FULL,0,Nasdaq\Stock
RMT,FULL,0,Nasdaq\Stock
RMTI,FULL,0,Nasdaq\Stock
RNA,FULL,0,Nasdaq\Stock
RNAC,FULL,0,Nasdaq\Stock
RNAZ,FULL,0,Nasdaq\Stock
RNG,FULL,0,Nasdaq\Stock
RNGR,FULL,0,Nasdaq\Stock
RNLX,FULL,0,Nasdaq\Stock
RNP,FULL,0,Nasdaq\Stock
RNR,FULL,0,Nasdaq\Stock
RNR-PF,FULL,0,Nasdaq\Stock
RNR-PG,FULL,0,Nasdaq\Stock
RNST,FULL,0,Nasdaq\Stock
RNW,FULL,0,Nasdaq\Stock
RNXT,FULL,0,Nasdaq\Stock
ROAD,FULL,0,Nasdaq\Stock
ROCK,FULL,0,Nasdaq\Stock
ROCL,FULL,0,Nasdaq\Stock
ROG,FULL,0,Nasdaq\Stock
ROIC,FULL,0,Nasdaq\Stock
ROIV,FULL,0,Nasdaq\Stock
ROK,FULL,0,Nasdaq\Stock
ROKU,FULL,0,Nasdaq\Stock
ROL,FULL,0,Nasdaq\Stock
ROMA,FULL,0,Nasdaq\Stock
ROOT,FULL,0,Nasdaq\Stock
ROP,FULL,0,Nasdaq\Stock
ROST,FULL,0,Nasdaq\Stock
RPAY,FULL,0,Nasdaq\Stock
RPD,FULL,0,Nasdaq\Stock
RPHM,FULL,0,Nasdaq\Stock
RPID,FULL,0,Nasdaq\Stock
RPM,FULL,0,Nasdaq\Stock
RPRX,FULL,0,Nasdaq\Stock
RPTX,FULL,0,Nasdaq\Stock
RQI,FULL,0,Nasdaq\Stock
RR,FULL,0,Nasdaq\Stock
RRAC,FULL,0,Nasdaq\Stock
RRBI,FULL,0,Nasdaq\Stock
RRC,FULL,0,Nasdaq\Stock
RRGB,FULL,0,Nasdaq\Stock
RRR,FULL,0,Nasdaq\Stock
RRX,FULL,0,Nasdaq\Stock
RS,FULL,0,Nasdaq\Stock
RSF,FULL,0,Nasdaq\Stock
RSG,FULL,0,Nasdaq\Stock
RSI,FULL,0,Nasdaq\Stock
RSKD,FULL,0,Nasdaq\Stock
RSLS,FULL,0,Nasdaq\Stock
RSSS,FULL,0,Nasdaq\Stock
RSTN,FULL,0,Nasdaq\Stock
RSVR,FULL,0,Nasdaq\Stock
RTC,FULL,0,Nasdaq\Stock
RTO,FULL,0,Nasdaq\Stock
RTX,FULL,0,Nasdaq\Stock
RUM,FULL,0,Nasdaq\Stock
RUN,FULL,0,Nasdaq\Stock
RUSHA,FULL,0,Nasdaq\Stock
RUSHB,FULL,0,Nasdaq\Stock
RVLV,FULL,0,Nasdaq\Stock
RVMD,FULL,0,Nasdaq\Stock
RVNC,FULL,0,Nasdaq\Stock
RVP,FULL,0,Nasdaq\Stock
RVPH,FULL,0,Nasdaq\Stock
RVSB,FULL,0,Nasdaq\Stock
RVSN,FULL,0,Nasdaq\Stock
RVT,FULL,0,Nasdaq\Stock
RVTY,FULL,0,Nasdaq\Stock
RVYL,FULL,0,Nasdaq\Stock
RWAY,FULL,0,Nasdaq\Stock
RWT,FULL,0,Nasdaq\Stock
RWT-PA,FULL,0,Nasdaq\Stock
RXO,FULL,0,Nasdaq\Stock
RXRX,FULL,0,Nasdaq\Stock
RXST,FULL,0,Nasdaq\Stock
RXT,FULL,0,Nasdaq\Stock
RY,FULL,0,Nasdaq\Stock
RYAAY,FULL,0,Nasdaq\Stock
RYAM,FULL,0,Nasdaq\Stock
RYAN,FULL,0,Nasdaq\Stock
RYDE,FULL,0,Nasdaq\Stock
RYI,FULL,0,Nasdaq\Stock
RYN,FULL,0,Nasdaq\Stock
RYTM,FULL,0,Nasdaq\Stock
RZLT,FULL,0,Nasdaq\Stock
RZLV,FULL,0,Nasdaq\Stock
S,FULL,0,Nasdaq\Stock
SA,FULL,0,Nasdaq\Stock
SABA,FULL,0,Nasdaq\Stock
SABR,FULL,0,Nasdaq\Stock
SABS,FULL,0,Nasdaq\Stock
SACH,FULL,0,Nasdaq\Stock
SACH-PA,FULL,0,Nasdaq\Stock
SAFE,FULL,0,Nasdaq\Stock
SAFT,FULL,0,Nasdaq\Stock
SAGE,FULL,0,Nasdaq\Stock
SAH,FULL,0,Nasdaq\Stock
SAI,FULL,0,Nasdaq\Stock
SAIA,FULL,0,Nasdaq\Stock
SAIC,FULL,0,Nasdaq\Stock
SAM,FULL,0,Nasdaq\Stock
SAMG,FULL,0,Nasdaq\Stock
SAN,FULL,0,Nasdaq\Stock
SANA,FULL,0,Nasdaq\Stock
SAND,FULL,0,Nasdaq\Stock
SANG,FULL,0,Nasdaq\Stock
SANM,FULL,0,Nasdaq\Stock
SANW,FULL,0,Nasdaq\Stock
SAP,FULL,0,Nasdaq\Stock
SAR,FULL,0,Nasdaq\Stock
SASR,FULL,0,Nasdaq\Stock
SATL,FULL,0,Nasdaq\Stock
SATS,FULL,0,Nasdaq\Stock
SATX,FULL,0,Nasdaq\Stock
SAVA,FULL,0,Nasdaq\Stock
SAVE,FULL,0,Nasdaq\Stock
SB,FULL,0,Nasdaq\Stock
SB-PC,FULL,0,Nasdaq\Stock
SB-PD,FULL,0,Nasdaq\Stock
SBAC,FULL,0,Nasdaq\Stock
SBCF,FULL,0,Nasdaq\Stock
SBET,FULL,0,Nasdaq\Stock
SBEV,FULL,0,Nasdaq\Stock
SBFG,FULL,0,Nasdaq\Stock
SBFM,FULL,0,Nasdaq\Stock
SBGI,FULL,0,Nasdaq\Stock
SBH,FULL,0,Nasdaq\Stock
SBI,FULL,0,Nasdaq\Stock
SBLK,FULL,0,Nasdaq\Stock
SBRA,FULL,0,Nasdaq\Stock
SBS,FULL,0,Nasdaq\Stock
SBSI,FULL,0,Nasdaq\Stock
SBSW,FULL,0,Nasdaq\Stock
SBT,FULL,0,Nasdaq\Stock
SBUX,FULL,0,Nasdaq\Stock
SBXC,FULL,0,Nasdaq\Stock
SCCO,FULL,0,Nasdaq\Stock
SCD,FULL,0,Nasdaq\Stock
SCE-PJ,FULL,0,Nasdaq\Stock
SCE-PK,FULL,0,Nasdaq\Stock
SCE-PL,FULL,0,Nasdaq\Stock
SCE-PM,FULL,0,Nasdaq\Stock
SCE-PN,FULL,0,Nasdaq\Stock
SCHL,FULL,0,Nasdaq\Stock
SCHW,FULL,0,Nasdaq\Stock
SCHW-PD,FULL,0,Nasdaq\Stock
SCHW-PJ,FULL,0,Nasdaq\Stock
SCI,FULL,0,Nasdaq\Stock
SCKT,FULL,0,Nasdaq\Stock
SCL,FULL,0,Nasdaq\Stock
SCLX,FULL,0,Nasdaq\Stock
SCM,FULL,0,Nasdaq\Stock
SCNI,FULL,0,Nasdaq\Stock
SCOR,FULL,0,Nasdaq\Stock
SCPH,FULL,0,Nasdaq\Stock
SCPX,FULL,0,Nasdaq\Stock
SCS,FULL,0,Nasdaq\Stock
SCSC,FULL,0,Nasdaq\Stock
SCVL,FULL,0,Nasdaq\Stock
SCWO,FULL,0,Nasdaq\Stock
SCWX,FULL,0,Nasdaq\Stock
SCYX,FULL,0,Nasdaq\Stock
SD,FULL,0,Nasdaq\Stock
SDA,FULL,0,Nasdaq\Stock
SDGR,FULL,0,Nasdaq\Stock
SDHC,FULL,0,Nasdaq\Stock
SDHY,FULL,0,Nasdaq\Stock
SDIG,FULL,0,Nasdaq\Stock
SDOT,FULL,0,Nasdaq\Stock
SDRL,FULL,0,Nasdaq\Stock
SDST,FULL,0,Nasdaq\Stock
SE,FULL,0,Nasdaq\Stock
SEAL-PA,FULL,0,Nasdaq\Stock
SEAL-PB,FULL,0,Nasdaq\Stock
SEAT,FULL,0,Nasdaq\Stock
SEB,FULL,0,Nasdaq\Stock
SEDA,FULL,0,Nasdaq\Stock
SEDG,FULL,0,Nasdaq\Stock
SEE,FULL,0,Nasdaq\Stock
SEED,FULL,0,Nasdaq\Stock
SEEL,FULL,0,Nasdaq\Stock
SEER,FULL,0,Nasdaq\Stock
SEG,FULL,0,Nasdaq\Stock
SEIC,FULL,0,Nasdaq\Stock
SELF,FULL,0,Nasdaq\Stock
SELX,FULL,0,Nasdaq\Stock
SEM,FULL,0,Nasdaq\Stock
SEMR,FULL,0,Nasdaq\Stock
SENEA,FULL,0,Nasdaq\Stock
SENEB,FULL,0,Nasdaq\Stock
SENS,FULL,0,Nasdaq\Stock
SER,FULL,0,Nasdaq\Stock
SERA,FULL,0,Nasdaq\Stock
SERV,FULL,0,Nasdaq\Stock
SES,FULL,0,Nasdaq\Stock
SEVN,FULL,0,Nasdaq\Stock
SEZL,FULL,0,Nasdaq\Stock
SF,FULL,0,Nasdaq\Stock
SF-PB,FULL,0,Nasdaq\Stock
SF-PC,FULL,0,Nasdaq\Stock
SF-PD,FULL,0,Nasdaq\Stock
SFBC,FULL,0,Nasdaq\Stock
SFBS,FULL,0,Nasdaq\Stock
SFIX,FULL,0,Nasdaq\Stock
SFL,FULL,0,Nasdaq\Stock
SFM,FULL,0,Nasdaq\Stock
SFNC,FULL,0,Nasdaq\Stock
SFST,FULL,0,Nasdaq\Stock
SFWL,FULL,0,Nasdaq\Stock
SG,FULL,0,Nasdaq\Stock
SGA,FULL,0,Nasdaq\Stock
SGBX,FULL,0,Nasdaq\Stock
SGC,FULL,0,Nasdaq\Stock
SGD,FULL,0,Nasdaq\Stock
SGE,FULL,0,Nasdaq\Stock
SGH,FULL,0,Nasdaq\Stock
SGHC,FULL,0,Nasdaq\Stock
SGHT,FULL,0,Nasdaq\Stock
SGLY,FULL,0,Nasdaq\Stock
SGMA,FULL,0,Nasdaq\Stock
SGML,FULL,0,Nasdaq\Stock
SGMO,FULL,0,Nasdaq\Stock
SGMT,FULL,0,Nasdaq\Stock
SGN,FULL,0,Nasdaq\Stock
SGRP,FULL,0,Nasdaq\Stock
SGRY,FULL,0,Nasdaq\Stock
SHAK,FULL,0,Nasdaq\Stock
SHBI,FULL,0,Nasdaq\Stock
SHC,FULL,0,Nasdaq\Stock
SHCO,FULL,0,Nasdaq\Stock
SHCR,FULL,0,Nasdaq\Stock
SHEL,FULL,0,Nasdaq\Stock
SHEN,FULL,0,Nasdaq\Stock
SHFS,FULL,0,Nasdaq\Stock
SHG,FULL,0,Nasdaq\Stock
SHIM,FULL,0,Nasdaq\Stock
SHIP,FULL,0,Nasdaq\Stock
SHLS,FULL,0,Nasdaq\Stock
SHLT,FULL,0,Nasdaq\Stock
SHMD,FULL,0,Nasdaq\Stock
SHO,FULL,0,Nasdaq\Stock
SHO-PH,FULL,0,Nasdaq\Stock
SHO-PI,FULL,0,Nasdaq\Stock
SHOO,FULL,0,Nasdaq\Stock
SHOP,FULL,0,Nasdaq\Stock
SHOT,FULL,0,Nasdaq\Stock
SHPH,FULL,0,Nasdaq\Stock
SHW,FULL,0,Nasdaq\Stock
SHYF,FULL,0,Nasdaq\Stock
SIBN,FULL,0,Nasdaq\Stock
SID,FULL,0,Nasdaq\Stock
SIDU,FULL,0,Nasdaq\Stock
SIEB,FULL,0,Nasdaq\Stock
SIF,FULL,0,Nasdaq\Stock
SIFY,FULL,0,Nasdaq\Stock
SIG,FULL,0,Nasdaq\Stock
SIGA,FULL,0,Nasdaq\Stock
SIGI,FULL,0,Nasdaq\Stock
SIGIP,FULL,0,Nasdaq\Stock
SII,FULL,0,Nasdaq\Stock
SILA,FULL,0,Nasdaq\Stock
SILC,FULL,0,Nasdaq\Stock
SILK,FULL,0,Nasdaq\Stock
SILO,FULL,0,Nasdaq\Stock
SILV,FULL,0,Nasdaq\Stock
SIM,FULL,0,Nasdaq\Stock
SIMO,FULL,0,Nasdaq\Stock
SING,FULL,0,Nasdaq\Stock
SINT,FULL,0,Nasdaq\Stock
SIRI,FULL,0,Nasdaq\Stock
SISI,FULL,0,Nasdaq\Stock
SITC,FULL,0,Nasdaq\Stock
SITC-PA,FULL,0,Nasdaq\Stock
SITE,FULL,0,Nasdaq\Stock
SITM,FULL,0,Nasdaq\Stock
SJ,FULL,0,Nasdaq\Stock
SJM,FULL,0,Nasdaq\Stock
SJW,FULL,0,Nasdaq\Stock
SKE,FULL,0,Nasdaq\Stock
SKGR,FULL,0,Nasdaq\Stock
SKIL,FULL,0,Nasdaq\Stock
SKIN,FULL,0,Nasdaq\Stock
SKLZ,FULL,0,Nasdaq\Stock
SKM,FULL,0,Nasdaq\Stock
SKT,FULL,0,Nasdaq\Stock
SKWD,FULL,0,Nasdaq\Stock
SKX,FULL,0,Nasdaq\Stock
SKY,FULL,0,Nasdaq\Stock
SKYE,FULL,0,Nasdaq\Stock
SKYH,FULL,0,Nasdaq\Stock
SKYT,FULL,0,Nasdaq\Stock
SKYW,FULL,0,Nasdaq\Stock
SKYX,FULL,0,Nasdaq\Stock
SLAB,FULL,0,Nasdaq\Stock
SLAM,FULL,0,Nasdaq\Stock
SLB,FULL,0,Nasdaq\Stock
SLDB,FULL,0,Nasdaq\Stock
SLDP,FULL,0,Nasdaq\Stock
SLE,FULL,0,Nasdaq\Stock
SLF,FULL,0,Nasdaq\Stock
SLG,FULL,0,Nasdaq\Stock
SLG-PI,FULL,0,Nasdaq\Stock
SLGL,FULL,0,Nasdaq\Stock
SLGN,FULL,0,Nasdaq\Stock
SLI,FULL,0,Nasdaq\Stock
SLM,FULL,0,Nasdaq\Stock
SLMBP,FULL,0,Nasdaq\Stock
SLN,FULL,0,Nasdaq\Stock
SLND,FULL,0,Nasdaq\Stock
SLNG,FULL,0,Nasdaq\Stock
SLNH,FULL,0,Nasdaq\Stock
SLNHP,FULL,0,Nasdaq\Stock
SLNO,FULL,0,Nasdaq\Stock
SLP,FULL,0,Nasdaq\Stock
SLQT,FULL,0,Nasdaq\Stock
SLRC,FULL,0,Nasdaq\Stock
SLRN,FULL,0,Nasdaq\Stock
SLRX,FULL,0,Nasdaq\Stock
SLS,FULL,0,Nasdaq\Stock
SLSR,FULL,0,Nasdaq\Stock
SLVM,FULL,0,Nasdaq\Stock
SLXN,FULL,0,Nasdaq\Stock
SM,FULL,0,Nasdaq\Stock
SMAR,FULL,0,Nasdaq\Stock
SMBC,FULL,0,Nasdaq\Stock
SMBK,FULL,0,Nasdaq\Stock
SMCI,FULL,0,Nasdaq\Stock
SMFG,FULL,0,Nasdaq\Stock
SMFL,FULL,0,Nasdaq\Stock
SMG,FULL,0,Nasdaq\Stock
SMHI,FULL,0,Nasdaq\Stock
SMID,FULL,0,Nasdaq\Stock
SMLR,FULL,0,Nasdaq\Stock
SMMT,FULL,0,Nasdaq\Stock
SMP,FULL,0,Nasdaq\Stock
SMPL,FULL,0,Nasdaq\Stock
SMR,FULL,0,Nasdaq\Stock
SMRT,FULL,0,Nasdaq\Stock
SMSI,FULL,0,Nasdaq\Stock
SMTC,FULL,0,Nasdaq\Stock
SMTI,FULL,0,Nasdaq\Stock
SMTK,FULL,0,Nasdaq\Stock
SMWB,FULL,0,Nasdaq\Stock
SMX,FULL,0,Nasdaq\Stock
SMXT,FULL,0,Nasdaq\Stock
SN,FULL,0,Nasdaq\Stock
SNA,FULL,0,Nasdaq\Stock
SNAL,FULL,0,Nasdaq\Stock
SNAP,FULL,0,Nasdaq\Stock
SNAX,FULL,0,Nasdaq\Stock
SNBR,FULL,0,Nasdaq\Stock
SNCR,FULL,0,Nasdaq\Stock
SNCY,FULL,0,Nasdaq\Stock
SND,FULL,0,Nasdaq\Stock
SNDA,FULL,0,Nasdaq\Stock
SNDL,FULL,0,Nasdaq\Stock
SNDR,FULL,0,Nasdaq\Stock
SNDX,FULL,0,Nasdaq\Stock
SNES,FULL,0,Nasdaq\Stock
SNEX,FULL,0,Nasdaq\Stock
SNFCA,FULL,0,Nasdaq\Stock
SNGX,FULL,0,Nasdaq\Stock
SNN,FULL,0,Nasdaq\Stock
SNOA,FULL,0,Nasdaq\Stock
SNOW,FULL,0,Nasdaq\Stock
SNPS,FULL,0,Nasdaq\Stock
SNPX,FULL,0,Nasdaq\Stock
SNSE,FULL,0,Nasdaq\Stock
SNT,FULL,0,Nasdaq\Stock
SNTG,FULL,0,Nasdaq\Stock
SNTI,FULL,0,Nasdaq\Stock
SNV,FULL,0,Nasdaq\Stock
SNV-PD,FULL,0,Nasdaq\Stock
SNV-PE,FULL,0,Nasdaq\Stock
SNX,FULL,0,Nasdaq\Stock
SNY,FULL,0,Nasdaq\Stock
SO,FULL,0,Nasdaq\Stock
SOAR,FULL,0,Nasdaq\Stock
SOBR,FULL,0,Nasdaq\Stock
SOC,FULL,0,Nasdaq\Stock
SOFI,FULL,0,Nasdaq\Stock
SOGP,FULL,0,Nasdaq\Stock
SOHO,FULL,0,Nasdaq\Stock
SOHOB,FULL,0,Nasdaq\Stock
SOHON,FULL,0,Nasdaq\Stock
SOHOO,FULL,0,Nasdaq\Stock
SOHU,FULL,0,Nasdaq\Stock
SOI,FULL,0,Nasdaq\Stock
SOL,FULL,0,Nasdaq\Stock
SOLV,FULL,0,Nasdaq\Stock
SON,FULL,0,Nasdaq\Stock
SOND,FULL,0,Nasdaq\Stock
SONM,FULL,0,Nasdaq\Stock
SONN,FULL,0,Nasdaq\Stock
SONO,FULL,0,Nasdaq\Stock
SONY,FULL,0,Nasdaq\Stock
SOPA,FULL,0,Nasdaq\Stock
SOPH,FULL,0,Nasdaq\Stock
SOR,FULL,0,Nasdaq\Stock
SOS,FULL,0,Nasdaq\Stock
SOTK,FULL,0,Nasdaq\Stock
SOUN,FULL,0,Nasdaq\Stock
SOWG,FULL,0,Nasdaq\Stock
SPB,FULL,0,Nasdaq\Stock
SPCB,FULL,0,Nasdaq\Stock
SPCE,FULL,0,Nasdaq\Stock
SPE,FULL,0,Nasdaq\Stock
SPE-PC,FULL,0,Nasdaq\Stock
SPFI,FULL,0,Nasdaq\Stock
SPG,FULL,0,Nasdaq\Stock
SPG-PJ,FULL,0,Nasdaq\Stock
SPGC,FULL,0,Nasdaq\Stock
SPGI,FULL,0,Nasdaq\Stock
SPHR,FULL,0,Nasdaq\Stock
SPI,FULL,0,Nasdaq\Stock
SPIR,FULL,0,Nasdaq\Stock
SPKL,FULL,0,Nasdaq\Stock
SPLP-PA,FULL,0,Nasdaq\Stock
SPMC,FULL,0,Nasdaq\Stock
SPNS,FULL,0,Nasdaq\Stock
SPNT,FULL,0,Nasdaq\Stock
SPNT-PB,FULL,0,Nasdaq\Stock
SPOK,FULL,0,Nasdaq\Stock
SPOT,FULL,0,Nasdaq\Stock
SPPL,FULL,0,Nasdaq\Stock
SPR,FULL,0,Nasdaq\Stock
SPRB,FULL,0,Nasdaq\Stock
SPRC,FULL,0,Nasdaq\Stock
SPRO,FULL,0,Nasdaq\Stock
SPRU,FULL,0,Nasdaq\Stock
SPRY,FULL,0,Nasdaq\Stock
SPSC,FULL,0,Nasdaq\Stock
SPT,FULL,0,Nasdaq\Stock
SPTN,FULL,0,Nasdaq\Stock
SPWH,FULL,0,Nasdaq\Stock
SPXC,FULL,0,Nasdaq\Stock
SPXX,FULL,0,Nasdaq\Stock
SQ,FULL,0,Nasdaq\Stock
SQFT,FULL,0,Nasdaq\Stock
SQFTP,FULL,0,Nasdaq\Stock
SQM,FULL,0,Nasdaq\Stock
SQNS,FULL,0,Nasdaq\Stock
SQSP,FULL,0,Nasdaq\Stock
SR,FULL,0,Nasdaq\Stock
SR-PA,FULL,0,Nasdaq\Stock
SRAD,FULL,0,Nasdaq\Stock
SRBK,FULL,0,Nasdaq\Stock
SRCE,FULL,0,Nasdaq\Stock
SRCL,FULL,0,Nasdaq\Stock
SRDX,FULL,0,Nasdaq\Stock
SRE,FULL,0,Nasdaq\Stock
SRFM,FULL,0,Nasdaq\Stock
SRG,FULL,0,Nasdaq\Stock
SRG-PA,FULL,0,Nasdaq\Stock
SRI,FULL,0,Nasdaq\Stock
SRL,FULL,0,Nasdaq\Stock
SRM,FULL,0,Nasdaq\Stock
SRPT,FULL,0,Nasdaq\Stock
SRRK,FULL,0,Nasdaq\Stock
SRTS,FULL,0,Nasdaq\Stock
SRV,FULL,0,Nasdaq\Stock
SRZN,FULL,0,Nasdaq\Stock
SSB,FULL,0,Nasdaq\Stock
SSBI,FULL,0,Nasdaq\Stock
SSBK,FULL,0,Nasdaq\Stock
SSD,FULL,0,Nasdaq\Stock
SSIC,FULL,0,Nasdaq\Stock
SSKN,FULL,0,Nasdaq\Stock
SSL,FULL,0,Nasdaq\Stock
SSNC,FULL,0,Nasdaq\Stock
SSP,FULL,0,Nasdaq\Stock
SSRM,FULL,0,Nasdaq\Stock
SSSS,FULL,0,Nasdaq\Stock
SST,FULL,0,Nasdaq\Stock
SSTI,FULL,0,Nasdaq\Stock
SSTK,FULL,0,Nasdaq\Stock
SSY,FULL,0,Nasdaq\Stock
SSYS,FULL,0,Nasdaq\Stock
ST,FULL,0,Nasdaq\Stock
STAA,FULL,0,Nasdaq\Stock
STAF,FULL,0,Nasdaq\Stock
STAG,FULL,0,Nasdaq\Stock
STBA,FULL,0,Nasdaq\Stock
STBX,FULL,0,Nasdaq\Stock
STC,FULL,0,Nasdaq\Stock
STCN,FULL,0,Nasdaq\Stock
STE,FULL,0,Nasdaq\Stock
STEC,FULL,0,Nasdaq\Stock
STEL,FULL,0,Nasdaq\Stock
STEM,FULL,0,Nasdaq\Stock
STEP,FULL,0,Nasdaq\Stock
STER,FULL,0,Nasdaq\Stock
STEW,FULL,0,Nasdaq\Stock
STG,FULL,0,Nasdaq\Stock
STGW,FULL,0,Nasdaq\Stock
STHO,FULL,0,Nasdaq\Stock
STI,FULL,0,Nasdaq\Stock
STIM,FULL,0,Nasdaq\Stock
STK,FULL,0,Nasdaq\Stock
STKH,FULL,0,Nasdaq\Stock
STKL,FULL,0,Nasdaq\Stock
STKS,FULL,0,Nasdaq\Stock
STLA,FULL,0,Nasdaq\Stock
STLD,FULL,0,Nasdaq\Stock
STM,FULL,0,Nasdaq\Stock
STN,FULL,0,Nasdaq\Stock
STNE,FULL,0,Nasdaq\Stock
STNG,FULL,0,Nasdaq\Stock
STOK,FULL,0,Nasdaq\Stock
STR,FULL,0,Nasdaq\Stock
STRA,FULL,0,Nasdaq\Stock
STRL,FULL,0,Nasdaq\Stock
STRM,FULL,0,Nasdaq\Stock
STRO,FULL,0,Nasdaq\Stock
STRR,FULL,0,Nasdaq\Stock
STRRP,FULL,0,Nasdaq\Stock
STRS,FULL,0,Nasdaq\Stock
STRT,FULL,0,Nasdaq\Stock
STRW,FULL,0,Nasdaq\Stock
STSS,FULL,0,Nasdaq\Stock
STT,FULL,0,Nasdaq\Stock
STT-PG,FULL,0,Nasdaq\Stock
STTK,FULL,0,Nasdaq\Stock
STVN,FULL,0,Nasdaq\Stock
STWD,FULL,0,Nasdaq\Stock
STX,FULL,0,Nasdaq\Stock
STXS,FULL,0,Nasdaq\Stock
STZ,FULL,0,Nasdaq\Stock
SU,FULL,0,Nasdaq\Stock
SUGP,FULL,0,Nasdaq\Stock
SUI,FULL,0,Nasdaq\Stock
SUM,FULL,0,Nasdaq\Stock
SUNS,FULL,0,Nasdaq\Stock
SUP,FULL,0,Nasdaq\Stock
SUPN,FULL,0,Nasdaq\Stock
SUPV,FULL,0,Nasdaq\Stock
SURG,FULL,0,Nasdaq\Stock
SUUN,FULL,0,Nasdaq\Stock
SUZ,FULL,0,Nasdaq\Stock
SVA,FULL,0,Nasdaq\Stock
SVC,FULL,0,Nasdaq\Stock
SVCO,FULL,0,Nasdaq\Stock
SVII,FULL,0,Nasdaq\Stock
SVM,FULL,0,Nasdaq\Stock
SVMH,FULL,0,Nasdaq\Stock
SVRA,FULL,0,Nasdaq\Stock
SVRE,FULL,0,Nasdaq\Stock
SVT,FULL,0,Nasdaq\Stock
SVV,FULL,0,Nasdaq\Stock
SW,FULL,0,Nasdaq\Stock
SWAG,FULL,0,Nasdaq\Stock
SWBI,FULL,0,Nasdaq\Stock
SWI,FULL,0,Nasdaq\Stock
SWIM,FULL,0,Nasdaq\Stock
SWIN,FULL,0,Nasdaq\Stock
SWK,FULL,0,Nasdaq\Stock
SWKH,FULL,0,Nasdaq\Stock
SWKS,FULL,0,Nasdaq\Stock
SWN,FULL,0,Nasdaq\Stock
SWTX,FULL,0,Nasdaq\Stock
SWVL,FULL,0,Nasdaq\Stock
SWX,FULL,0,Nasdaq\Stock
SWZ,FULL,0,Nasdaq\Stock
SXC,FULL,0,Nasdaq\Stock
SXI,FULL,0,Nasdaq\Stock
SXT,FULL,0,Nasdaq\Stock
SXTC,FULL,0,Nasdaq\Stock
SXTP,FULL,0,Nasdaq\Stock
SY,FULL,0,Nasdaq\Stock
SYBT,FULL,0,Nasdaq\Stock
SYBX,FULL,0,Nasdaq\Stock
SYF,FULL,0,Nasdaq\Stock
SYF-PA,FULL,0,Nasdaq\Stock
SYF-PB,FULL,0,Nasdaq\Stock
SYK,FULL,0,Nasdaq\Stock
SYM,FULL,0,Nasdaq\Stock
SYNA,FULL,0,Nasdaq\Stock
SYNX,FULL,0,Nasdaq\Stock
SYPR,FULL,0,Nasdaq\Stock
SYRA,FULL,0,Nasdaq\Stock
SYRE,FULL,0,Nasdaq\Stock
SYRS,FULL,0,Nasdaq\Stock
SYT,FULL,0,Nasdaq\Stock
SYTA,FULL,0,Nasdaq\Stock
SYY,FULL,0,Nasdaq\Stock
PIZ,FULL,0,Nasdaq\ETF
PJAN,FULL,0,Nasdaq\ETF
PJBF,FULL,0,Nasdaq\ETF
PJFG,FULL,0,Nasdaq\ETF
PJFM,FULL,0,Nasdaq\ETF
PJFV,FULL,0,Nasdaq\ETF
PJIO,FULL,0,Nasdaq\ETF
PJP,FULL,0,Nasdaq\ETF
PJUL,FULL,0,Nasdaq\ETF
PJUN,FULL,0,Nasdaq\ETF
PKB,FULL,0,Nasdaq\ETF
PKW,FULL,0,Nasdaq\ETF
PLDR,FULL,0,Nasdaq\ETF
PLTM,FULL,0,Nasdaq\ETF
PMAR,FULL,0,Nasdaq\ETF
PMAY,FULL,0,Nasdaq\ETF
PMIO,FULL,0,Nasdaq\ETF
PNOV,FULL,0,Nasdaq\ETF
PNQI,FULL,0,Nasdaq\ETF
POCT,FULL,0,Nasdaq\ETF
POWA,FULL,0,Nasdaq\ETF
PP,FULL,0,Nasdaq\ETF
PPA,FULL,0,Nasdaq\ETF
PPEM,FULL,0,Nasdaq\ETF
PPH,FULL,0,Nasdaq\ETF
PPI,FULL,0,Nasdaq\ETF
PPIE,FULL,0,Nasdaq\ETF
PPLT,FULL,0,Nasdaq\ETF
PPTY,FULL,0,Nasdaq\ETF
PQDI,FULL,0,Nasdaq\ETF
PRAE,FULL,0,Nasdaq\ETF
PRAY,FULL,0,Nasdaq\ETF
PREF,FULL,0,Nasdaq\ETF
PRF,FULL,0,Nasdaq\ETF
PRFD,FULL,0,Nasdaq\ETF
PRFZ,FULL,0,Nasdaq\ETF
PRMN,FULL,0,Nasdaq\ETF
PRN,FULL,0,Nasdaq\ETF
PRNT,FULL,0,Nasdaq\ETF
PSC,FULL,0,Nasdaq\ETF
PSCC,FULL,0,Nasdaq\ETF
PSCD,FULL,0,Nasdaq\ETF
PSCE,FULL,0,Nasdaq\ETF
PSCF,FULL,0,Nasdaq\ETF
PSCH,FULL,0,Nasdaq\ETF
PSCI,FULL,0,Nasdaq\ETF
PSCJ,FULL,0,Nasdaq\ETF
PSCM,FULL,0,Nasdaq\ETF
PSCQ,FULL,0,Nasdaq\ETF
PSCT,FULL,0,Nasdaq\ETF
PSCU,FULL,0,Nasdaq\ETF
PSCW,FULL,0,Nasdaq\ETF
PSCX,FULL,0,Nasdaq\ETF
PSDM,FULL,0,Nasdaq\ETF
PSEP,FULL,0,Nasdaq\ETF
PSET,FULL,0,Nasdaq\ETF
PSFD,FULL,0,Nasdaq\ETF
PSFF,FULL,0,Nasdaq\ETF
PSFJ,FULL,0,Nasdaq\ETF
PSFM,FULL,0,Nasdaq\ETF
PSFO,FULL,0,Nasdaq\ETF
PSH,FULL,0,Nasdaq\ETF
PSI,FULL,0,Nasdaq\ETF
PSIL,FULL,0,Nasdaq\ETF
PSK,FULL,0,Nasdaq\ETF
PSL,FULL,0,Nasdaq\ETF
PSLV,FULL,0,Nasdaq\ETF
PSMD,FULL,0,Nasdaq\ETF
PSMJ,FULL,0,Nasdaq\ETF
PSMO,FULL,0,Nasdaq\ETF
PSMR,FULL,0,Nasdaq\ETF
PSP,FULL,0,Nasdaq\ETF
PSQ,FULL,0,Nasdaq\ETF
PSR,FULL,0,Nasdaq\ETF
PST,FULL,0,Nasdaq\ETF
PSTP,FULL,0,Nasdaq\ETF
PSTR,FULL,0,Nasdaq\ETF
PSWD,FULL,0,Nasdaq\ETF
PTBD,FULL,0,Nasdaq\ETF
PTEC,FULL,0,Nasdaq\ETF
PTEU,FULL,0,Nasdaq\ETF
PTF,FULL,0,Nasdaq\ETF
PTH,FULL,0,Nasdaq\ETF
PTIN,FULL,0,Nasdaq\ETF
PTL,FULL,0,Nasdaq\ETF
PTLC,FULL,0,Nasdaq\ETF
PTMC,FULL,0,Nasdaq\ETF
PTNQ,FULL,0,Nasdaq\ETF
PTRB,FULL,0,Nasdaq\ETF
PUI,FULL,0,Nasdaq\ETF
PULS,FULL,0,Nasdaq\ETF
PULT,FULL,0,Nasdaq\ETF
PUSH,FULL,0,Nasdaq\ETF
PUTD,FULL,0,Nasdaq\ETF
PUTW,FULL,0,Nasdaq\ETF
PVAL,FULL,0,Nasdaq\ETF
PVI,FULL,0,Nasdaq\ETF
PWB,FULL,0,Nasdaq\ETF
PWER,FULL,0,Nasdaq\ETF
PWS,FULL,0,Nasdaq\ETF
PWV,FULL,0,Nasdaq\ETF
PWZ,FULL,0,Nasdaq\ETF
PXE,FULL,0,Nasdaq\ETF
PXF,FULL,0,Nasdaq\ETF
PXH,FULL,0,Nasdaq\ETF
PXI,FULL,0,Nasdaq\ETF
PXJ,FULL,0,Nasdaq\ETF
PY,FULL,0,Nasdaq\ETF
PYLD,FULL,0,Nasdaq\ETF
PYPY,FULL,0,Nasdaq\ETF
PYZ,FULL,0,Nasdaq\ETF
PZA,FULL,0,Nasdaq\ETF
PZT,FULL,0,Nasdaq\ETF
QABA,FULL,0,Nasdaq\ETF
QAI,FULL,0,Nasdaq\ETF
QARP,FULL,0,Nasdaq\ETF
QAT,FULL,0,Nasdaq\ETF
QBER,FULL,0,Nasdaq\ETF
QBUF,FULL,0,Nasdaq\ETF
QBUL,FULL,0,Nasdaq\ETF
QCAP,FULL,0,Nasdaq\ETF
QCJL,FULL,0,Nasdaq\ETF
QCLN,FULL,0,Nasdaq\ETF
QCLR,FULL,0,Nasdaq\ETF
QCON,FULL,0,Nasdaq\ETF
QDCC,FULL,0,Nasdaq\ETF
QDEC,FULL,0,Nasdaq\ETF
QDEF,FULL,0,Nasdaq\ETF
QDF,FULL,0,Nasdaq\ETF
QDIV,FULL,0,Nasdaq\ETF
QDPL,FULL,0,Nasdaq\ETF
QDTE,FULL,0,Nasdaq\ETF
QDVO,FULL,0,Nasdaq\ETF
QEFA,FULL,0,Nasdaq\ETF
QEMM,FULL,0,Nasdaq\ETF
QETH,FULL,0,Nasdaq\ETF
QFLR,FULL,0,Nasdaq\ETF
QGRO,FULL,0,Nasdaq\ETF
QGRW,FULL,0,Nasdaq\ETF
QHDG,FULL,0,Nasdaq\ETF
QHY,FULL,0,Nasdaq\ETF
QID,FULL,0,Nasdaq\ETF
QIG,FULL,0,Nasdaq\ETF
QINT,FULL,0,Nasdaq\ETF
QIS,FULL,0,Nasdaq\ETF
QJUN,FULL,0,Nasdaq\ETF
QLC,FULL,0,Nasdaq\ETF
QLD,FULL,0,Nasdaq\ETF
QLTA,FULL,0,Nasdaq\ETF
QLTY,FULL,0,Nasdaq\ETF
QLV,FULL,0,Nasdaq\ETF
QLVD,FULL,0,Nasdaq\ETF
QLVE,FULL,0,Nasdaq\ETF
QMAG,FULL,0,Nasdaq\ETF
QMAR,FULL,0,Nasdaq\ETF
QMID,FULL,0,Nasdaq\ETF
QMMY,FULL,0,Nasdaq\ETF
QMOM,FULL,0,Nasdaq\ETF
QOWZ,FULL,0,Nasdaq\ETF
QPFF,FULL,0,Nasdaq\ETF
QPX,FULL,0,Nasdaq\ETF
QQA,FULL,0,Nasdaq\ETF
QQEW,FULL,0,Nasdaq\ETF
QQH,FULL,0,Nasdaq\ETF
QQJG,FULL,0,Nasdaq\ETF
QQMG,FULL,0,Nasdaq\ETF
QQQA,FULL,0,Nasdaq\ETF
QQQD,FULL,0,Nasdaq\ETF
QQQE,FULL,0,Nasdaq\ETF
QQQG,FULL,0,Nasdaq\ETF
QQQI,FULL,0,Nasdaq\ETF
QQQJ,FULL,0,Nasdaq\ETF
QQQM,FULL,0,Nasdaq\ETF
QQQN,FULL,0,Nasdaq\ETF
QQQS,FULL,0,Nasdaq\ETF
QQQT,FULL,0,Nasdaq\ETF
QQQU,FULL,0,Nasdaq\ETF
QQQY,FULL,0,Nasdaq\ETF
QQXT,FULL,0,Nasdaq\ETF
QRFT,FULL,0,Nasdaq\ETF
QRMI,FULL,0,Nasdaq\ETF
QSIG,FULL,0,Nasdaq\ETF
QSML,FULL,0,Nasdaq\ETF
QSPT,FULL,0,Nasdaq\ETF
QSWN,FULL,0,Nasdaq\ETF
QTAP,FULL,0,Nasdaq\ETF
QTEC,FULL,0,Nasdaq\ETF
QTJA,FULL,0,Nasdaq\ETF
QTJL,FULL,0,Nasdaq\ETF
QTOC,FULL,0,Nasdaq\ETF
QTR,FULL,0,Nasdaq\ETF
QTUM,FULL,0,Nasdaq\ETF
QUAL,FULL,0,Nasdaq\ETF
QULL,FULL,0,Nasdaq\ETF
QUS,FULL,0,Nasdaq\ETF
QUVU,FULL,0,Nasdaq\ETF
QVAL,FULL,0,Nasdaq\ETF
QVML,FULL,0,Nasdaq\ETF
QVMM,FULL,0,Nasdaq\ETF
QVMS,FULL,0,Nasdaq\ETF
QVOY,FULL,0,Nasdaq\ETF
QWLD,FULL,0,Nasdaq\ETF
QXQ,FULL,0,Nasdaq\ETF
QYLD,FULL,0,Nasdaq\ETF
QYLE,FULL,0,Nasdaq\ETF
QYLG,FULL,0,Nasdaq\ETF
RAAX,FULL,0,Nasdaq\ETF
RAFE,FULL,0,Nasdaq\ETF
RATE,FULL,0,Nasdaq\ETF
RAVI,FULL,0,Nasdaq\ETF
RAYC,FULL,0,Nasdaq\ETF
RAYD,FULL,0,Nasdaq\ETF
RAYE,FULL,0,Nasdaq\ETF
RAYJ,FULL,0,Nasdaq\ETF
RAYS,FULL,0,Nasdaq\ETF
RBLD,FULL,0,Nasdaq\ETF
RBUF,FULL,0,Nasdaq\ETF
RDFI,FULL,0,Nasdaq\ETF
RDIV,FULL,0,Nasdaq\ETF
RDOG,FULL,0,Nasdaq\ETF
RDVI,FULL,0,Nasdaq\ETF
RDVY,FULL,0,Nasdaq\ETF
REAI,FULL,0,Nasdaq\ETF
RECS,FULL,0,Nasdaq\ETF
REET,FULL,0,Nasdaq\ETF
REGL,FULL,0,Nasdaq\ETF
REIT,FULL,0,Nasdaq\ETF
REK,FULL,0,Nasdaq\ETF
REKT,FULL,0,Nasdaq\ETF
REM,FULL,0,Nasdaq\ETF
REMX,FULL,0,Nasdaq\ETF
RENW,FULL,0,Nasdaq\ETF
RETL,FULL,0,Nasdaq\ETF
REVS,FULL,0,Nasdaq\ETF
REW,FULL,0,Nasdaq\ETF
REZ,FULL,0,Nasdaq\ETF
RFCI,FULL,0,Nasdaq\ETF
RFDA,FULL,0,Nasdaq\ETF
RFDI,FULL,0,Nasdaq\ETF
RFEM,FULL,0,Nasdaq\ETF
RFEU,FULL,0,Nasdaq\ETF
RFFC,FULL,0,Nasdaq\ETF
RFG,FULL,0,Nasdaq\ETF
RFV,FULL,0,Nasdaq\ETF
RHCB,FULL,0,Nasdaq\ETF
RHRX,FULL,0,Nasdaq\ETF
RHTX,FULL,0,Nasdaq\ETF
RIET,FULL,0,Nasdaq\ETF
RIGS,FULL,0,Nasdaq\ETF
RINC,FULL,0,Nasdaq\ETF
RINF,FULL,0,Nasdaq\ETF
RING,FULL,0,Nasdaq\ETF
RISN,FULL,0,Nasdaq\ETF
RISR,FULL,0,Nasdaq\ETF
RITA,FULL,0,Nasdaq\ETF
RJMG,FULL,0,Nasdaq\ETF
RLY,FULL,0,Nasdaq\ETF
RMCA,FULL,0,Nasdaq\ETF
RMIF,FULL,0,Nasdaq\ETF
RMNY,FULL,0,Nasdaq\ETF
RMOP,FULL,0,Nasdaq\ETF
RND,FULL,0,Nasdaq\ETF
RNEM,FULL,0,Nasdaq\ETF
RNEW,FULL,0,Nasdaq\ETF
RNRG,FULL,0,Nasdaq\ETF
RNSC,FULL,0,Nasdaq\ETF
RNWZ,FULL,0,Nasdaq\ETF
ROAM,FULL,0,Nasdaq\ETF
ROBO,FULL,0,Nasdaq\ETF
ROBT,FULL,0,Nasdaq\ETF
RODE,FULL,0,Nasdaq\ETF
RODM,FULL,0,Nasdaq\ETF
ROE,FULL,0,Nasdaq\ETF
ROIS,FULL,0,Nasdaq\ETF
ROKT,FULL,0,Nasdaq\ETF
ROM,FULL,0,Nasdaq\ETF
ROMO,FULL,0,Nasdaq\ETF
ROOF,FULL,0,Nasdaq\ETF
RORO,FULL,0,Nasdaq\ETF
ROSC,FULL,0,Nasdaq\ETF
ROUS,FULL,0,Nasdaq\ETF
RPAR,FULL,0,Nasdaq\ETF
RPG,FULL,0,Nasdaq\ETF
RPHS,FULL,0,Nasdaq\ETF
RPV,FULL,0,Nasdaq\ETF
RSBT,FULL,0,Nasdaq\ETF
RSBY,FULL,0,Nasdaq\ETF
RSEE,FULL,0,Nasdaq\ETF
RSHO,FULL,0,Nasdaq\ETF
RSJN,FULL,0,Nasdaq\ETF
RSP,FULL,0,Nasdaq\ETF
RSPA,FULL,0,Nasdaq\ETF
RSPC,FULL,0,Nasdaq\ETF
RSPD,FULL,0,Nasdaq\ETF
RSPE,FULL,0,Nasdaq\ETF
RSPF,FULL,0,Nasdaq\ETF
RSPG,FULL,0,Nasdaq\ETF
RSPH,FULL,0,Nasdaq\ETF
RSPM,FULL,0,Nasdaq\ETF
RSPN,FULL,0,Nasdaq\ETF
RSPR,FULL,0,Nasdaq\ETF
RSPS,FULL,0,Nasdaq\ETF
RSPT,FULL,0,Nasdaq\ETF
RSPU,FULL,0,Nasdaq\ETF
RSSB,FULL,0,Nasdaq\ETF
RSSL,FULL,0,Nasdaq\ETF
RSST,FULL,0,Nasdaq\ETF
RSSY,FULL,0,Nasdaq\ETF
RTAI,FULL,0,Nasdaq\ETF
RTH,FULL,0,Nasdaq\ETF
RTRE,FULL,0,Nasdaq\ETF
RUFF,FULL,0,Nasdaq\ETF
RULE,FULL,0,Nasdaq\ETF
RUNN,FULL,0,Nasdaq\ETF
RVER,FULL,0,Nasdaq\ETF
RVNU,FULL,0,Nasdaq\ETF
RVRB,FULL,0,Nasdaq\ETF
RWJ,FULL,0,Nasdaq\ETF
RWK,FULL,0,Nasdaq\ETF
RWL,FULL,0,Nasdaq\ETF
RWM,FULL,0,Nasdaq\ETF
RWO,FULL,0,Nasdaq\ETF
RWR,FULL,0,Nasdaq\ETF
RWX,FULL,0,Nasdaq\ETF
RXD,FULL,0,Nasdaq\ETF
RXI,FULL,0,Nasdaq\ETF
RXL,FULL,0,Nasdaq\ETF
RYLD,FULL,0,Nasdaq\ETF
RYLG,FULL,0,Nasdaq\ETF
RYSE,FULL,0,Nasdaq\ETF
RZG,FULL,0,Nasdaq\ETF
RZV,FULL,0,Nasdaq\ETF
SAA,FULL,0,Nasdaq\ETF
SAEF,FULL,0,Nasdaq\ETF
SAGP,FULL,0,Nasdaq\ETF
SAMM,FULL,0,Nasdaq\ETF
SAMT,FULL,0,Nasdaq\ETF
SARK,FULL,0,Nasdaq\ETF
SATO,FULL,0,Nasdaq\ETF
SAUG,FULL,0,Nasdaq\ETF
SAWG,FULL,0,Nasdaq\ETF
SAWS,FULL,0,Nasdaq\ETF
SBB,FULL,0,Nasdaq\ETF
SBIO,FULL,0,Nasdaq\ETF
SBIT,FULL,0,Nasdaq\ETF
SBND,FULL,0,Nasdaq\ETF
SCAP,FULL,0,Nasdaq\ETF
SCC,FULL,0,Nasdaq\ETF
SCDL,FULL,0,Nasdaq\ETF
SCDS,FULL,0,Nasdaq\ETF
SCHA,FULL,0,Nasdaq\ETF
SCHB,FULL,0,Nasdaq\ETF
SCHC,FULL,0,Nasdaq\ETF
SCHD,FULL,0,Nasdaq\ETF
SCHE,FULL,0,Nasdaq\ETF
SCHF,FULL,0,Nasdaq\ETF
SCHG,FULL,0,Nasdaq\ETF
SCHH,FULL,0,Nasdaq\ETF
SCHI,FULL,0,Nasdaq\ETF
SCHJ,FULL,0,Nasdaq\ETF
SCHK,FULL,0,Nasdaq\ETF
SCHM,FULL,0,Nasdaq\ETF
SCHO,FULL,0,Nasdaq\ETF
SCHP,FULL,0,Nasdaq\ETF
SCHQ,FULL,0,Nasdaq\ETF
SCHR,FULL,0,Nasdaq\ETF
SCHV,FULL,0,Nasdaq\ETF
SCHX,FULL,0,Nasdaq\ETF
SCHY,FULL,0,Nasdaq\ETF
SCHZ,FULL,0,Nasdaq\ETF
SCIO,FULL,0,Nasdaq\ETF
SCJ,FULL,0,Nasdaq\ETF
SCLZ,FULL,0,Nasdaq\ETF
SCMB,FULL,0,Nasdaq\ETF
SCO,FULL,0,Nasdaq\ETF
SCUS,FULL,0,Nasdaq\ETF
SCYB,FULL,0,Nasdaq\ETF
SCZ,FULL,0,Nasdaq\ETF
SDCI,FULL,0,Nasdaq\ETF
SDCP,FULL,0,Nasdaq\ETF
SDD,FULL,0,Nasdaq\ETF
SDEM,FULL,0,Nasdaq\ETF
SDFI,FULL,0,Nasdaq\ETF
SDG,FULL,0,Nasdaq\ETF
SDIV,FULL,0,Nasdaq\ETF
SDOG,FULL,0,Nasdaq\ETF
SDOW,FULL,0,Nasdaq\ETF
SDP,FULL,0,Nasdaq\ETF
SDS,FULL,0,Nasdaq\ETF
SDSI,FULL,0,Nasdaq\ETF
SDVD,FULL,0,Nasdaq\ETF
SDVY,FULL,0,Nasdaq\ETF
SDY,FULL,0,Nasdaq\ETF
SEA,FULL,0,Nasdaq\ETF
SECR,FULL,0,Nasdaq\ETF
SECT,FULL,0,Nasdaq\ETF
SEF,FULL,0,Nasdaq\ETF
SEIM,FULL,0,Nasdaq\ETF
SEIQ,FULL,0,Nasdaq\ETF
SEIV,FULL,0,Nasdaq\ETF
SEIX,FULL,0,Nasdaq\ETF
SELV,FULL,0,Nasdaq\ETF
SEMI,FULL,0,Nasdaq\ETF
SEPP,FULL,0,Nasdaq\ETF
SEPT,FULL,0,Nasdaq\ETF
SEPW,FULL,0,Nasdaq\ETF
SEPZ,FULL,0,Nasdaq\ETF
SETH,FULL,0,Nasdaq\ETF
SETM,FULL,0,Nasdaq\ETF
SFEB,FULL,0,Nasdaq\ETF
SFLO,FULL,0,Nasdaq\ETF
SFLR,FULL,0,Nasdaq\ETF
SFY,FULL,0,Nasdaq\ETF
SFYF,FULL,0,Nasdaq\ETF
SFYX,FULL,0,Nasdaq\ETF
SGDJ,FULL,0,Nasdaq\ETF
SGDM,FULL,0,Nasdaq\ETF
SGLC,FULL,0,Nasdaq\ETF
SGOL,FULL,0,Nasdaq\ETF
SGOV,FULL,0,Nasdaq\ETF
SH,FULL,0,Nasdaq\ETF
SHAG,FULL,0,Nasdaq\ETF
SHDG,FULL,0,Nasdaq\ETF
SHE,FULL,0,Nasdaq\ETF
SHLD,FULL,0,Nasdaq\ETF
SHM,FULL,0,Nasdaq\ETF
SHNY,FULL,0,Nasdaq\ETF
SHOC,FULL,0,Nasdaq\ETF
SHPP,FULL,0,Nasdaq\ETF
SHRT,FULL,0,Nasdaq\ETF
SHRY,FULL,0,Nasdaq\ETF
SHUS,FULL,0,Nasdaq\ETF
SHV,FULL,0,Nasdaq\ETF
SHY,FULL,0,Nasdaq\ETF
SHYD,FULL,0,Nasdaq\ETF
SHYG,FULL,0,Nasdaq\ETF
SHYL,FULL,0,Nasdaq\ETF
SIFI,FULL,0,Nasdaq\ETF
SIHY,FULL,0,Nasdaq\ETF
SIJ,FULL,0,Nasdaq\ETF
SIL,FULL,0,Nasdaq\ETF
SILJ,FULL,0,Nasdaq\ETF
SIMS,FULL,0,Nasdaq\ETF
SIO,FULL,0,Nasdaq\ETF
SIVR,FULL,0,Nasdaq\ETF
SIXA,FULL,0,Nasdaq\ETF
SIXD,FULL,0,Nasdaq\ETF
SIXF,FULL,0,Nasdaq\ETF
SIXG,FULL,0,Nasdaq\ETF
SIXH,FULL,0,Nasdaq\ETF
SIXJ,FULL,0,Nasdaq\ETF
SIXL,FULL,0,Nasdaq\ETF
SIXO,FULL,0,Nasdaq\ETF
SIXP,FULL,0,Nasdaq\ETF
SIXS,FULL,0,Nasdaq\ETF
SIXZ,FULL,0,Nasdaq\ETF
SIZE,FULL,0,Nasdaq\ETF
SJB,FULL,0,Nasdaq\ETF
SJNK,FULL,0,Nasdaq\ETF
SKF,FULL,0,Nasdaq\ETF
SKOR,FULL,0,Nasdaq\ETF
SKRE,FULL,0,Nasdaq\ETF
SKYU,FULL,0,Nasdaq\ETF
SKYY,FULL,0,Nasdaq\ETF
SLQD,FULL,0,Nasdaq\ETF
SLV,FULL,0,Nasdaq\ETF
SLVP,FULL,0,Nasdaq\ETF
SLX,FULL,0,Nasdaq\ETF
SLYG,FULL,0,Nasdaq\ETF
SLYV,FULL,0,Nasdaq\ETF
SMAY,FULL,0,Nasdaq\ETF
SMCF,FULL,0,Nasdaq\ETF
SMCO,FULL,0,Nasdaq\ETF
SMCP,FULL,0,Nasdaq\ETF
SMCX,FULL,0,Nasdaq\ETF
SMDD,FULL,0,Nasdaq\ETF
SMDV,FULL,0,Nasdaq\ETF
SMDY,FULL,0,Nasdaq\ETF
SMH,FULL,0,Nasdaq\ETF
SMI,FULL,0,Nasdaq\ETF
SMIG,FULL,0,Nasdaq\ETF
SMIN,FULL,0,Nasdaq\ETF
SMIZ,FULL,0,Nasdaq\ETF
SMLF,FULL,0,Nasdaq\ETF
SMLV,FULL,0,Nasdaq\ETF
SMMD,FULL,0,Nasdaq\ETF
SMMU,FULL,0,Nasdaq\ETF
SMMV,FULL,0,Nasdaq\ETF
SMN,FULL,0,Nasdaq\ETF
SMOG,FULL,0,Nasdaq\ETF
SMOT,FULL,0,Nasdaq\ETF
SMRI,FULL,0,Nasdaq\ETF
SMST,FULL,0,Nasdaq\ETF
SMTH,FULL,0,Nasdaq\ETF
SNAV,FULL,0,Nasdaq\ETF
SNOV,FULL,0,Nasdaq\ETF
SNOY,FULL,0,Nasdaq\ETF
SNPD,FULL,0,Nasdaq\ETF
SNPE,FULL,0,Nasdaq\ETF
SNPG,FULL,0,Nasdaq\ETF
SNPV,FULL,0,Nasdaq\ETF
SNSR,FULL,0,Nasdaq\ETF
SOCL,FULL,0,Nasdaq\ETF
SOF,FULL,0,Nasdaq\ETF
SOLR,FULL,0,Nasdaq\ETF
SOVF,FULL,0,Nasdaq\ETF
SOXL,FULL,0,Nasdaq\ETF
SOXQ,FULL,0,Nasdaq\ETF
SOXS,FULL,0,Nasdaq\ETF
SOXX,FULL,0,Nasdaq\ETF
SOYB,FULL,0,Nasdaq\ETF
SPAB,FULL,0,Nasdaq\ETF
SPAM,FULL,0,Nasdaq\ETF
SPAQ,FULL,0,Nasdaq\ETF
SPAX,FULL,0,Nasdaq\ETF
SPBC,FULL,0,Nasdaq\ETF
SPBO,FULL,0,Nasdaq\ETF
SPC,FULL,0,Nasdaq\ETF
SPCX,FULL,0,Nasdaq\ETF
SPCZ,FULL,0,Nasdaq\ETF
SPD,FULL,0,Nasdaq\ETF
SPDG,FULL,0,Nasdaq\ETF
SPDN,FULL,0,Nasdaq\ETF
SPDV,FULL,0,Nasdaq\ETF
SPDW,FULL,0,Nasdaq\ETF
SPEM,FULL,0,Nasdaq\ETF
SPEU,FULL,0,Nasdaq\ETF
SPFF,FULL,0,Nasdaq\ETF
SPGM,FULL,0,Nasdaq\ETF
SPGP,FULL,0,Nasdaq\ETF
SPHB,FULL,0,Nasdaq\ETF
SPHD,FULL,0,Nasdaq\ETF
SPHQ,FULL,0,Nasdaq\ETF
SPHY,FULL,0,Nasdaq\ETF
SPIB,FULL,0,Nasdaq\ETF
SPIP,FULL,0,Nasdaq\ETF
SPLB,FULL,0,Nasdaq\ETF
SPLG,FULL,0,Nasdaq\ETF
SPLV,FULL,0,Nasdaq\ETF
SPMB,FULL,0,Nasdaq\ETF
SPMD,FULL,0,Nasdaq\ETF
SPMO,FULL,0,Nasdaq\ETF
SPMV,FULL,0,Nasdaq\ETF
SPPP,FULL,0,Nasdaq\ETF
SPQ,FULL,0,Nasdaq\ETF
SPRE,FULL,0,Nasdaq\ETF
SPRX,FULL,0,Nasdaq\ETF
SPSB,FULL,0,Nasdaq\ETF
SPSK,FULL,0,Nasdaq\ETF
SPSM,FULL,0,Nasdaq\ETF
SPTB,FULL,0,Nasdaq\ETF
SPTE,FULL,0,Nasdaq\ETF
SPTI,FULL,0,Nasdaq\ETF
SPTL,FULL,0,Nasdaq\ETF
SPTM,FULL,0,Nasdaq\ETF
SPTS,FULL,0,Nasdaq\ETF
SPUC,FULL,0,Nasdaq\ETF
SPUS,FULL,0,Nasdaq\ETF
SPUU,FULL,0,Nasdaq\ETF
SPVM,FULL,0,Nasdaq\ETF
SPVU,FULL,0,Nasdaq\ETF
SPWO,FULL,0,Nasdaq\ETF
SPXE,FULL,0,Nasdaq\ETF
SPXL,FULL,0,Nasdaq\ETF
SPXN,FULL,0,Nasdaq\ETF
SPXS,FULL,0,Nasdaq\ETF
SPXT,FULL,0,Nasdaq\ETF
SPXU,FULL,0,Nasdaq\ETF
SPXV,FULL,0,Nasdaq\ETF
SPYC,FULL,0,Nasdaq\ETF
SPYD,FULL,0,Nasdaq\ETF
SPYG,FULL,0,Nasdaq\ETF
SPYI,FULL,0,Nasdaq\ETF
SPYT,FULL,0,Nasdaq\ETF
SPYU,FULL,0,Nasdaq\ETF
SPYV,FULL,0,Nasdaq\ETF
SPYX,FULL,0,Nasdaq\ETF
SQEW,FULL,0,Nasdaq\ETF
SQLV,FULL,0,Nasdaq\ETF
SQQQ,FULL,0,Nasdaq\ETF
SQY,FULL,0,Nasdaq\ETF
SRET,FULL,0,Nasdaq\ETF
SRHQ,FULL,0,Nasdaq\ETF
SRHR,FULL,0,Nasdaq\ETF
SRLN,FULL,0,Nasdaq\ETF
SROI,FULL,0,Nasdaq\ETF
SRS,FULL,0,Nasdaq\ETF
SRTY,FULL,0,Nasdaq\ETF
SRVR,FULL,0,Nasdaq\ETF
SSFI,FULL,0,Nasdaq\ETF
SSG,FULL,0,Nasdaq\ETF
SSLY,FULL,0,Nasdaq\ETF
SSO,FULL,0,Nasdaq\ETF
SSPX,FULL,0,Nasdaq\ETF
SSPY,FULL,0,Nasdaq\ETF
SSUS,FULL,0,Nasdaq\ETF
SSXU,FULL,0,Nasdaq\ETF
STAX,FULL,0,Nasdaq\ETF
STBF,FULL,0,Nasdaq\ETF
STCE,FULL,0,Nasdaq\ETF
STIP,FULL,0,Nasdaq\ETF
STNC,FULL,0,Nasdaq\ETF
STOT,FULL,0,Nasdaq\ETF
STPZ,FULL,0,Nasdaq\ETF
STRV,FULL,0,Nasdaq\ETF
STXD,FULL,0,Nasdaq\ETF
STXE,FULL,0,Nasdaq\ETF
STXG,FULL,0,Nasdaq\ETF
STXI,FULL,0,Nasdaq\ETF
STXK,FULL,0,Nasdaq\ETF
STXM,FULL,0,Nasdaq\ETF
STXT,FULL,0,Nasdaq\ETF
STXV,FULL,0,Nasdaq\ETF
SUB,FULL,0,Nasdaq\ETF
SUPL,FULL,0,Nasdaq\ETF
SUPP,FULL,0,Nasdaq\ETF
SURE,FULL,0,Nasdaq\ETF
SURI,FULL,0,Nasdaq\ETF
SUSA,FULL,0,Nasdaq\ETF
SUSB,FULL,0,Nasdaq\ETF
SUSC,FULL,0,Nasdaq\ETF
SUSL,FULL,0,Nasdaq\ETF
SVAL,FULL,0,Nasdaq\ETF
SVIX,FULL,0,Nasdaq\ETF
SVOL,FULL,0,Nasdaq\ETF
SVXY,FULL,0,Nasdaq\ETF
SWAN,FULL,0,Nasdaq\ETF
SXQG,FULL,0,Nasdaq\ETF
SXUS,FULL,0,Nasdaq\ETF
SYFI,FULL,0,Nasdaq\ETF
SYII,FULL,0,Nasdaq\ETF
SYLD,FULL,0,Nasdaq\ETF
SYNB,FULL,0,Nasdaq\ETF
SYUS,FULL,0,Nasdaq\ETF
SZK,FULL,0,Nasdaq\ETF
SZNE,FULL,0,Nasdaq\ETF
TACK,FULL,0,Nasdaq\ETF
TAFI,FULL,0,Nasdaq\ETF
TAFL,FULL,0,Nasdaq\ETF
TAFM,FULL,0,Nasdaq\ETF
TAGG,FULL,0,Nasdaq\ETF
TAGS,FULL,0,Nasdaq\ETF
TAIL,FULL,0,Nasdaq\ETF
TAN,FULL,0,Nasdaq\ETF
TARK,FULL,0,Nasdaq\ETF
TAXE,FULL,0,Nasdaq\ETF
TAXF,FULL,0,Nasdaq\ETF
TAXX,FULL,0,Nasdaq\ETF
TBF,FULL,0,Nasdaq\ETF
TBFC,FULL,0,Nasdaq\ETF
TBFG,FULL,0,Nasdaq\ETF
TBG,FULL,0,Nasdaq\ETF
TBIL,FULL,0,Nasdaq\ETF
TBJL,FULL,0,Nasdaq\ETF
TBLL,FULL,0,Nasdaq\ETF
TBT,FULL,0,Nasdaq\ETF
TBUX,FULL,0,Nasdaq\ETF
TBX,FULL,0,Nasdaq\ETF
TCAF,FULL,0,Nasdaq\ETF
TCHI,FULL,0,Nasdaq\ETF
TCHP,FULL,0,Nasdaq\ETF
TDI,FULL,0,Nasdaq\ETF
TDIV,FULL,0,Nasdaq\ETF
TDSB,FULL,0,Nasdaq\ETF
TDSC,FULL,0,Nasdaq\ETF
TDTF,FULL,0,Nasdaq\ETF
TDTT,FULL,0,Nasdaq\ETF
TDV,FULL,0,Nasdaq\ETF
TDVG,FULL,0,Nasdaq\ETF
TDVI,FULL,0,Nasdaq\ETF
TECB,FULL,0,Nasdaq\ETF
TECL,FULL,0,Nasdaq\ETF
TECS,FULL,0,Nasdaq\ETF
TEMP,FULL,0,Nasdaq\ETF
TEQI,FULL,0,Nasdaq\ETF
TFI,FULL,0,Nasdaq\ETF
TFJL,FULL,0,Nasdaq\ETF
TFLO,FULL,0,Nasdaq\ETF
TFLR,FULL,0,Nasdaq\ETF
TFPN,FULL,0,Nasdaq\ETF
TGLR,FULL,0,Nasdaq\ETF
TGRT,FULL,0,Nasdaq\ETF
TGRW,FULL,0,Nasdaq\ETF
THD,FULL,0,Nasdaq\ETF
THLV,FULL,0,Nasdaq\ETF
THNQ,FULL,0,Nasdaq\ETF
THNR,FULL,0,Nasdaq\ETF
THTA,FULL,0,Nasdaq\ETF
THY,FULL,0,Nasdaq\ETF
THYF,FULL,0,Nasdaq\ETF
TILL,FULL,0,Nasdaq\ETF
TILT,FULL,0,Nasdaq\ETF
TIME,FULL,0,Nasdaq\ETF
TINT,FULL,0,Nasdaq\ETF
TINY,FULL,0,Nasdaq\ETF
TIP,FULL,0,Nasdaq\ETF
TIPX,FULL,0,Nasdaq\ETF
TIPZ,FULL,0,Nasdaq\ETF
TJUL,FULL,0,Nasdaq\ETF
TLH,FULL,0,Nasdaq\ETF
TLT,FULL,0,Nasdaq\ETF
TLTD,FULL,0,Nasdaq\ETF
TLTE,FULL,0,Nasdaq\ETF
TLTW,FULL,0,Nasdaq\ETF
TMAT,FULL,0,Nasdaq\ETF
TMDV,FULL,0,Nasdaq\ETF
TMET,FULL,0,Nasdaq\ETF
TMF,FULL,0,Nasdaq\ETF
TMFC,FULL,0,Nasdaq\ETF
TMFE,FULL,0,Nasdaq\ETF
TMFG,FULL,0,Nasdaq\ETF
TMFM,FULL,0,Nasdaq\ETF
TMFS,FULL,0,Nasdaq\ETF
TMFX,FULL,0,Nasdaq\ETF
TMSL,FULL,0,Nasdaq\ETF
TMV,FULL,0,Nasdaq\ETF
TNA,FULL,0,Nasdaq\ETF
TOAK,FULL,0,Nasdaq\ETF
TOGA,FULL,0,Nasdaq\ETF
TOK,FULL,0,Nasdaq\ETF
TOKE,FULL,0,Nasdaq\ETF
TOLL,FULL,0,Nasdaq\ETF
TOLZ,FULL,0,Nasdaq\ETF
TOTL,FULL,0,Nasdaq\ETF
TOTR,FULL,0,Nasdaq\ETF
TOUS,FULL,0,Nasdaq\ETF
TPHD,FULL,0,Nasdaq\ETF
TPHE,FULL,0,Nasdaq\ETF
TPIF,FULL,0,Nasdaq\ETF
TPLC,FULL,0,Nasdaq\ETF
TPLE,FULL,0,Nasdaq\ETF
TPMN,FULL,0,Nasdaq\ETF
TPOR,FULL,0,Nasdaq\ETF
TPSC,FULL,0,Nasdaq\ETF
TPYP,FULL,0,Nasdaq\ETF
TQQQ,FULL,0,Nasdaq\ETF
TRFK,FULL,0,Nasdaq\ETF
TRFM,FULL,0,Nasdaq\ETF
TRND,FULL,0,Nasdaq\ETF
TRTY,FULL,0,Nasdaq\ETF
TSDD,FULL,0,Nasdaq\ETF
TSEC,FULL,0,Nasdaq\ETF
TSL,FULL,0,Nasdaq\ETF
TSLH,FULL,0,Nasdaq\ETF
TSLL,FULL,0,Nasdaq\ETF
TSLP,FULL,0,Nasdaq\ETF
TSLQ,FULL,0,Nasdaq\ETF
TSLR,FULL,0,Nasdaq\ETF
TSLS,FULL,0,Nasdaq\ETF
TSLT,FULL,0,Nasdaq\ETF
TSLY,FULL,0,Nasdaq\ETF
TSLZ,FULL,0,Nasdaq\ETF
TSME,FULL,0,Nasdaq\ETF
TSMY,FULL,0,Nasdaq\ETF
TSPA,FULL,0,Nasdaq\ETF
TSPY,FULL,0,Nasdaq\ETF
TTAC,FULL,0,Nasdaq\ETF
TTAI,FULL,0,Nasdaq\ETF
TTT,FULL,0,Nasdaq\ETF
TUA,FULL,0,Nasdaq\ETF
TUG,FULL,0,Nasdaq\ETF
TUGN,FULL,0,Nasdaq\ETF
TUR,FULL,0,Nasdaq\ETF
TUSI,FULL,0,Nasdaq\ETF
TVAL,FULL,0,Nasdaq\ETF
TWIO,FULL,0,Nasdaq\ETF
TWM,FULL,0,Nasdaq\ETF
TXS,FULL,0,Nasdaq\ETF
TXSS,FULL,0,Nasdaq\ETF
TYA,FULL,0,Nasdaq\ETF
TYD,FULL,0,Nasdaq\ETF
TYLD,FULL,0,Nasdaq\ETF
TYLG,FULL,0,Nasdaq\ETF
TYO,FULL,0,Nasdaq\ETF
TZA,FULL,0,Nasdaq\ETF
UAE,FULL,0,Nasdaq\ETF
UAPR,FULL,0,Nasdaq\ETF
UAUG,FULL,0,Nasdaq\ETF
UBND,FULL,0,Nasdaq\ETF
UBOT,FULL,0,Nasdaq\ETF
UBR,FULL,0,Nasdaq\ETF
UBT,FULL,0,Nasdaq\ETF
UCC,FULL,0,Nasdaq\ETF
UCO,FULL,0,Nasdaq\ETF
UCON,FULL,0,Nasdaq\ETF
UCRD,FULL,0,Nasdaq\ETF
UCYB,FULL,0,Nasdaq\ETF
UDEC,FULL,0,Nasdaq\ETF
UDI,FULL,0,Nasdaq\ETF
UDIV,FULL,0,Nasdaq\ETF
UDOW,FULL,0,Nasdaq\ETF
UEVM,FULL,0,Nasdaq\ETF
UFEB,FULL,0,Nasdaq\ETF
UFIV,FULL,0,Nasdaq\ETF
UFO,FULL,0,Nasdaq\ETF
UGA,FULL,0,Nasdaq\ETF
UGE,FULL,0,Nasdaq\ETF
UGL,FULL,0,Nasdaq\ETF
UITB,FULL,0,Nasdaq\ETF
UIVM,FULL,0,Nasdaq\ETF
UJAN,FULL,0,Nasdaq\ETF
UJB,FULL,0,Nasdaq\ETF
UJUL,FULL,0,Nasdaq\ETF
UJUN,FULL,0,Nasdaq\ETF
ULE,FULL,0,Nasdaq\ETF
ULST,FULL,0,Nasdaq\ETF
ULTY,FULL,0,Nasdaq\ETF
ULVM,FULL,0,Nasdaq\ETF
UMAR,FULL,0,Nasdaq\ETF
UMAY,FULL,0,Nasdaq\ETF
UMDD,FULL,0,Nasdaq\ETF
UMI,FULL,0,Nasdaq\ETF
UMMA,FULL,0,Nasdaq\ETF
UNG,FULL,0,Nasdaq\ETF
UNIY,FULL,0,Nasdaq\ETF
UNL,FULL,0,Nasdaq\ETF
UNOV,FULL,0,Nasdaq\ETF
UOCT,FULL,0,Nasdaq\ETF
UPAR,FULL,0,Nasdaq\ETF
UPGD,FULL,0,Nasdaq\ETF
UPGR,FULL,0,Nasdaq\ETF
UPRO,FULL,0,Nasdaq\ETF
UPV,FULL,0,Nasdaq\ETF
UPW,FULL,0,Nasdaq\ETF
URA,FULL,0,Nasdaq\ETF
URAA,FULL,0,Nasdaq\ETF
URAX,FULL,0,Nasdaq\ETF
URE,FULL,0,Nasdaq\ETF
URNJ,FULL,0,Nasdaq\ETF
URNM,FULL,0,Nasdaq\ETF
URTH,FULL,0,Nasdaq\ETF
URTY,FULL,0,Nasdaq\ETF
USAI,FULL,0,Nasdaq\ETF
USCA,FULL,0,Nasdaq\ETF
USCF,FULL,0,Nasdaq\ETF
USCI,FULL,0,Nasdaq\ETF
USCL,FULL,0,Nasdaq\ETF
USD,FULL,0,Nasdaq\ETF
USDU,FULL,0,Nasdaq\ETF
USDX,FULL,0,Nasdaq\ETF
USE,FULL,0,Nasdaq\ETF
USEP,FULL,0,Nasdaq\ETF
USFI,FULL,0,Nasdaq\ETF
USFR,FULL,0,Nasdaq\ETF
USG,FULL,0,Nasdaq\ETF
USHY,FULL,0,Nasdaq\ETF
USIG,FULL,0,Nasdaq\ETF
USIN,FULL,0,Nasdaq\ETF
USL,FULL,0,Nasdaq\ETF
USMC,FULL,0,Nasdaq\ETF
USMF,FULL,0,Nasdaq\ETF
USML,FULL,0,Nasdaq\ETF
USMV,FULL,0,Nasdaq\ETF
USNZ,FULL,0,Nasdaq\ETF
USO,FULL,0,Nasdaq\ETF
USOY,FULL,0,Nasdaq\ETF
USPX,FULL,0,Nasdaq\ETF
USRD,FULL,0,Nasdaq\ETF
USRT,FULL,0,Nasdaq\ETF
USSE,FULL,0,Nasdaq\ETF
USSG,FULL,0,Nasdaq\ETF
USSH,FULL,0,Nasdaq\ETF
UST,FULL,0,Nasdaq\ETF
USTB,FULL,0,Nasdaq\ETF
USVM,FULL,0,Nasdaq\ETF
USVN,FULL,0,Nasdaq\ETF
USXF,FULL,0,Nasdaq\ETF
UTEN,FULL,0,Nasdaq\ETF
UTES,FULL,0,Nasdaq\ETF
UTHY,FULL,0,Nasdaq\ETF
UTRE,FULL,0,Nasdaq\ETF
UTRN,FULL,0,Nasdaq\ETF
UTSL,FULL,0,Nasdaq\ETF
UTWO,FULL,0,Nasdaq\ETF
UTWY,FULL,0,Nasdaq\ETF
UVIX,FULL,0,Nasdaq\ETF
UVXY,FULL,0,Nasdaq\ETF
UWM,FULL,0,Nasdaq\ETF
UXI,FULL,0,Nasdaq\ETF
UYG,FULL,0,Nasdaq\ETF
UYLD,FULL,0,Nasdaq\ETF
UYM,FULL,0,Nasdaq\ETF
VABS,FULL,0,Nasdaq\ETF
VALQ,FULL,0,Nasdaq\ETF
VAMO,FULL,0,Nasdaq\ETF
VAW,FULL,0,Nasdaq\ETF
VB,FULL,0,Nasdaq\ETF
VBK,FULL,0,Nasdaq\ETF
VBND,FULL,0,Nasdaq\ETF
VBR,FULL,0,Nasdaq\ETF
VCAR,FULL,0,Nasdaq\ETF
VCEB,FULL,0,Nasdaq\ETF
VCIT,FULL,0,Nasdaq\ETF
VCLN,FULL,0,Nasdaq\ETF
VCLT,FULL,0,Nasdaq\ETF
VCR,FULL,0,Nasdaq\ETF
VCRB,FULL,0,Nasdaq\ETF
VCSH,FULL,0,Nasdaq\ETF
VDC,FULL,0,Nasdaq\ETF
VDE,FULL,0,Nasdaq\ETF
VEA,FULL,0,Nasdaq\ETF
VEGA,FULL,0,Nasdaq\ETF
VEGI,FULL,0,Nasdaq\ETF
VEGN,FULL,0,Nasdaq\ETF
VEMY,FULL,0,Nasdaq\ETF
VERS,FULL,0,Nasdaq\ETF
VETZ,FULL,0,Nasdaq\ETF
VEU,FULL,0,Nasdaq\ETF
VFH,FULL,0,Nasdaq\ETF
VFLO,FULL,0,Nasdaq\ETF
VFMF,FULL,0,Nasdaq\ETF
VFMO,FULL,0,Nasdaq\ETF
VFMV,FULL,0,Nasdaq\ETF
VFQY,FULL,0,Nasdaq\ETF
VFVA,FULL,0,Nasdaq\ETF
VGIT,FULL,0,Nasdaq\ETF
VGK,FULL,0,Nasdaq\ETF
VGLT,FULL,0,Nasdaq\ETF
VGSH,FULL,0,Nasdaq\ETF
VGSR,FULL,0,Nasdaq\ETF
VGT,FULL,0,Nasdaq\ETF
VHT,FULL,0,Nasdaq\ETF
VICE,FULL,0,Nasdaq\ETF
VIDI,FULL,0,Nasdaq\ETF
VIG,FULL,0,Nasdaq\ETF
VIGI,FULL,0,Nasdaq\ETF
VIOG,FULL,0,Nasdaq\ETF
VIOO,FULL,0,Nasdaq\ETF
VIOV,FULL,0,Nasdaq\ETF
VIRS,FULL,0,Nasdaq\ETF
VIS,FULL,0,Nasdaq\ETF
VIXM,FULL,0,Nasdaq\ETF
VIXY,FULL,0,Nasdaq\ETF
VLU,FULL,0,Nasdaq\ETF
VLUE,FULL,0,Nasdaq\ETF
VMAX,FULL,0,Nasdaq\ETF
VMBS,FULL,0,Nasdaq\ETF
VMOT,FULL,0,Nasdaq\ETF
VNAM,FULL,0,Nasdaq\ETF
VNLA,FULL,0,Nasdaq\ETF
VNM,FULL,0,Nasdaq\ETF
VNQ,FULL,0,Nasdaq\ETF
VNQI,FULL,0,Nasdaq\ETF
VNSE,FULL,0,Nasdaq\ETF
VO,FULL,0,Nasdaq\ETF
VOE,FULL,0,Nasdaq\ETF
VONE,FULL,0,Nasdaq\ETF
VONG,FULL,0,Nasdaq\ETF
VONV,FULL,0,Nasdaq\ETF
VOO,FULL,0,Nasdaq\ETF
VOOG,FULL,0,Nasdaq\ETF
VOOV,FULL,0,Nasdaq\ETF
VOT,FULL,0,Nasdaq\ETF
VOTE,FULL,0,Nasdaq\ETF
VOX,FULL,0,Nasdaq\ETF
VPC,FULL,0,Nasdaq\ETF
VPL,FULL,0,Nasdaq\ETF
VPLS,FULL,0,Nasdaq\ETF
VPU,FULL,0,Nasdaq\ETF
VRAI,FULL,0,Nasdaq\ETF
VRIG,FULL,0,Nasdaq\ETF
VRP,FULL,0,Nasdaq\ETF
VSDA,FULL,0,Nasdaq\ETF
VSGX,FULL,0,Nasdaq\ETF
VSHY,FULL,0,Nasdaq\ETF
VSLU,FULL,0,Nasdaq\ETF
VSMV,FULL,0,Nasdaq\ETF
VSS,FULL,0,Nasdaq\ETF
VT,FULL,0,Nasdaq\ETF
VTC,FULL,0,Nasdaq\ETF
VTEB,FULL,0,Nasdaq\ETF
VTEC,FULL,0,Nasdaq\ETF
VTEI,FULL,0,Nasdaq\ETF
VTES,FULL,0,Nasdaq\ETF
VTHR,FULL,0,Nasdaq\ETF
VTI,FULL,0,Nasdaq\ETF
VTIP,FULL,0,Nasdaq\ETF
VTV,FULL,0,Nasdaq\ETF
VTWG,FULL,0,Nasdaq\ETF
VTWO,FULL,0,Nasdaq\ETF
VTWV,FULL,0,Nasdaq\ETF
VUG,FULL,0,Nasdaq\ETF
VUSB,FULL,0,Nasdaq\ETF
VUSE,FULL,0,Nasdaq\ETF
VV,FULL,0,Nasdaq\ETF
VWI,FULL,0,Nasdaq\ETF
VWID,FULL,0,Nasdaq\ETF
VWO,FULL,0,Nasdaq\ETF
VWOB,FULL,0,Nasdaq\ETF
VXF,FULL,0,Nasdaq\ETF
VXUS,FULL,0,Nasdaq\ETF
VYM,FULL,0,Nasdaq\ETF
VYMI,FULL,0,Nasdaq\ETF
WABF,FULL,0,Nasdaq\ETF
WANT,FULL,0,Nasdaq\ETF
WBAT,FULL,0,Nasdaq\ETF
WBIF,FULL,0,Nasdaq\ETF
WBIG,FULL,0,Nasdaq\ETF
WBIL,FULL,0,Nasdaq\ETF
WBIY,FULL,0,Nasdaq\ETF
WBND,FULL,0,Nasdaq\ETF
WCBR,FULL,0,Nasdaq\ETF
WCEO,FULL,0,Nasdaq\ETF
WCLD,FULL,0,Nasdaq\ETF
WDIV,FULL,0,Nasdaq\ETF
WDNA,FULL,0,Nasdaq\ETF
WEAT,FULL,0,Nasdaq\ETF
WEBL,FULL,0,Nasdaq\ETF
WEBS,FULL,0,Nasdaq\ETF
WEED,FULL,0,Nasdaq\ETF
WEEI,FULL,0,Nasdaq\ETF
WEEL,FULL,0,Nasdaq\ETF
WEIX,FULL,0,Nasdaq\ETF
WFH,FULL,0,Nasdaq\ETF
WGMI,FULL,0,Nasdaq\ETF
WINC,FULL,0,Nasdaq\ETF
WINN,FULL,0,Nasdaq\ETF
WIP,FULL,0,Nasdaq\ETF
WISE,FULL,0,Nasdaq\ETF
WLDR,FULL,0,Nasdaq\ETF
WLTG,FULL,0,Nasdaq\ETF
WNDY,FULL,0,Nasdaq\ETF
WOMN,FULL,0,Nasdaq\ETF
WOOD,FULL,0,Nasdaq\ETF
WRND,FULL,0,Nasdaq\ETF
WTAI,FULL,0,Nasdaq\ETF
WTBN,FULL,0,Nasdaq\ETF
WTID,FULL,0,Nasdaq\ETF
WTIU,FULL,0,Nasdaq\ETF
WTMF,FULL,0,Nasdaq\ETF
WTRE,FULL,0,Nasdaq\ETF
WTV,FULL,0,Nasdaq\ETF
WUGI,FULL,0,Nasdaq\ETF
WWJD,FULL,0,Nasdaq\ETF
XAIX,FULL,0,Nasdaq\ETF
XAPR,FULL,0,Nasdaq\ETF
XAR,FULL,0,Nasdaq\ETF
XAUG,FULL,0,Nasdaq\ETF
XB,FULL,0,Nasdaq\ETF
XBAP,FULL,0,Nasdaq\ETF
XBB,FULL,0,Nasdaq\ETF
XBI,FULL,0,Nasdaq\ETF
XBIL,FULL,0,Nasdaq\ETF
XBJA,FULL,0,Nasdaq\ETF
XBJL,FULL,0,Nasdaq\ETF
XBOC,FULL,0,Nasdaq\ETF
XC,FULL,0,Nasdaq\ETF
XCCC,FULL,0,Nasdaq\ETF
XCEM,FULL,0,Nasdaq\ETF
XCLR,FULL,0,Nasdaq\ETF
XCOR,FULL,0,Nasdaq\ETF
XDAP,FULL,0,Nasdaq\ETF
XDAT,FULL,0,Nasdaq\ETF
XDEC,FULL,0,Nasdaq\ETF
XDJA,FULL,0,Nasdaq\ETF
XDJL,FULL,0,Nasdaq\ETF
XDOC,FULL,0,Nasdaq\ETF
XDQQ,FULL,0,Nasdaq\ETF
XDSQ,FULL,0,Nasdaq\ETF
XDTE,FULL,0,Nasdaq\ETF
XEMD,FULL,0,Nasdaq\ETF
XES,FULL,0,Nasdaq\ETF
XFEB,FULL,0,Nasdaq\ETF
XFIV,FULL,0,Nasdaq\ETF
XFIX,FULL,0,Nasdaq\ETF
XFLX,FULL,0,Nasdaq\ETF
XHB,FULL,0,Nasdaq\ETF
XHE,FULL,0,Nasdaq\ETF
XHLF,FULL,0,Nasdaq\ETF
XHS,FULL,0,Nasdaq\ETF
XHYC,FULL,0,Nasdaq\ETF
XHYD,FULL,0,Nasdaq\ETF
XHYE,FULL,0,Nasdaq\ETF
XHYF,FULL,0,Nasdaq\ETF
XHYH,FULL,0,Nasdaq\ETF
XHYI,FULL,0,Nasdaq\ETF
XHYT,FULL,0,Nasdaq\ETF
XIDE,FULL,0,Nasdaq\ETF
XIJN,FULL,0,Nasdaq\ETF
XIMR,FULL,0,Nasdaq\ETF
XISE,FULL,0,Nasdaq\ETF
XITK,FULL,0,Nasdaq\ETF
XJAN,FULL,0,Nasdaq\ETF
XJH,FULL,0,Nasdaq\ETF
XJR,FULL,0,Nasdaq\ETF
XJUL,FULL,0,Nasdaq\ETF
XJUN,FULL,0,Nasdaq\ETF
XLB,FULL,0,Nasdaq\ETF
XLC,FULL,0,Nasdaq\ETF
XLE,FULL,0,Nasdaq\ETF
XLF,FULL,0,Nasdaq\ETF
XLG,FULL,0,Nasdaq\ETF
XLI,FULL,0,Nasdaq\ETF
XLK,FULL,0,Nasdaq\ETF
XLP,FULL,0,Nasdaq\ETF
XLRE,FULL,0,Nasdaq\ETF
XLSR,FULL,0,Nasdaq\ETF
XLU,FULL,0,Nasdaq\ETF
XLV,FULL,0,Nasdaq\ETF
XLY,FULL,0,Nasdaq\ETF
XMAR,FULL,0,Nasdaq\ETF
XMAY,FULL,0,Nasdaq\ETF
XME,FULL,0,Nasdaq\ETF
XMHQ,FULL,0,Nasdaq\ETF
XMLV,FULL,0,Nasdaq\ETF
XMMO,FULL,0,Nasdaq\ETF
XMPT,FULL,0,Nasdaq\ETF
XMVM,FULL,0,Nasdaq\ETF
XNAV,FULL,0,Nasdaq\ETF
XNOV,FULL,0,Nasdaq\ETF
XNTK,FULL,0,Nasdaq\ETF
XOCT,FULL,0,Nasdaq\ETF
XOMO,FULL,0,Nasdaq\ETF
XONE,FULL,0,Nasdaq\ETF
XOP,FULL,0,Nasdaq\ETF
XPH,FULL,0,Nasdaq\ETF
XPND,FULL,0,Nasdaq\ETF
XPP,FULL,0,Nasdaq\ETF
XRLV,FULL,0,Nasdaq\ETF
XRLX,FULL,0,Nasdaq\ETF
XRMI,FULL,0,Nasdaq\ETF
XRT,FULL,0,Nasdaq\ETF
XSD,FULL,0,Nasdaq\ETF
XSEP,FULL,0,Nasdaq\ETF
XSHD,FULL,0,Nasdaq\ETF
XSHQ,FULL,0,Nasdaq\ETF
XSLV,FULL,0,Nasdaq\ETF
XSMO,FULL,0,Nasdaq\ETF
XSOE,FULL,0,Nasdaq\ETF
XSVM,FULL,0,Nasdaq\ETF
XSVN,FULL,0,Nasdaq\ETF
XSW,FULL,0,Nasdaq\ETF
XT,FULL,0,Nasdaq\ETF
XTAP,FULL,0,Nasdaq\ETF
XTEN,FULL,0,Nasdaq\ETF
XTJA,FULL,0,Nasdaq\ETF
XTJL,FULL,0,Nasdaq\ETF
XTL,FULL,0,Nasdaq\ETF
XTN,FULL,0,Nasdaq\ETF
XTOC,FULL,0,Nasdaq\ETF
XTR,FULL,0,Nasdaq\ETF
XTRE,FULL,0,Nasdaq\ETF
XTWO,FULL,0,Nasdaq\ETF
XTWY,FULL,0,Nasdaq\ETF
XUSP,FULL,0,Nasdaq\ETF
XVOL,FULL,0,Nasdaq\ETF
XVV,FULL,0,Nasdaq\ETF
XXCH,FULL,0,Nasdaq\ETF
XYLD,FULL,0,Nasdaq\ETF
XYLE,FULL,0,Nasdaq\ETF
XYLG,FULL,0,Nasdaq\ETF
YALL,FULL,0,Nasdaq\ETF
YANG,FULL,0,Nasdaq\ETF
YBIT,FULL,0,Nasdaq\ETF
YBTC,FULL,0,Nasdaq\ETF
YCL,FULL,0,Nasdaq\ETF
YCS,FULL,0,Nasdaq\ETF
YDEC,FULL,0,Nasdaq\ETF
YEAR,FULL,0,Nasdaq\ETF
YINN,FULL,0,Nasdaq\ETF
YJUN,FULL,0,Nasdaq\ETF
T,FULL,0,Nasdaq\Stock
T-PA,FULL,0,Nasdaq\Stock
T-PC,FULL,0,Nasdaq\Stock
TAC,FULL,0,Nasdaq\Stock
TACT,FULL,0,Nasdaq\Stock
TAIT,FULL,0,Nasdaq\Stock
TAK,FULL,0,Nasdaq\Stock
TAL,FULL,0,Nasdaq\Stock
TALK,FULL,0,Nasdaq\Stock
TALO,FULL,0,Nasdaq\Stock
TANH,FULL,0,Nasdaq\Stock
TAOP,FULL,0,Nasdaq\Stock
TAP,FULL,0,Nasdaq\Stock
TAP-A,FULL,0,Nasdaq\Stock
TARA,FULL,0,Nasdaq\Stock
TARS,FULL,0,Nasdaq\Stock
TASK,FULL,0,Nasdaq\Stock
TATT,FULL,0,Nasdaq\Stock
TAYD,FULL,0,Nasdaq\Stock
TBBB,FULL,0,Nasdaq\Stock
TBBK,FULL,0,Nasdaq\Stock
TBI,FULL,0,Nasdaq\Stock
TBIO,FULL,0,Nasdaq\Stock
TBLA,FULL,0,Nasdaq\Stock
TBLD,FULL,0,Nasdaq\Stock
TBMC,FULL,0,Nasdaq\Stock
TBN,FULL,0,Nasdaq\Stock
TBNK,FULL,0,Nasdaq\Stock
TBPH,FULL,0,Nasdaq\Stock
TBRG,FULL,0,Nasdaq\Stock
TC,FULL,0,Nasdaq\Stock
TCBI,FULL,0,Nasdaq\Stock
TCBIO,FULL,0,Nasdaq\Stock
TCBK,FULL,0,Nasdaq\Stock
TCBP,FULL,0,Nasdaq\Stock
TCBS,FULL,0,Nasdaq\Stock
TCBX,FULL,0,Nasdaq\Stock
TCI,FULL,0,Nasdaq\Stock
TCJH,FULL,0,Nasdaq\Stock
TCMD,FULL,0,Nasdaq\Stock
TCOA,FULL,0,Nasdaq\Stock
TCOM,FULL,0,Nasdaq\Stock
TCPC,FULL,0,Nasdaq\Stock
TCRT,FULL,0,Nasdaq\Stock
TCRX,FULL,0,Nasdaq\Stock
TCS,FULL,0,Nasdaq\Stock
TCTM,FULL,0,Nasdaq\Stock
TCX,FULL,0,Nasdaq\Stock
TD,FULL,0,Nasdaq\Stock
TDC,FULL,0,Nasdaq\Stock
TDF,FULL,0,Nasdaq\Stock
TDG,FULL,0,Nasdaq\Stock
TDOC,FULL,0,Nasdaq\Stock
TDS,FULL,0,Nasdaq\Stock
TDS-PU,FULL,0,Nasdaq\Stock
TDS-PV,FULL,0,Nasdaq\Stock
TDUP,FULL,0,Nasdaq\Stock
TDW,FULL,0,Nasdaq\Stock
TDY,FULL,0,Nasdaq\Stock
TEAF,FULL,0,Nasdaq\Stock
TEAM,FULL,0,Nasdaq\Stock
TECH,FULL,0,Nasdaq\Stock
TECK,FULL,0,Nasdaq\Stock
TECTP,FULL,0,Nasdaq\Stock
TECX,FULL,0,Nasdaq\Stock
TEF,FULL,0,Nasdaq\Stock
TEI,FULL,0,Nasdaq\Stock
TEL,FULL,0,Nasdaq\Stock
TELA,FULL,0,Nasdaq\Stock
TELL,FULL,0,Nasdaq\Stock
TELO,FULL,0,Nasdaq\Stock
TEM,FULL,0,Nasdaq\Stock
TEN,FULL,0,Nasdaq\Stock
TEN-PE,FULL,0,Nasdaq\Stock
TEN-PF,FULL,0,Nasdaq\Stock
TENB,FULL,0,Nasdaq\Stock
TENX,FULL,0,Nasdaq\Stock
TEO,FULL,0,Nasdaq\Stock
TER,FULL,0,Nasdaq\Stock
TERN,FULL,0,Nasdaq\Stock
TETE,FULL,0,Nasdaq\Stock
TEVA,FULL,0,Nasdaq\Stock
TEX,FULL,0,Nasdaq\Stock
TFC,FULL,0,Nasdaq\Stock
TFC-PI,FULL,0,Nasdaq\Stock
TFC-PO,FULL,0,Nasdaq\Stock
TFC-PR,FULL,0,Nasdaq\Stock
TFFP,FULL,0,Nasdaq\Stock
TFII,FULL,0,Nasdaq\Stock
TFIN,FULL,0,Nasdaq\Stock
TFINP,FULL,0,Nasdaq\Stock
TFPM,FULL,0,Nasdaq\Stock
TFSL,FULL,0,Nasdaq\Stock
TFX,FULL,0,Nasdaq\Stock
TG,FULL,0,Nasdaq\Stock
TGAA,FULL,0,Nasdaq\Stock
TGB,FULL,0,Nasdaq\Stock
TGI,FULL,0,Nasdaq\Stock
TGL,FULL,0,Nasdaq\Stock
TGLS,FULL,0,Nasdaq\Stock
TGNA,FULL,0,Nasdaq\Stock
TGS,FULL,0,Nasdaq\Stock
TGT,FULL,0,Nasdaq\Stock
TGTX,FULL,0,Nasdaq\Stock
TH,FULL,0,Nasdaq\Stock
THAR,FULL,0,Nasdaq\Stock
THC,FULL,0,Nasdaq\Stock
THCH,FULL,0,Nasdaq\Stock
THCP,FULL,0,Nasdaq\Stock
THFF,FULL,0,Nasdaq\Stock
THG,FULL,0,Nasdaq\Stock
THM,FULL,0,Nasdaq\Stock
THO,FULL,0,Nasdaq\Stock
THQ,FULL,0,Nasdaq\Stock
THR,FULL,0,Nasdaq\Stock
THRD,FULL,0,Nasdaq\Stock
THRM,FULL,0,Nasdaq\Stock
THRY,FULL,0,Nasdaq\Stock
THS,FULL,0,Nasdaq\Stock
THTX,FULL,0,Nasdaq\Stock
THW,FULL,0,Nasdaq\Stock
TIGO,FULL,0,Nasdaq\Stock
TIGR,FULL,0,Nasdaq\Stock
TIL,FULL,0,Nasdaq\Stock
TILE,FULL,0,Nasdaq\Stock
TIMB,FULL,0,Nasdaq\Stock
TIPT,FULL,0,Nasdaq\Stock
TIRX,FULL,0,Nasdaq\Stock
TISI,FULL,0,Nasdaq\Stock
TITN,FULL,0,Nasdaq\Stock
TIVC,FULL,0,Nasdaq\Stock
TIXT,FULL,0,Nasdaq\Stock
TJX,FULL,0,Nasdaq\Stock
TK,FULL,0,Nasdaq\Stock
TKC,FULL,0,Nasdaq\Stock
TKLF,FULL,0,Nasdaq\Stock
TKNO,FULL,0,Nasdaq\Stock
TKO,FULL,0,Nasdaq\Stock
TKR,FULL,0,Nasdaq\Stock
TLF,FULL,0,Nasdaq\Stock
TLGY,FULL,0,Nasdaq\Stock
TLIS,FULL,0,Nasdaq\Stock
TLK,FULL,0,Nasdaq\Stock
TLN,FULL,0,Nasdaq\Stock
TLPH,FULL,0,Nasdaq\Stock
TLRY,FULL,0,Nasdaq\Stock
TLS,FULL,0,Nasdaq\Stock
TLSA,FULL,0,Nasdaq\Stock
TLSI,FULL,0,Nasdaq\Stock
TLYS,FULL,0,Nasdaq\Stock
TM,FULL,0,Nasdaq\Stock
TMC,FULL,0,Nasdaq\Stock
TMCI,FULL,0,Nasdaq\Stock
TMDX,FULL,0,Nasdaq\Stock
TME,FULL,0,Nasdaq\Stock
TMHC,FULL,0,Nasdaq\Stock
TMO,FULL,0,Nasdaq\Stock
TMP,FULL,0,Nasdaq\Stock
TMQ,FULL,0,Nasdaq\Stock
TMTC,FULL,0,Nasdaq\Stock
TMUS,FULL,0,Nasdaq\Stock
TNC,FULL,0,Nasdaq\Stock
TNDM,FULL,0,Nasdaq\Stock
TNET,FULL,0,Nasdaq\Stock
TNFA,FULL,0,Nasdaq\Stock
TNGX,FULL,0,Nasdaq\Stock
TNK,FULL,0,Nasdaq\Stock
TNL,FULL,0,Nasdaq\Stock
TNON,FULL,0,Nasdaq\Stock
TNXP,FULL,0,Nasdaq\Stock
TNYA,FULL,0,Nasdaq\Stock
TOI,FULL,0,Nasdaq\Stock
TOL,FULL,0,Nasdaq\Stock
TOMZ,FULL,0,Nasdaq\Stock
TOON,FULL,0,Nasdaq\Stock
TOP,FULL,0,Nasdaq\Stock
TOPS,FULL,0,Nasdaq\Stock
TORO,FULL,0,Nasdaq\Stock
TOST,FULL,0,Nasdaq\Stock
TOUR,FULL,0,Nasdaq\Stock
TOVX,FULL,0,Nasdaq\Stock
TOWN,FULL,0,Nasdaq\Stock
TOYO,FULL,0,Nasdaq\Stock
TPB,FULL,0,Nasdaq\Stock
TPC,FULL,0,Nasdaq\Stock
TPCS,FULL,0,Nasdaq\Stock
TPET,FULL,0,Nasdaq\Stock
TPG,FULL,0,Nasdaq\Stock
TPH,FULL,0,Nasdaq\Stock
TPIC,FULL,0,Nasdaq\Stock
TPL,FULL,0,Nasdaq\Stock
TPR,FULL,0,Nasdaq\Stock
TPST,FULL,0,Nasdaq\Stock
TPVG,FULL,0,Nasdaq\Stock
TPX,FULL,0,Nasdaq\Stock
TPZ,FULL,0,Nasdaq\Stock
TR,FULL,0,Nasdaq\Stock
TRAK,FULL,0,Nasdaq\Stock
TRAW,FULL,0,Nasdaq\Stock
TRC,FULL,0,Nasdaq\Stock
TRDA,FULL,0,Nasdaq\Stock
TREE,FULL,0,Nasdaq\Stock
TREX,FULL,0,Nasdaq\Stock
TRGP,FULL,0,Nasdaq\Stock
TRI,FULL,0,Nasdaq\Stock
TRIB,FULL,0,Nasdaq\Stock
TRIN,FULL,0,Nasdaq\Stock
TRIP,FULL,0,Nasdaq\Stock
TRMB,FULL,0,Nasdaq\Stock
TRMD,FULL,0,Nasdaq\Stock
TRMK,FULL,0,Nasdaq\Stock
TRML,FULL,0,Nasdaq\Stock
TRN,FULL,0,Nasdaq\Stock
TRNO,FULL,0,Nasdaq\Stock
TRNR,FULL,0,Nasdaq\Stock
TRNS,FULL,0,Nasdaq\Stock
TROO,FULL,0,Nasdaq\Stock
TROW,FULL,0,Nasdaq\Stock
TROX,FULL,0,Nasdaq\Stock
TRP,FULL,0,Nasdaq\Stock
TRS,FULL,0,Nasdaq\Stock
TRSG,FULL,0,Nasdaq\Stock
TRST,FULL,0,Nasdaq\Stock
TRT,FULL,0,Nasdaq\Stock
TRTN-PA,FULL,0,Nasdaq\Stock
TRTN-PB,FULL,0,Nasdaq\Stock
TRTN-PC,FULL,0,Nasdaq\Stock
TRTN-PD,FULL,0,Nasdaq\Stock
TRTN-PE,FULL,0,Nasdaq\Stock
TRTX,FULL,0,Nasdaq\Stock
TRTX-PC,FULL,0,Nasdaq\Stock
TRU,FULL,0,Nasdaq\Stock
TRUE,FULL,0,Nasdaq\Stock
TRUG,FULL,0,Nasdaq\Stock
TRUP,FULL,0,Nasdaq\Stock
TRV,FULL,0,Nasdaq\Stock
TRVG,FULL,0,Nasdaq\Stock
TRVI,FULL,0,Nasdaq\Stock
TRVN,FULL,0,Nasdaq\Stock
TRX,FULL,0,Nasdaq\Stock
TS,FULL,0,Nasdaq\Stock
TSAT,FULL,0,Nasdaq\Stock
TSBK,FULL,0,Nasdaq\Stock
TSBX,FULL,0,Nasdaq\Stock
TSCO,FULL,0,Nasdaq\Stock
TSE,FULL,0,Nasdaq\Stock
TSEM,FULL,0,Nasdaq\Stock
TSHA,FULL,0,Nasdaq\Stock
TSI,FULL,0,Nasdaq\Stock
TSLA,FULL,0,Nasdaq\Stock
TSLX,FULL,0,Nasdaq\Stock
TSM,FULL,0,Nasdaq\Stock
TSN,FULL,0,Nasdaq\Stock
TSQ,FULL,0,Nasdaq\Stock
TSVT,FULL,0,Nasdaq\Stock
TT,FULL,0,Nasdaq\Stock
TTC,FULL,0,Nasdaq\Stock
TTD,FULL,0,Nasdaq\Stock
TTE,FULL,0,Nasdaq\Stock
TTEC,FULL,0,Nasdaq\Stock
TTEK,FULL,0,Nasdaq\Stock
TTGT,FULL,0,Nasdaq\Stock
TTI,FULL,0,Nasdaq\Stock
TTMI,FULL,0,Nasdaq\Stock
TTNP,FULL,0,Nasdaq\Stock
TTOO,FULL,0,Nasdaq\Stock
TTP,FULL,0,Nasdaq\Stock
TTSH,FULL,0,Nasdaq\Stock
TTWO,FULL,0,Nasdaq\Stock
TU,FULL,0,Nasdaq\Stock
TUP,FULL,0,Nasdaq\Stock
TURB,FULL,0,Nasdaq\Stock
TURN,FULL,0,Nasdaq\Stock
TUSK,FULL,0,Nasdaq\Stock
TUYA,FULL,0,Nasdaq\Stock
TV,FULL,0,Nasdaq\Stock
TVGN,FULL,0,Nasdaq\Stock
TVTX,FULL,0,Nasdaq\Stock
TW,FULL,0,Nasdaq\Stock
TWFG,FULL,0,Nasdaq\Stock
TWG,FULL,0,Nasdaq\Stock
TWI,FULL,0,Nasdaq\Stock
TWIN,FULL,0,Nasdaq\Stock
TWKS,FULL,0,Nasdaq\Stock
TWLO,FULL,0,Nasdaq\Stock
TWN,FULL,0,Nasdaq\Stock
TWO,FULL,0,Nasdaq\Stock
TWO-PA,FULL,0,Nasdaq\Stock
TWO-PB,FULL,0,Nasdaq\Stock
TWO-PC,FULL,0,Nasdaq\Stock
TWST,FULL,0,Nasdaq\Stock
TX,FULL,0,Nasdaq\Stock
TXG,FULL,0,Nasdaq\Stock
TXMD,FULL,0,Nasdaq\Stock
TXN,FULL,0,Nasdaq\Stock
TXNM,FULL,0,Nasdaq\Stock
TXRH,FULL,0,Nasdaq\Stock
TXT,FULL,0,Nasdaq\Stock
TY,FULL,0,Nasdaq\Stock
TY-P,FULL,0,Nasdaq\Stock
TYG,FULL,0,Nasdaq\Stock
TYGO,FULL,0,Nasdaq\Stock
TYL,FULL,0,Nasdaq\Stock
TYRA,FULL,0,Nasdaq\Stock
TZOO,FULL,0,Nasdaq\Stock
U,FULL,0,Nasdaq\Stock
UA,FULL,0,Nasdaq\Stock
UAA,FULL,0,Nasdaq\Stock
UAL,FULL,0,Nasdaq\Stock
UAMY,FULL,0,Nasdaq\Stock
UAVS,FULL,0,Nasdaq\Stock
UBCP,FULL,0,Nasdaq\Stock
UBER,FULL,0,Nasdaq\Stock
UBFO,FULL,0,Nasdaq\Stock
UBS,FULL,0,Nasdaq\Stock
UBSI,FULL,0,Nasdaq\Stock
UBX,FULL,0,Nasdaq\Stock
UBXG,FULL,0,Nasdaq\Stock
UCAR,FULL,0,Nasdaq\Stock
UCB,FULL,0,Nasdaq\Stock
UCB-PI,FULL,0,Nasdaq\Stock
UCL,FULL,0,Nasdaq\Stock
UCTT,FULL,0,Nasdaq\Stock
UDMY,FULL,0,Nasdaq\Stock
UDR,FULL,0,Nasdaq\Stock
UE,FULL,0,Nasdaq\Stock
UEC,FULL,0,Nasdaq\Stock
UEIC,FULL,0,Nasdaq\Stock
UFCS,FULL,0,Nasdaq\Stock
UFI,FULL,0,Nasdaq\Stock
UFPI,FULL,0,Nasdaq\Stock
UFPT,FULL,0,Nasdaq\Stock
UG,FULL,0,Nasdaq\Stock
UGI,FULL,0,Nasdaq\Stock
UGP,FULL,0,Nasdaq\Stock
UGRO,FULL,0,Nasdaq\Stock
UHAL,FULL,0,Nasdaq\Stock
UHAL-B,FULL,0,Nasdaq\Stock
UHG,FULL,0,Nasdaq\Stock
UHS,FULL,0,Nasdaq\Stock
UHT,FULL,0,Nasdaq\Stock
UI,FULL,0,Nasdaq\Stock
UIS,FULL,0,Nasdaq\Stock
UK,FULL,0,Nasdaq\Stock
UL,FULL,0,Nasdaq\Stock
ULBI,FULL,0,Nasdaq\Stock
ULCC,FULL,0,Nasdaq\Stock
ULH,FULL,0,Nasdaq\Stock
ULS,FULL,0,Nasdaq\Stock
ULTA,FULL,0,Nasdaq\Stock
ULY,FULL,0,Nasdaq\Stock
UMAC,FULL,0,Nasdaq\Stock
UMBF,FULL,0,Nasdaq\Stock
UMC,FULL,0,Nasdaq\Stock
UMH,FULL,0,Nasdaq\Stock
UMH-PD,FULL,0,Nasdaq\Stock
UNB,FULL,0,Nasdaq\Stock
UNCY,FULL,0,Nasdaq\Stock
UNF,FULL,0,Nasdaq\Stock
UNFI,FULL,0,Nasdaq\Stock
UNH,FULL,0,Nasdaq\Stock
UNIT,FULL,0,Nasdaq\Stock
UNM,FULL,0,Nasdaq\Stock
UNP,FULL,0,Nasdaq\Stock
UNTY,FULL,0,Nasdaq\Stock
UONE,FULL,0,Nasdaq\Stock
UONEK,FULL,0,Nasdaq\Stock
UP,FULL,0,Nasdaq\Stock
UPBD,FULL,0,Nasdaq\Stock
UPC,FULL,0,Nasdaq\Stock
UPLD,FULL,0,Nasdaq\Stock
UPS,FULL,0,Nasdaq\Stock
UPST,FULL,0,Nasdaq\Stock
UPWK,FULL,0,Nasdaq\Stock
UPXI,FULL,0,Nasdaq\Stock
URBN,FULL,0,Nasdaq\Stock
URG,FULL,0,Nasdaq\Stock
URGN,FULL,0,Nasdaq\Stock
URI,FULL,0,Nasdaq\Stock
UROY,FULL,0,Nasdaq\Stock
USA,FULL,0,Nasdaq\Stock
USAP,FULL,0,Nasdaq\Stock
USAS,FULL,0,Nasdaq\Stock
USAU,FULL,0,Nasdaq\Stock
USB,FULL,0,Nasdaq\Stock
USB-PA,FULL,0,Nasdaq\Stock
USB-PH,FULL,0,Nasdaq\Stock
USB-PP,FULL,0,Nasdaq\Stock
USB-PQ,FULL,0,Nasdaq\Stock
USB-PR,FULL,0,Nasdaq\Stock
USB-PS,FULL,0,Nasdaq\Stock
USCB,FULL,0,Nasdaq\Stock
USEA,FULL,0,Nasdaq\Stock
USEG,FULL,0,Nasdaq\Stock
USFD,FULL,0,Nasdaq\Stock
USGO,FULL,0,Nasdaq\Stock
USIO,FULL,0,Nasdaq\Stock
USLM,FULL,0,Nasdaq\Stock
USM,FULL,0,Nasdaq\Stock
USNA,FULL,0,Nasdaq\Stock
USPH,FULL,0,Nasdaq\Stock
UTF,FULL,0,Nasdaq\Stock
UTG,FULL,0,Nasdaq\Stock
UTHR,FULL,0,Nasdaq\Stock
UTI,FULL,0,Nasdaq\Stock
UTL,FULL,0,Nasdaq\Stock
UTMD,FULL,0,Nasdaq\Stock
UTSI,FULL,0,Nasdaq\Stock
UTZ,FULL,0,Nasdaq\Stock
UUU,FULL,0,Nasdaq\Stock
UUUU,FULL,0,Nasdaq\Stock
UVE,FULL,0,Nasdaq\Stock
UVSP,FULL,0,Nasdaq\Stock
UVV,FULL,0,Nasdaq\Stock
UWMC,FULL,0,Nasdaq\Stock
UXIN,FULL,0,Nasdaq\Stock
V,FULL,0,Nasdaq\Stock
VABK,FULL,0,Nasdaq\Stock
VAC,FULL,0,Nasdaq\Stock
VAL,FULL,0,Nasdaq\Stock
VALE,FULL,0,Nasdaq\Stock
VALN,FULL,0,Nasdaq\Stock
VALU,FULL,0,Nasdaq\Stock
VANI,FULL,0,Nasdaq\Stock
VATE,FULL,0,Nasdaq\Stock
VBF,FULL,0,Nasdaq\Stock
VBFC,FULL,0,Nasdaq\Stock
VBNK,FULL,0,Nasdaq\Stock
VBTX,FULL,0,Nasdaq\Stock
VC,FULL,0,Nasdaq\Stock
VCEL,FULL,0,Nasdaq\Stock
VCIG,FULL,0,Nasdaq\Stock
VCNX,FULL,0,Nasdaq\Stock
VCSA,FULL,0,Nasdaq\Stock
VCTR,FULL,0,Nasdaq\Stock
VCV,FULL,0,Nasdaq\Stock
VCYT,FULL,0,Nasdaq\Stock
VECO,FULL,0,Nasdaq\Stock
VEEE,FULL,0,Nasdaq\Stock
VEEV,FULL,0,Nasdaq\Stock
VEL,FULL,0,Nasdaq\Stock
VEON,FULL,0,Nasdaq\Stock
VERA,FULL,0,Nasdaq\Stock
VERB,FULL,0,Nasdaq\Stock
VERI,FULL,0,Nasdaq\Stock
VERO,FULL,0,Nasdaq\Stock
VERU,FULL,0,Nasdaq\Stock
VERV,FULL,0,Nasdaq\Stock
VERX,FULL,0,Nasdaq\Stock
VET,FULL,0,Nasdaq\Stock
VEV,FULL,0,Nasdaq\Stock
VFC,FULL,0,Nasdaq\Stock
VFF,FULL,0,Nasdaq\Stock
VFL,FULL,0,Nasdaq\Stock
VFS,FULL,0,Nasdaq\Stock
VGAS,FULL,0,Nasdaq\Stock
VGI,FULL,0,Nasdaq\Stock
VGM,FULL,0,Nasdaq\Stock
VGR,FULL,0,Nasdaq\Stock
VGZ,FULL,0,Nasdaq\Stock
VHAI,FULL,0,Nasdaq\Stock
VHC,FULL,0,Nasdaq\Stock
VHI,FULL,0,Nasdaq\Stock
VIASP,FULL,0,Nasdaq\Stock
VIAV,FULL,0,Nasdaq\Stock
VICI,FULL,0,Nasdaq\Stock
VICR,FULL,0,Nasdaq\Stock
VIGL,FULL,0,Nasdaq\Stock
VIK,FULL,0,Nasdaq\Stock
VINC,FULL,0,Nasdaq\Stock
VINE,FULL,0,Nasdaq\Stock
VINO,FULL,0,Nasdaq\Stock
VINP,FULL,0,Nasdaq\Stock
VIOT,FULL,0,Nasdaq\Stock
VIPS,FULL,0,Nasdaq\Stock
VIR,FULL,0,Nasdaq\Stock
VIRC,FULL,0,Nasdaq\Stock
VIRI,FULL,0,Nasdaq\Stock
VIRT,FULL,0,Nasdaq\Stock
VIRX,FULL,0,Nasdaq\Stock
VISL,FULL,0,Nasdaq\Stock
VIST,FULL,0,Nasdaq\Stock
VITL,FULL,0,Nasdaq\Stock
VIV,FULL,0,Nasdaq\Stock
VIVK,FULL,0,Nasdaq\Stock
VKI,FULL,0,Nasdaq\Stock
VKQ,FULL,0,Nasdaq\Stock
VKTX,FULL,0,Nasdaq\Stock
VLCN,FULL,0,Nasdaq\Stock
VLD,FULL,0,Nasdaq\Stock
VLGEA,FULL,0,Nasdaq\Stock
VLN,FULL,0,Nasdaq\Stock
VLO,FULL,0,Nasdaq\Stock
VLRS,FULL,0,Nasdaq\Stock
VLT,FULL,0,Nasdaq\Stock
VLTO,FULL,0,Nasdaq\Stock
VLY,FULL,0,Nasdaq\Stock
VLYPN,FULL,0,Nasdaq\Stock
VLYPO,FULL,0,Nasdaq\Stock
VLYPP,FULL,0,Nasdaq\Stock
VMAR,FULL,0,Nasdaq\Stock
VMC,FULL,0,Nasdaq\Stock
VMCA,FULL,0,Nasdaq\Stock
VMD,FULL,0,Nasdaq\Stock
VMEO,FULL,0,Nasdaq\Stock
VMI,FULL,0,Nasdaq\Stock
VMO,FULL,0,Nasdaq\Stock
VNCE,FULL,0,Nasdaq\Stock
VNDA,FULL,0,Nasdaq\Stock
VNET,FULL,0,Nasdaq\Stock
VNO,FULL,0,Nasdaq\Stock
VNO-PL,FULL,0,Nasdaq\Stock
VNO-PM,FULL,0,Nasdaq\Stock
VNO-PN,FULL,0,Nasdaq\Stock
VNO-PO,FULL,0,Nasdaq\Stock
VNRX,FULL,0,Nasdaq\Stock
VNT,FULL,0,Nasdaq\Stock
VOD,FULL,0,Nasdaq\Stock
VOR,FULL,0,Nasdaq\Stock
VOXR,FULL,0,Nasdaq\Stock
VOXX,FULL,0,Nasdaq\Stock
VOYA,FULL,0,Nasdaq\Stock
VOYA-PB,FULL,0,Nasdaq\Stock
VPG,FULL,0,Nasdaq\Stock
VPV,FULL,0,Nasdaq\Stock
VRA,FULL,0,Nasdaq\Stock
VRAR,FULL,0,Nasdaq\Stock
VRAX,FULL,0,Nasdaq\Stock
VRCA,FULL,0,Nasdaq\Stock
VRDN,FULL,0,Nasdaq\Stock
VRE,FULL,0,Nasdaq\Stock
VREX,FULL,0,Nasdaq\Stock
VRM,FULL,0,Nasdaq\Stock
VRME,FULL,0,Nasdaq\Stock
VRN,FULL,0,Nasdaq\Stock
VRNA,FULL,0,Nasdaq\Stock
VRNS,FULL,0,Nasdaq\Stock
VRNT,FULL,0,Nasdaq\Stock
VRPX,FULL,0,Nasdaq\Stock
VRRM,FULL,0,Nasdaq\Stock
VRSK,FULL,0,Nasdaq\Stock
VRSN,FULL,0,Nasdaq\Stock
VRT,FULL,0,Nasdaq\Stock
VRTS,FULL,0,Nasdaq\Stock
VRTX,FULL,0,Nasdaq\Stock
VS,FULL,0,Nasdaq\Stock
VSAC,FULL,0,Nasdaq\Stock
VSAT,FULL,0,Nasdaq\Stock
VSCO,FULL,0,Nasdaq\Stock
VSEC,FULL,0,Nasdaq\Stock
VSEE,FULL,0,Nasdaq\Stock
VSH,FULL,0,Nasdaq\Stock
VSME,FULL,0,Nasdaq\Stock
VST,FULL,0,Nasdaq\Stock
YLD,FULL,0,Nasdaq\ETF
YLDE,FULL,0,Nasdaq\ETF
YMAG,FULL,0,Nasdaq\ETF
YMAR,FULL,0,Nasdaq\ETF
YMAX,FULL,0,Nasdaq\ETF
YOLO,FULL,0,Nasdaq\ETF
YQQQ,FULL,0,Nasdaq\ETF
YSEP,FULL,0,Nasdaq\ETF
YXI,FULL,0,Nasdaq\ETF
YYY,FULL,0,Nasdaq\ETF
ZALT,FULL,0,Nasdaq\ETF
ZAUG,FULL,0,Nasdaq\ETF
ZECP,FULL,0,Nasdaq\ETF
ZHDG,FULL,0,Nasdaq\ETF
VSTA,FULL,0,Nasdaq\Stock
VSTE,FULL,0,Nasdaq\Stock
VSTM,FULL,0,Nasdaq\Stock
VSTO,FULL,0,Nasdaq\Stock
VSTS,FULL,0,Nasdaq\Stock
VTAK,FULL,0,Nasdaq\Stock
VTEX,FULL,0,Nasdaq\Stock
VTGN,FULL,0,Nasdaq\Stock
VTLE,FULL,0,Nasdaq\Stock
VTMX,FULL,0,Nasdaq\Stock
VTN,FULL,0,Nasdaq\Stock
VTNR,FULL,0,Nasdaq\Stock
VTOL,FULL,0,Nasdaq\Stock
VTR,FULL,0,Nasdaq\Stock
VTRS,FULL,0,Nasdaq\Stock
VTS,FULL,0,Nasdaq\Stock
VTSI,FULL,0,Nasdaq\Stock
VTVT,FULL,0,Nasdaq\Stock
VTYX,FULL,0,Nasdaq\Stock
VUZI,FULL,0,Nasdaq\Stock
VVI,FULL,0,Nasdaq\Stock
VVOS,FULL,0,Nasdaq\Stock
VVPR,FULL,0,Nasdaq\Stock
VVR,FULL,0,Nasdaq\Stock
VVV,FULL,0,Nasdaq\Stock
VVX,FULL,0,Nasdaq\Stock
VXRT,FULL,0,Nasdaq\Stock
VYGR,FULL,0,Nasdaq\Stock
VYNE,FULL,0,Nasdaq\Stock
VYX,FULL,0,Nasdaq\Stock
VZ,FULL,0,Nasdaq\Stock
VZIO,FULL,0,Nasdaq\Stock
VZLA,FULL,0,Nasdaq\Stock
W,FULL,0,Nasdaq\Stock
WAB,FULL,0,Nasdaq\Stock
WABC,FULL,0,Nasdaq\Stock
WAFD,FULL,0,Nasdaq\Stock
WAFDP,FULL,0,Nasdaq\Stock
WAFU,FULL,0,Nasdaq\Stock
WAL,FULL,0,Nasdaq\Stock
WAL-PA,FULL,0,Nasdaq\Stock
WALD,FULL,0,Nasdaq\Stock
WASH,FULL,0,Nasdaq\Stock
WAT,FULL,0,Nasdaq\Stock
WATT,FULL,0,Nasdaq\Stock
WAVE,FULL,0,Nasdaq\Stock
WAVS,FULL,0,Nasdaq\Stock
WAY,FULL,0,Nasdaq\Stock
WB,FULL,0,Nasdaq\Stock
WBA,FULL,0,Nasdaq\Stock
WBD,FULL,0,Nasdaq\Stock
WBS,FULL,0,Nasdaq\Stock
WBS-PF,FULL,0,Nasdaq\Stock
WBS-PG,FULL,0,Nasdaq\Stock
WBTN,FULL,0,Nasdaq\Stock
WBUY,FULL,0,Nasdaq\Stock
WBX,FULL,0,Nasdaq\Stock
WCC,FULL,0,Nasdaq\Stock
WCC-PA,FULL,0,Nasdaq\Stock
WCN,FULL,0,Nasdaq\Stock
WD,FULL,0,Nasdaq\Stock
WDAY,FULL,0,Nasdaq\Stock
WDC,FULL,0,Nasdaq\Stock
WDFC,FULL,0,Nasdaq\Stock
WDH,FULL,0,Nasdaq\Stock
WDI,FULL,0,Nasdaq\Stock
WDS,FULL,0,Nasdaq\Stock
WEA,FULL,0,Nasdaq\Stock
WEAV,FULL,0,Nasdaq\Stock
WEC,FULL,0,Nasdaq\Stock
WEL,FULL,0,Nasdaq\Stock
WELL,FULL,0,Nasdaq\Stock
WEN,FULL,0,Nasdaq\Stock
WENA,FULL,0,Nasdaq\Stock
WERN,FULL,0,Nasdaq\Stock
WEST,FULL,0,Nasdaq\Stock
WETH,FULL,0,Nasdaq\Stock
WEX,FULL,0,Nasdaq\Stock
WEYS,FULL,0,Nasdaq\Stock
WF,FULL,0,Nasdaq\Stock
WFC,FULL,0,Nasdaq\Stock
WFC-PA,FULL,0,Nasdaq\Stock
WFC-PC,FULL,0,Nasdaq\Stock
WFC-PD,FULL,0,Nasdaq\Stock
WFC-PL,FULL,0,Nasdaq\Stock
WFC-PY,FULL,0,Nasdaq\Stock
WFC-PZ,FULL,0,Nasdaq\Stock
WFCF,FULL,0,Nasdaq\Stock
WFG,FULL,0,Nasdaq\Stock
WFRD,FULL,0,Nasdaq\Stock
WGO,FULL,0,Nasdaq\Stock
WGS,FULL,0,Nasdaq\Stock
WH,FULL,0,Nasdaq\Stock
WHD,FULL,0,Nasdaq\Stock
WHF,FULL,0,Nasdaq\Stock
WHG,FULL,0,Nasdaq\Stock
WHLM,FULL,0,Nasdaq\Stock
WHLR,FULL,0,Nasdaq\Stock
WHLRD,FULL,0,Nasdaq\Stock
WHLRP,FULL,0,Nasdaq\Stock
WHR,FULL,0,Nasdaq\Stock
WIA,FULL,0,Nasdaq\Stock
WILC,FULL,0,Nasdaq\Stock
WIMI,FULL,0,Nasdaq\Stock
WINA,FULL,0,Nasdaq\Stock
WING,FULL,0,Nasdaq\Stock
WINT,FULL,0,Nasdaq\Stock
WINV,FULL,0,Nasdaq\Stock
WISA,FULL,0,Nasdaq\Stock
WIT,FULL,0,Nasdaq\Stock
WIW,FULL,0,Nasdaq\Stock
WIX,FULL,0,Nasdaq\Stock
WK,FULL,0,Nasdaq\Stock
WKC,FULL,0,Nasdaq\Stock
WKEY,FULL,0,Nasdaq\Stock
WKHS,FULL,0,Nasdaq\Stock
WKME,FULL,0,Nasdaq\Stock
WKSP,FULL,0,Nasdaq\Stock
WLDN,FULL,0,Nasdaq\Stock
WLDS,FULL,0,Nasdaq\Stock
WLFC,FULL,0,Nasdaq\Stock
WLGS,FULL,0,Nasdaq\Stock
WLK,FULL,0,Nasdaq\Stock
WLY,FULL,0,Nasdaq\Stock
WLYB,FULL,0,Nasdaq\Stock
WM,FULL,0,Nasdaq\Stock
WMB,FULL,0,Nasdaq\Stock
WMG,FULL,0,Nasdaq\Stock
WMK,FULL,0,Nasdaq\Stock
WMPN,FULL,0,Nasdaq\Stock
WMS,FULL,0,Nasdaq\Stock
WMT,FULL,0,Nasdaq\Stock
WNC,FULL,0,Nasdaq\Stock
WNEB,FULL,0,Nasdaq\Stock
WNS,FULL,0,Nasdaq\Stock
WNW,FULL,0,Nasdaq\Stock
WOK,FULL,0,Nasdaq\Stock
WOLF,FULL,0,Nasdaq\Stock
WOOF,FULL,0,Nasdaq\Stock
WOR,FULL,0,Nasdaq\Stock
WORX,FULL,0,Nasdaq\Stock
WOW,FULL,0,Nasdaq\Stock
WPC,FULL,0,Nasdaq\Stock
WPM,FULL,0,Nasdaq\Stock
WPP,FULL,0,Nasdaq\Stock
WPRT,FULL,0,Nasdaq\Stock
WRAP,FULL,0,Nasdaq\Stock
WRB,FULL,0,Nasdaq\Stock
WRBY,FULL,0,Nasdaq\Stock
WRD,FULL,0,Nasdaq\Stock
WRLD,FULL,0,Nasdaq\Stock
WRN,FULL,0,Nasdaq\Stock
WS,FULL,0,Nasdaq\Stock
WSBC,FULL,0,Nasdaq\Stock
WSBCP,FULL,0,Nasdaq\Stock
WSBF,FULL,0,Nasdaq\Stock
WSC,FULL,0,Nasdaq\Stock
WSFS,FULL,0,Nasdaq\Stock
WSM,FULL,0,Nasdaq\Stock
WSO,FULL,0,Nasdaq\Stock
WSO-B,FULL,0,Nasdaq\Stock
WSR,FULL,0,Nasdaq\Stock
WST,FULL,0,Nasdaq\Stock
WT,FULL,0,Nasdaq\Stock
WTBA,FULL,0,Nasdaq\Stock
WTFC,FULL,0,Nasdaq\Stock
WTFCM,FULL,0,Nasdaq\Stock
WTFCP,FULL,0,Nasdaq\Stock
WTI,FULL,0,Nasdaq\Stock
WTM,FULL,0,Nasdaq\Stock
WTMA,FULL,0,Nasdaq\Stock
WTO,FULL,0,Nasdaq\Stock
WTRG,FULL,0,Nasdaq\Stock
WTS,FULL,0,Nasdaq\Stock
WTTR,FULL,0,Nasdaq\Stock
WTW,FULL,0,Nasdaq\Stock
WU,FULL,0,Nasdaq\Stock
WULF,FULL,0,Nasdaq\Stock
WVE,FULL,0,Nasdaq\Stock
WVVI,FULL,0,Nasdaq\Stock
WVVIP,FULL,0,Nasdaq\Stock
WW,FULL,0,Nasdaq\Stock
WWD,FULL,0,Nasdaq\Stock
WWR,FULL,0,Nasdaq\Stock
WWW,FULL,0,Nasdaq\Stock
WY,FULL,0,Nasdaq\Stock
WYNN,FULL,0,Nasdaq\Stock
WYY,FULL,0,Nasdaq\Stock
X,FULL,0,Nasdaq\Stock
XAIR,FULL,0,Nasdaq\Stock
XBIO,FULL,0,Nasdaq\Stock
XBIT,FULL,0,Nasdaq\Stock
XBP,FULL,0,Nasdaq\Stock
XCUR,FULL,0,Nasdaq\Stock
XEL,FULL,0,Nasdaq\Stock
XELA,FULL,0,Nasdaq\Stock
XELAP,FULL,0,Nasdaq\Stock
XELB,FULL,0,Nasdaq\Stock
XENE,FULL,0,Nasdaq\Stock
XERS,FULL,0,Nasdaq\Stock
XFIN,FULL,0,Nasdaq\Stock
XFLT,FULL,0,Nasdaq\Stock
XFLT-PA,FULL,0,Nasdaq\Stock
XFOR,FULL,0,Nasdaq\Stock
XGN,FULL,0,Nasdaq\Stock
XHG,FULL,0,Nasdaq\Stock
XHR,FULL,0,Nasdaq\Stock
XIN,FULL,0,Nasdaq\Stock
XLO,FULL,0,Nasdaq\Stock
XMTR,FULL,0,Nasdaq\Stock
XNCR,FULL,0,Nasdaq\Stock
XNET,FULL,0,Nasdaq\Stock
XOM,FULL,0,Nasdaq\Stock
XOMA,FULL,0,Nasdaq\Stock
XOMAO,FULL,0,Nasdaq\Stock
XOMAP,FULL,0,Nasdaq\Stock
XOS,FULL,0,Nasdaq\Stock
XP,FULL,0,Nasdaq\Stock
XPEL,FULL,0,Nasdaq\Stock
XPER,FULL,0,Nasdaq\Stock
XPEV,FULL,0,Nasdaq\Stock
XPL,FULL,0,Nasdaq\Stock
XPO,FULL,0,Nasdaq\Stock
XPOF,FULL,0,Nasdaq\Stock
XPON,FULL,0,Nasdaq\Stock
XPRO,FULL,0,Nasdaq\Stock
XRAY,FULL,0,Nasdaq\Stock
XRTX,FULL,0,Nasdaq\Stock
XRX,FULL,0,Nasdaq\Stock
XTIA,FULL,0,Nasdaq\Stock
XTKG,FULL,0,Nasdaq\Stock
XTLB,FULL,0,Nasdaq\Stock
XTNT,FULL,0,Nasdaq\Stock
XWEL,FULL,0,Nasdaq\Stock
XXII,FULL,0,Nasdaq\Stock
XYF,FULL,0,Nasdaq\Stock
XYL,FULL,0,Nasdaq\Stock
XYLO,FULL,0,Nasdaq\Stock
YALA,FULL,0,Nasdaq\Stock
YCBD,FULL,0,Nasdaq\Stock
YCBD-PA,FULL,0,Nasdaq\Stock
YELP,FULL,0,Nasdaq\Stock
YETI,FULL,0,Nasdaq\Stock
YEXT,FULL,0,Nasdaq\Stock
YGMZ,FULL,0,Nasdaq\Stock
YHGJ,FULL,0,Nasdaq\Stock
YI,FULL,0,Nasdaq\Stock
YIBO,FULL,0,Nasdaq\Stock
YJ,FULL,0,Nasdaq\Stock
YMAB,FULL,0,Nasdaq\Stock
YMM,FULL,0,Nasdaq\Stock
YNDX,FULL,0,Nasdaq\Stock
YORW,FULL,0,Nasdaq\Stock
YOSH,FULL,0,Nasdaq\Stock
YOTA,FULL,0,Nasdaq\Stock
YOU,FULL,0,Nasdaq\Stock
YPF,FULL,0,Nasdaq\Stock
YQ,FULL,0,Nasdaq\Stock
YRD,FULL,0,Nasdaq\Stock
YSG,FULL,0,Nasdaq\Stock
YTRA,FULL,0,Nasdaq\Stock
YUM,FULL,0,Nasdaq\Stock
YUMC,FULL,0,Nasdaq\Stock
YXT,FULL,0,Nasdaq\Stock
YY,FULL,0,Nasdaq\Stock
YYAI,FULL,0,Nasdaq\Stock
YYGH,FULL,0,Nasdaq\Stock
Z,FULL,0,Nasdaq\Stock
ZAPP,FULL,0,Nasdaq\Stock
ZBAO,FULL,0,Nasdaq\Stock
ZBH,FULL,0,Nasdaq\Stock
ZBRA,FULL,0,Nasdaq\Stock
ZCAR,FULL,0,Nasdaq\Stock
ZCMD,FULL,0,Nasdaq\Stock
ZD,FULL,0,Nasdaq\Stock
ZDGE,FULL,0,Nasdaq\Stock
ZENV,FULL,0,Nasdaq\Stock
ZEO,FULL,0,Nasdaq\Stock
ZEPP,FULL,0,Nasdaq\Stock
ZETA,FULL,0,Nasdaq\Stock
ZEUS,FULL,0,Nasdaq\Stock
ZG,FULL,0,Nasdaq\Stock
ZGN,FULL,0,Nasdaq\Stock
ZH,FULL,0,Nasdaq\Stock
ZI,FULL,0,Nasdaq\Stock
ZIM,FULL,0,Nasdaq\Stock
ZIMV,FULL,0,Nasdaq\Stock
ZION,FULL,0,Nasdaq\Stock
ZIONO,FULL,0,Nasdaq\Stock
ZIONP,FULL,0,Nasdaq\Stock
ZIP,FULL,0,Nasdaq\Stock
ZJYL,FULL,0,Nasdaq\Stock
ZK,FULL,0,Nasdaq\Stock
ZKH,FULL,0,Nasdaq\Stock
ZKIN,FULL,0,Nasdaq\Stock
ZLAB,FULL,0,Nasdaq\Stock
ZM,FULL,0,Nasdaq\Stock
ZNTL,FULL,0,Nasdaq\Stock
ZOM,FULL,0,Nasdaq\Stock
ZONE,FULL,0,Nasdaq\Stock
ZOOZ,FULL,0,Nasdaq\Stock
ZPTA,FULL,0,Nasdaq\Stock
ZS,FULL,0,Nasdaq\Stock
ZTEK,FULL,0,Nasdaq\Stock
ZTO,FULL,0,Nasdaq\Stock
ZTR,FULL,0,Nasdaq\Stock
ZTS,FULL,0,Nasdaq\Stock
ZIG,FULL,0,Nasdaq\ETF
ZIVB,FULL,0,Nasdaq\ETF
ZJUL,FULL,0,Nasdaq\ETF
ZROZ,FULL,0,Nasdaq\ETF
ZSB,FULL,0,Nasdaq\ETF
ZSC,FULL,0,Nasdaq\ETF
ZUMZ,FULL,0,Nasdaq\Stock
ZUO,FULL,0,Nasdaq\Stock
ZURA,FULL,0,Nasdaq\Stock
ZVIA,FULL,0,Nasdaq\Stock
ZVRA,FULL,0,Nasdaq\Stock
ZVSA,FULL,0,Nasdaq\Stock
ZWS,FULL,0,Nasdaq\Stock
ZSL,FULL,0,Nasdaq\ETF
ZTAX,FULL,0,Nasdaq\ETF
ZTEN,FULL,0,Nasdaq\ETF
ZTRE,FULL,0,Nasdaq\ETF
ZTWO,FULL,0,Nasdaq\ETF
ZZZ,FULL,0,Nasdaq\ETF
ZYME,FULL,0,Nasdaq\Stock
ZYXI,FULL,0,Nasdaq\Stock
